INSERT INTO fleet_traffic_fines.fines (
    fine_uin,
    license_plate,
    registration_certificate,
    inn,
    kpp,
    updated_at,
    status,
    number_of_photos,
    payment_details,
    issued_by,
    issued_at,
    offense_at,
    discount_until,
    collection_at,
    amount,
    paid_amount,
    fiscal_status,
    offense_address,
    article,
    loaded_at,
    payment,
    discount_amount
) VALUES (
    'FINE_UIN_01',
    'CARNUMBER01',
    'CARSTS01',
    NULL,
    NULL,
    '2022-01-01T12:00:00+03:00',
    'paid',
    0,
    '{
        "BIK": "010407105",
        "INN": "2466050868",
        "KBK": "18811601121010001140",
        "KPP": "246601001",
        "Bank": 
            "ОТДЕЛЕНИЕ КРАСНОЯРСК БАНКА РОССИИ//УФК по Красноярскому краю г. Красноярск",
        "Name": 
            "УФК по Красноярскому краю (ГУ МВД России по Красноярскому краю)(ЦАФАП ОДД ГИБДД ГУ МВД России по Красноярскому краю)",
        "OKTMO": "04701000",
        "CorrAccount": "40102810245370000011",
        "PaymentName": 
            "УФК по Красноярскому краю (ГУ МВД России по Красноярскому краю)",
        "AccountNumber": "03100643000000011900"
    }',
    'УФК по Красноярскому краю '
    '(ГУ МВД России по Красноярскому краю)'
    '(ЦАФАП ОДД ГИБДД ГУ МВД России по Красноярскому краю)',
    '2022-01-01T12:00:00+03:00',
    NULL,
    '2022-01-01T00:00:00+00:00',
    '2022-01-01T00:00:00+00:00',
    '500.0000',
    '0.0000',
    'Возбуждено ИП',
    'А Д ОБХОД Г. КРАСНОЯРСКА',
    'ПРЕВЫШЕНИЕ УСТАНОВЛЕННОЙ СКОРОСТИ ДВИЖЕНИЯ ТРАНСПОРТНОГО '
    'СРЕДСТВА НА ВЕЛИЧИНУ БОЛЕЕ 20, НО НЕ БОЛЕЕ 40 КМ/Ч',
    '2022-01-01T12:00:00+03:00',
    '300.0000',
    '300.0000'
), (
    'FINE_UIN_02',
    'CARNUMBER02',
    'CARSTS02',
    NULL,
    NULL,
    '2022-01-01T00:00:00+00:00',
    'issued',
    0,
    '{
        "BIK": "010407105",
        "INN": "2466050868",
        "KBK": "18811601121010001140",
        "KPP": "246601001",
        "Bank": 
            "ОТДЕЛЕНИЕ КРАСНОЯРСК БАНКА РОССИИ//УФК по Красноярскому краю г. Красноярск",
        "Name": 
            "УФК по Красноярскому краю (ГУ МВД России по Красноярскому краю)(ЦАФАП ОДД ГИБДД ГУ МВД России по Красноярскому краю)",
        "OKTMO": "04701000",
        "CorrAccount": "40102810245370000011",
        "PaymentName": 
            "УФК по Красноярскому краю (ГУ МВД России по Красноярскому краю)",
        "AccountNumber": "03100643000000011900"
    }',
    'УФК по Красноярскому краю '
    '(ГУ МВД России по Красноярскому краю)'
    '(ЦАФАП ОДД ГИБДД ГУ МВД России по Красноярскому краю)',
    '2022-01-01T12:00:00+03:00',
    NULL,
    '2022-01-01T00:00:00+00:00',
    '2022-01-01T00:00:00+00:00',
    '500.0000',
    '0.0000',
    'Возбуждено ИП',
    'А Д ОБХОД Г. КРАСНОЯРСКА',
    'ПРЕВЫШЕНИЕ УСТАНОВЛЕННОЙ СКОРОСТИ ДВИЖЕНИЯ ТРАНСПОРТНОГО '
    'СРЕДСТВА НА ВЕЛИЧИНУ БОЛЕЕ 20, НО НЕ БОЛЕЕ 40 КМ/Ч',
    '2021-12-31T00:00:00+00:00',
    '500.0000',
    '250.0000'
), (
    'FINE_UIN_03',
    NULL,
    NULL,
    '1234567890_PD',
    NULL,
    '2022-01-01T12:00:00+03:00',
    'issued',
    0,
    '{
        "BIK": "010407105",
        "INN": "2466050868",
        "KBK": "18811601121010001140",
        "KPP": "246601001",
        "Bank": 
            "ОТДЕЛЕНИЕ КРАСНОЯРСК БАНКА РОССИИ//УФК по Красноярскому краю г. Красноярск",
        "Name": 
            "УФК по Красноярскому краю (ГУ МВД России по Красноярскому краю)(ЦАФАП ОДД ГИБДД ГУ МВД России по Красноярскому краю)",
        "OKTMO": "04701000",
        "CorrAccount": "40102810245370000011",
        "PaymentName": 
            "УФК по Красноярскому краю (ГУ МВД России по Красноярскому краю)",
        "AccountNumber": "03100643000000011900"
    }',
    'УФК по Красноярскому краю '
    '(ГУ МВД России по Красноярскому краю)'
    '(ЦАФАП ОДД ГИБДД ГУ МВД России по Красноярскому краю)',
    '2022-01-01T12:00:00+03:00',
    NULL,
    '2022-01-01T00:00:00+00:00',
    '2022-01-01T00:00:00+00:00',
    '5500.0000',
    '0.0000',
    'Возбуждено ИП',
    'А Д ОБХОД Г. КРАСНОЯРСКА',
    'ПРЕВЫШЕНИЕ УСТАНОВЛЕННОЙ СКОРОСТИ ДВИЖЕНИЯ ТРАНСПОРТНОГО '
    'СРЕДСТВА НА ВЕЛИЧИНУ БОЛЕЕ 60 КМ/Ч',
    '2022-01-01T12:00:00+03:00',
    '2750.0000',
    '2750.0000'
), (
    'FINE_UIN_04',
    'CARNUMBER04',
    'CARSTS04',
    '1234567890_PD',
    NULL,
    '2022-01-01T12:00:00+03:00',
    'issued',
    0,
    '{
        "BIK": "010407105",
        "INN": "2466050868",
        "KBK": "18811601121010001140",
        "KPP": "246601001",
        "Bank": 
            "ОТДЕЛЕНИЕ КРАСНОЯРСК БАНКА РОССИИ//УФК по Красноярскому краю г. Красноярск",
        "Name": 
            "УФК по Красноярскому краю (ГУ МВД России по Красноярскому краю)(ЦАФАП ОДД ГИБДД ГУ МВД России по Красноярскому краю)",
        "OKTMO": "04701000",
        "CorrAccount": "40102810245370000011",
        "PaymentName": 
            "УФК по Красноярскому краю (ГУ МВД России по Красноярскому краю)",
        "AccountNumber": "03100643000000011900"
    }',
    'УФК по Красноярскому краю '
    '(ГУ МВД России по Красноярскому краю)'
    '(ЦАФАП ОДД ГИБДД ГУ МВД России по Красноярскому краю)',
    '2022-01-01T12:00:00+03:00',
    NULL,
    '2022-01-01T00:00:00+00:00',
    '2022-01-01T00:00:00+00:00',
    '1500.0000',
    '0.0000',
    'Возбуждено ИП',
    'А Д ОБХОД Г. КРАСНОЯРСКА',
    'ПРЕВЫШЕНИЕ УСТАНОВЛЕННОЙ СКОРОСТИ ДВИЖЕНИЯ ТРАНСПОРТНОГО '
    'СРЕДСТВА НА ВЕЛИЧИНУ БОЛЕЕ 40, НО НЕ БОЛЕЕ 60 КМ/Ч',
    '2021-12-31T00:00:00+00:00',
    '750.0000',
    '750.0000'
), (
    'FINE_UIN_05',
    NULL,
    NULL,
    '0001110001_PD',
    NULL,
    '2022-01-01T12:00:00+03:00',
    'issued',
    0,
    '{
        "BIK": "010407105",
        "INN": "2466050868",
        "KBK": "18811601121010001140",
        "KPP": "246601001",
        "Bank": 
            "ОТДЕЛЕНИЕ КРАСНОЯРСК БАНКА РОССИИ//УФК по Красноярскому краю г. Красноярск",
        "Name": 
            "УФК по Красноярскому краю (ГУ МВД России по Красноярскому краю)(ЦАФАП ОДД ГИБДД ГУ МВД России по Красноярскому краю)",
        "OKTMO": "04701000",
        "CorrAccount": "40102810245370000011",
        "PaymentName": 
            "УФК по Красноярскому краю (ГУ МВД России по Красноярскому краю)",
        "AccountNumber": "03100643000000011900"
    }',
    'УФК по Красноярскому краю '
    '(ГУ МВД России по Красноярскому краю)'
    '(ЦАФАП ОДД ГИБДД ГУ МВД России по Красноярскому краю)',
    '2022-01-01T12:00:00+03:00',
    NULL,
    '2022-01-01T00:00:00+00:00',
    '2022-01-01T00:00:00+00:00',
    '1500.0000',
    '0.0000',
    'Возбуждено ИП',
    'А Д ОБХОД Г. КРАСНОЯРСКА',
    'ПРЕВЫШЕНИЕ УСТАНОВЛЕННОЙ СКОРОСТИ ДВИЖЕНИЯ ТРАНСПОРТНОГО '
    'СРЕДСТВА НА ВЕЛИЧИНУ БОЛЕЕ 40, НО НЕ БОЛЕЕ 60 КМ/Ч',
    '2021-12-31T00:00:00+00:00',
    '1500.0000',
    '0.0000'
), (
    'FINE_UIN_06',
    'CARNUMBER01',
    'CARSTS01',
    NULL,
    NULL,
    '2022-01-01T12:00:00+03:00',
    'overdue',
    0,
    '{
        "BIK": "010407105",
        "INN": "2466050868",
        "KBK": "18811601121010001140",
        "KPP": "246601001",
        "Bank": 
            "ОТДЕЛЕНИЕ КРАСНОЯРСК БАНКА РОССИИ//УФК по Красноярскому краю г. Красноярск",
        "Name": 
            "УФК по Красноярскому краю (ГУ МВД России по Красноярскому краю)(ЦАФАП ОДД ГИБДД ГУ МВД России по Красноярскому краю)",
        "OKTMO": "04701000",
        "CorrAccount": "40102810245370000011",
        "PaymentName": 
            "УФК по Красноярскому краю (ГУ МВД России по Красноярскому краю)",
        "AccountNumber": "03100643000000011900"
    }',
    'УФК по Красноярскому краю '
    '(ГУ МВД России по Красноярскому краю)'
    '(ЦАФАП ОДД ГИБДД ГУ МВД России по Красноярскому краю)',
    '2022-01-01T00:00:00+00:00',
    NULL,
    '2022-01-01T00:00:00+00:00',
    '2022-01-01T00:00:00+00:00',
    '500.0000',
    '0.0000',
    'Возбуждено ИП',
    'А Д ОБХОД Г. КРАСНОЯРСКА',
    'ПРЕВЫШЕНИЕ УСТАНОВЛЕННОЙ СКОРОСТИ ДВИЖЕНИЯ ТРАНСПОРТНОГО '
    'СРЕДСТВА НА ВЕЛИЧИНУ БОЛЕЕ 20, НО НЕ БОЛЕЕ 40 КМ/Ч',
    '2022-01-01T12:00:00+03:00',
    '500',
    '0.0000'
);

INSERT INTO fleet_traffic_fines.park_fines (
    fine_uin,
    car_id,
    park_id,
    status,
    issued_at,
    was_loaded_bank_client,
    loaded_at,
    contractor_id
) VALUES (
    'FINE_UIN_01',
    'CAR_ID_01',
    'PARK-ID-01',
    'paid',
    '2022-01-01T00:00:00+00:00',
    True,
    '2022-01-01T00:00:00+00:00',
    'CONTRACTOR-ID-01'
), (
    'FINE_UIN_02',
    'CAR_ID_02',
    'PARK-ID-01',
    'issued',
    '2021-12-31T00:00:00+00:00',
    False,
    '2021-12-31T00:00:00+00:00',
    NULL
), (
    'FINE_UIN_03',
    NULL,
    'PARK-ID-03',
    'issued',
    '2021-12-31T00:00:00+00:00',
    False,
    '2021-12-31T00:00:00+00:00',
    NULL
), (
    'FINE_UIN_04',
    NULL,
    'PARK-ID-03',
    'issued',
    '2021-12-31T00:00:00+00:00',
    False,
    '2021-12-31T00:00:00+00:00',
    NULL
), (
    'FINE_UIN_04',
    NULL,
    'PARK-ID-INACTIVE',
    'issued',
    '2021-12-31T00:00:00+00:00',
    False,
    '2021-12-31T00:00:00+00:00',
    NULL
), (
    'FINE_UIN_04',
    NULL,
    'PARK-ID-PREVIOUS_INACTIVE',
    'issued',
    '2021-12-31T00:00:00+00:00',
    False,
    '2021-12-31T00:00:00+00:00',
    NULL
), (
    'FINE_UIN_06',
    'CAR_ID_01',
    'PARK-ID-10',
    'overdue',
    '2022-01-01T00:00:00+00:00',
    False,
    '2021-12-31T00:00:00+00:00',
    NULL
);

INSERT INTO fleet_traffic_fines.fines_contractors(
    fine_uin,
    park_id,
    contractor_id,
    confidence
) VALUES (
    'FINE_UIN_01',
    'PARK-ID-01',
    'CONTRACTOR-ID-01',
    1.0
), (
    'FINE_UIN_02',
    'PARK-ID-01',
    'CONTRACTOR-ID-99',
    0.5
),  (
    'FINE_UIN_02',
    'PARK-ID-01',
    'CONTRACTOR-ID-999',
    0.5
),  (
    'FINE_UIN_03',
    NULL,
    NULL,
    NULL
);

INSERT INTO fleet_traffic_fines.park_company (
    id,
    park_id,
    inn,
    kpp,
    title,
    is_deleted,
    is_active,
    updated_at,
    updated_by
) VALUES (
    '1',
    'PARK-ID-03',
    '1234567890_PD',
    '',
    'Some Name',
    False,
    True,
    '2021-12-31T00:00:00+00:00',
    'ADMIN'
), (
    '2',
    'PARK-ID-07',
    '444455556666_PD',
    '',
    'Some Name',
    False,
    True,
    '2021-12-31T00:00:00+00:00',
    'ADMIN'
), (
    '3',
    'PARK-ID-06',
    '444455556666_PD',
    '',
    'Some Name',
    False,
    True,
    '2021-12-31T00:00:00+00:00',
    'ADMIN'
), (
    '4',
    'PARK-ID-06',
    '001234567890_PD',
    '123123123_PD',
    'Some Name',
    False,
    True,
    '2021-12-31T00:00:00+00:00',
    'ADMIN'
), (
    '5',
    'PARK-ID-06',
    '123456789000_PD',
    '',
    'Title',
    False,
    False,
    '2021-12-31T12:00:00+00:00',
    'ADMIN'
), (
    '6',
    'PARK-ID-03',
    '0001110001_PD',
    '',
    'Some Name',
    TRUE,
    True,
    '2021-12-31T12:00:00+00:00',
    'ADMIN'
);

INSERT INTO fleet_traffic_fines.park_params (
    park_id, 
    status
) VALUES (
    'PARK-ID-INACTIVE',
    'inactive'
), (
    'PARK-ID-01',
    'active'
);
