INSERT INTO scooter_accumulator.cabinets (
    cabinet_id,
    depot_id,
    updated_at
) VALUES
(
    'cabinet_id1',
    'depot_id1',
    NOW()
),
(
    'cabinet_id11',
    'depot_id1',
    NOW()
),
(
    'cabinet_id2',
    'depot_id1',
    NOW()
),
(
    'cabinet_id3',
    'depot_id2',
    NOW()
),
(
    'cabinet_id4',
    'depot_id3',
    NOW()
);

INSERT INTO scooter_accumulator.accumulators (
    accumulator_id,
    serial_number,
    contractor_id,
    cabinet_id,
    scooter_id,
    charge,
    updated_at,
    created_at
) VALUES
(
    'accum_id1',
    'serial_number1',
    NULL,
    'cabinet_id1',
    NULL,
    90,
    '2019-12-17T07:38:54',
    '2019-12-17T07:38:54'
),
(
    'accum_id2',
    'serial_number2',
    NULL,
    'cabinet_id2',
    NULL,
    80,
    '2019-12-17T07:38:55',
    '2019-12-17T07:38:55'
),
(
    'accum_id3',
    'serial_number3',
    'contractor_id2',
    NULL,
    NULL,
    72,
    '2019-12-17T07:38:56',
    '2019-12-17T07:38:56'
),
(
    'accum_id4',
    'serial_number4',
    NULL,
    'cabinet_id2',
    NULL,
    75,
    '2019-12-17T07:38:55',
    '2019-12-17T07:38:55'
),
(
    'accum_id5',
    'serial_number5',
    'contractor_id1',
    NULL,
    NULL,
    70,
    '2019-12-17T07:38:56',
    '2019-12-17T07:38:56'
),
(
    'accum_id6',
    'serial_number6',
    'contractor_id1',
    NULL,
    NULL,
    60,
    '2019-12-17T07:38:57',
    '2019-12-17T07:38:57'
),
(
    'accum_id7',
    'serial_number7',
    NULL,
    'cabinet_id3',
    NULL,
    50,
    '2019-12-17T07:38:57',
    '2019-12-17T07:38:57'
),
(
    'accum_id8',
    'serial_number8',
    NULL,
    'cabinet_id4',
    NULL,
    40,
    '2019-12-17T07:38:58',
    '2019-12-17T07:38:58'
),
(
    'accum_id9',
    'serial_number9',
    NULL,
    NULL,
    'scooter_id1',
    30,
    '2019-12-17T07:38:58',
    '2019-12-17T07:38:58'
),
(
    'accum_id10',
    'serial_number10',
    NULL,
    'cabinet_id11',
    NULL,
    30,
    '2019-12-17T07:38:58',
    '2019-12-17T07:38:58'
),
(
    'accum_id11',
    'serial_number11',
    NULL,
    NULL,
    'scooter_id1',
    30,
    '2019-12-17T07:38:58',
    '2019-12-17T07:38:58'
);

INSERT INTO scooter_accumulator.cells (
    cell_id,
    cabinet_id,
    accumulator_id,
    is_open,
    booked_by,
    updated_at
) VALUES
(
    'cell_id1',
    'cabinet_id1',
    'accum_id1',
    False,
    'booking_id1',
    NOW()
),
(
    'cell_id2',
    'cabinet_id1',
    NULL,
    False,
    'booking_id2',
    NOW()
),
(
    'cell_id3',
    'cabinet_id2',
    'accum_id2',
    False,
    'booking_id3',
    NOW()
),
(
    'cell_id6',
    'cabinet_id2',
    'accum_id4',
    False,
    'booking_id4',
    NOW()
),
(
    'cell_id4',
    'cabinet_id3',
    'accum_id7',
    False,
    'booking_id5',
    NOW()
),
(
    'cell_id5',
    'cabinet_id4',
    'accum_id8',
    False,
    'booking_id6',
    NOW()
),
(
    'cell_id1',
    'cabinet_id11',
    'accum_id10',
    False,
    'booking_id7',
    NOW()
);

INSERT INTO scooter_accumulator.bookings (
    booking_id,
    contractor_id,
    cabinet_id,
    cells_count,
    cell_id,
    accumulator_id,
    booking_status,
    created_at,
    updated_at
) VALUES
(
    'booking_id1',
    'pintuha',
    'cabinet_id1',
    '1',
    'cell_id1',
    'accum_id1',
    'CREATED',
    NOW(),
    NOW()
),
(
    'booking_id2',
    'pintuha',
    'cabinet_id1',
    '1',
    'cell_id2',
    NULL,
    'CREATED',
    NOW(),
    NOW()
),
(
    'booking_id3',
    'pintuha',
    'cabinet_id2',
    '1',
    'cell_id3',
    'accum_id2',
    'IN_PROCESS',
    NOW(),
    NOW()
),
(
    'booking_id4',
    'pintuha',
    'cabinet_id2',
    '1',
    'cell_id6',
    'accum_id4',
    'CREATED',
    NOW(),
    NOW()
),
(
    'booking_id5',
    'pintuha',
    'cabinet_id3',
    '1',
    'cell_id4',
    'accum_id7',
    'CREATED',
    NOW(),
    NOW()
),
(
    'booking_id6',
    'pintuha',
    'cabinet_id4',
    '1',
    'cell_id5',
    'accum_id8',
    'CREATED',
    NOW(),
    NOW()
),
(
    'booking_id7',
    'pintuha',
    'cabinet_id11',
    '1',
    'cell_id1',
    'accum_id10',
    'CREATED',
    NOW(),
    NOW()
),
(
    'booking_id8',
    'pintuha',
    'cabinet_id1',
    '1',
    'cell_id1',
    'accum_id1',
    'VALIDATED',
    NOW(),
    NOW()
),
(
    'booking_id9',
    'pintuha',
    'cabinet_id1',
    '1',
    'cell_id2',
    NULL,
    'PROCESSED',
    NOW(),
    NOW()
);
