ALTER SEQUENCE alias_sequence RESTART WITH 3000000;

INSERT INTO eats_tips_partners.role (slug, title)
VALUES
('recipient', 'recipient'),
('admin', 'admin'),
('unknown', 'unknown role')
;


INSERT INTO eats_tips_partners.alias (alias, type)
VALUES
('0000100', NULL),
('0000120', 'place_partner'),
('0000130', NULL),
('0000140', NULL),
('0000150', NULL),
('0000160', NULL),
('0000170', NULL),
('0000180', NULL),
('0000190', NULL),
('0000200', NULL),
('0000210', NULL),
('0000220', NULL),
('0000230', NULL),
('0000240', 'partner'),
('0000250', 'place_partner'),
('0000270', 'partner'),
('0000280', 'partner'),
('0001000', NULL),
('0001010', NULL),
('0001020', 'place'),
('0001030', NULL),
('0001040', NULL),
('0001050', NULL),
('0001060', 'place'),
('0001070', 'place'),
('0001080', 'place'),
('0001090', 'place'),
('0001100', 'place'),
('0007000', 'partner'),
('0008000', 'partner')
;

INSERT INTO eats_tips_partners.alias (alias, type, migrated)
VALUES
('0000110', 'partner', true)
;

INSERT INTO eats_tips_partners.alias (alias, type, deleted_at)
VALUES
('0000260', 'partner', NOW())
;


INSERT INTO eats_tips_partners.partner (id, alias, b2p_id, mysql_id, phone_id, deleted_at)
VALUES
('00000000-0000-0000-0000-000000000010', '0000100', '10', '10', NULL, NULL),
('00000000-0000-0000-0000-000000000011', '0000110', '11', '11', NULL, NULL),
('00000000-0000-0000-0000-000000000012', '0000120', '12', '12', NULL, NULL),
('00000000-0000-0000-0000-000000000013', '0000130', '13', '13', NULL, NULL),
('00000000-0000-0000-0000-000000000014', '0000140', '14', '14', NULL, NULL),
('00000000-0000-0000-0000-000000000015', '0000150', '15', '15', NULL, NULL),
('00000000-0000-0000-0000-000000000016', '0000160', '16', '16', NULL, NULL),
('00000000-0000-0000-0000-000000000017', '0000170', '17', '17', NULL, NULL),
('00000000-0000-0000-0000-000000000018', '0000180', '18', '18', NULL, NULL),
('00000000-0000-0000-0000-000000000019', '0000190', '19', '19', NULL, NULL),
('00000000-0000-0000-0000-000000000020', '0000200', '20', NULL, NULL, NULL),
('00000000-0000-0000-0000-000000000021', '0000210', '21', NULL, NULL, NULL),
('00000000-0000-0000-0000-000000000022', '0000220', '22', '22', NULL, NULL),
('00000000-0000-0000-0000-000000000023', '0000230', '23', '23', NULL, NULL),
('00000000-0000-0000-0000-000000000024', '0000240', '24', '24', NULL, NOW()),
('00000000-0000-0000-0000-000000000026', '0000260', '26', '26', NULL, NULL),
('00000000-0000-0000-0000-000000000027', '0000270', '27', '27', 'phone_id_27', NULL),
('00000000-0000-0000-0000-000000000028', '0000280', '28', '28', NULL, NULL),
('00000000-0000-0000-0000-000000000100', NULL, '100', '100', NULL, NULL),
('00000000-0000-0000-0000-000000000101', NULL, '101', '101', NULL, NULL),
('00000000-0000-0000-0000-000000000102', NULL, '102', '102', NULL, NULL),
('00000000-0000-0000-0000-000000000103', NULL, '103', '103', NULL, NULL),
('00000000-0000-0000-0000-000000000104', NULL, '104', '104', NULL, NULL),
('00000000-0000-0000-0000-000000000105', NULL, '105', '105', NULL, NULL),
('00000000-0000-0000-0000-000000000106', NULL, '106', '106', NULL, NULL),
('00000000-0000-0000-0000-000000000107', NULL, '107', '107', NULL, NULL),
('00000000-0000-0000-0000-000000000108', NULL, '108', '108', NULL, NULL),
('00000000-0000-0000-0000-000000000700', '0007000', '700', '700', NULL, NULL),
('00000000-0000-0000-0000-000000000800', '0008000', '800', '800', NULL, NULL)
;

INSERT INTO eats_tips_partners.brand (id, slug)
VALUES
('99999999-0000-0000-0000-000000000001', 'shoko')
;


INSERT INTO eats_tips_partners.place (id, alias, mysql_id, deleted_at, brand_id)
VALUES
('10000000-0000-0000-0000-000000000100', '0001000', '100', null, '99999999-0000-0000-0000-000000000001'),
('10000000-0000-0000-0000-000000000101', '0001010', '101', NOW(), null),
('10000000-0000-0000-0000-000000000102', '0001020', '102', null, null),
('10000000-0000-0000-0000-000000000103', '0001030', '103', null, null),
('10000000-0000-0000-0000-000000000104', '0001040', '104', null, null),
('10000000-0000-0000-0000-000000000105', '0001050', '105', null, null),
('10000000-0000-0000-0000-000000000106', '0001060', '106', null, null),
('10000000-0000-0000-0000-000000000107', '0001070', '107', null, null),
('10000000-0000-0000-0000-000000000108', '0001080', '108', null, null),
('10000000-0000-0000-0000-000000000109', '0001090', '109', null, null),
('10000000-0000-0000-0000-000000000110', '0001100', '110', null, null)
;


INSERT INTO eats_tips_partners.places_partners (place_id, partner_id, alias, roles, confirmed, show_in_menu, deleted_at)
VALUES
('10000000-0000-0000-0000-000000000100', '00000000-0000-0000-0000-000000000100', NULL, '{admin}', true, false, null),

('10000000-0000-0000-0000-000000000100', '00000000-0000-0000-0000-000000000010', '0000100', '{recipient}', true, true, null),

('10000000-0000-0000-0000-000000000100', '00000000-0000-0000-0000-000000000011', '0000110', '{recipient}', true, false, null),
('10000000-0000-0000-0000-000000000100', '00000000-0000-0000-0000-000000000012', '0000120', '{recipient}', false, true, null),
('10000000-0000-0000-0000-000000000100', '00000000-0000-0000-0000-000000000013', '0000130', '{recipient}', false, false, null),
('10000000-0000-0000-0000-000000000100', '00000000-0000-0000-0000-000000000014', '0000140', '{recipient}', false, false, NOW()),
('10000000-0000-0000-0000-000000000100', '00000000-0000-0000-0000-000000000015', '0000150', '{recipient}', true, false, null),
('10000000-0000-0000-0000-000000000100', '00000000-0000-0000-0000-000000000016', '0000160', '{recipient}', true, false, null),
('10000000-0000-0000-0000-000000000100', '00000000-0000-0000-0000-000000000020', '0000200', '{recipient}', true, false, null),
('10000000-0000-0000-0000-000000000100', '00000000-0000-0000-0000-000000000021', '0000210', '{recipient}', true, false, null),
('10000000-0000-0000-0000-000000000100', '00000000-0000-0000-0000-000000000022', '0000220', '{recipient}', true, false, null),
('10000000-0000-0000-0000-000000000101', '00000000-0000-0000-0000-000000000010', '0000100', '{recipient}', true, false, null),
('10000000-0000-0000-0000-000000000102', '00000000-0000-0000-0000-000000000102', NULL, '{admin}', true, false, null),
('10000000-0000-0000-0000-000000000103', '00000000-0000-0000-0000-000000000103', NULL, '{admin}', false, true, NOW()),
('10000000-0000-0000-0000-000000000104', '00000000-0000-0000-0000-000000000104', NULL, '{admin}', false, true, null),
('10000000-0000-0000-0000-000000000105', '00000000-0000-0000-0000-000000000105', NULL, '{admin}', false, true, null),
('10000000-0000-0000-0000-000000000104', '00000000-0000-0000-0000-000000000018', '0000180', '{recipient}', true, false, null),
('10000000-0000-0000-0000-000000000105', '00000000-0000-0000-0000-000000000018', '0000180', '{recipient}', false, true, null),
('10000000-0000-0000-0000-000000000106', '00000000-0000-0000-0000-000000000106', '0001060', '{recipient, admin}', false, true, null),
('10000000-0000-0000-0000-000000000106', '00000000-0000-0000-0000-000000000010', '0000100', '{recipient}', true, false, null),
('10000000-0000-0000-0000-000000000106', '00000000-0000-0000-0000-000000000018', '0000180', '{admin, unknown}', true, false, null),
('10000000-0000-0000-0000-000000000107', '00000000-0000-0000-0000-000000000107', NULL, '{admin}', false, true, null),
('10000000-0000-0000-0000-000000000107', '00000000-0000-0000-0000-000000000010', '0000250', '{recipient}', true, true, NOW()),
('10000000-0000-0000-0000-000000000108', '00000000-0000-0000-0000-000000000028', '0000280', '{recipient}', true, true, null),
('10000000-0000-0000-0000-000000000110', '00000000-0000-0000-0000-000000000027', '0000270', '{recipient}', true, true, null),
('10000000-0000-0000-0000-000000000108', '00000000-0000-0000-0000-000000000700', NULL, '{admin}', true, true, null),
('10000000-0000-0000-0000-000000000109', '00000000-0000-0000-0000-000000000700', NULL, '{admin}', true, true, null),
('10000000-0000-0000-0000-000000000110', '00000000-0000-0000-0000-000000000700', NULL, '{admin}', true, true, null),
('10000000-0000-0000-0000-000000000100', '00000000-0000-0000-0000-000000000700', NULL, '{admin}', true, true, null)
;


INSERT INTO eats_tips_partners.place_invitation (id, place_id, phone_id, status, partner_id, role, created_at)
VALUES
('21112f1d-4d9b-4aac-80b2-2a037453a4c0', '10000000-0000-0000-0000-000000000109', 'phone_id_27', 'declined_by_partner', '00000000-0000-0000-0000-000000000027', 'admin', '2021-09-16T18:53:04+03:00'),
('21112f1d-4d9b-4aac-80b2-2a037453a4c1', '10000000-0000-0000-0000-000000000109', 'phone_id_27', 'expired', '00000000-0000-0000-0000-000000000027', 'admin', '2021-09-16T18:53:04+03:00'),
('21112f1d-4d9b-4aac-80b2-2a037453a4c2', '10000000-0000-0000-0000-000000000109', 'phone_id_27', 'invited', '00000000-0000-0000-0000-000000000027', 'recipient', '2021-09-16T18:53:04+03:00'),
('21112f1d-4d9b-4aac-80b2-2a037453a4c3', '10000000-0000-0000-0000-000000000109', 'other_phone_id', 'invited', NULL, 'recipient', '2021-09-16T18:53:04+03:00'),
('21112f1d-4d9b-4aac-80b2-2a037453a4c4', '10000000-0000-0000-0000-000000000109', 'awesome_phone_id', 'invited', NULL, 'recipient', '2021-09-16T18:53:04+03:00'),
('21112f1d-4d9b-4aac-80b2-2a037453a4c5', '10000000-0000-0000-0000-000000000109', 'awesome_phone_id', 'declined_by_partner', NULL, 'recipient', '2021-09-16T18:53:04+03:00'),
('21112f1d-4d9b-4aac-80b2-2a037453a4c6', '10000000-0000-0000-0000-000000000108', 'awesome_phone_id', 'invited', NULL, 'recipient', '2021-09-16T18:53:04+03:00'),
('21112f1d-4d9b-4aac-80b2-2a037453a4c7', '10000000-0000-0000-0000-000000000108', 'awesome_phone_id', 'invited', NULL, 'admin', '2021-09-16T18:53:04+03:00'),
('21112f1d-4d9b-4aac-80b2-2a037453a4c8', '10000000-0000-0000-0000-000000000108', 'phone-id', 'invited', '00000000-0000-0000-0000-000000000028', 'recipient', '2021-09-16T18:53:04+03:00'),
('21112f1d-4d9b-4aac-80b2-2a037453a4c9', '10000000-0000-0000-0000-000000000106', 'phone-id', 'invited', '00000000-0000-0000-0000-000000000028', 'admin', '2021-09-16T18:53:04+03:00'),
('21112f1d-4d9b-4aac-80b2-2a037453a4ca', '10000000-0000-0000-0000-000000000106', 'phone-id', 'invited', '00000000-0000-0000-0000-000000000028', 'recipient', '2021-09-16T18:53:04+03:00'),
('21112f1d-4d9b-4aac-80b2-2a037453a4cb', '10000000-0000-0000-0000-000000000106', 'phone-id', 'declined_by_partner', '00000000-0000-0000-0000-000000000028', 'admin', '2021-09-16T18:53:04+03:00'),
('21112f1d-4d9b-4aac-80b2-2a037453a4cd', '10000000-0000-0000-0000-000000000106', 'phone_id_17', 'invited', '00000000-0000-0000-0000-000000000015', 'recipient', '2021-09-16T18:53:04+03:00'),
('21112f1d-4d9b-4aac-80b2-2a037453a4ce', '10000000-0000-0000-0000-000000000100', 'phone_id_14', 'invited', '00000000-0000-0000-0000-000000000014', 'recipient', '2021-09-16T18:53:04+03:00'),
('21112f1d-4d9b-4aac-80b2-2a037453a4cf', '10000000-0000-0000-0000-000000000102', 'some_other_phone_id', 'invited', '00000000-0000-0000-0000-000000000800', 'recipient', '2021-09-16T18:53:04+03:00')
;
