INSERT INTO common.unique_riders (unique_rider_id,unique_rider)VALUES
(1001,'100000000000000000000000'),
(1002,'200000000000000000000000'),
(1003,'300000000000000000000000'),
(1004,'400000000000000000000000'),
(1005,'500000000000000000000000'),
(1006,'600000000000000000000000');
INSERT INTO common.event_types (event_type)VALUES
('type-X'),('type-Y'),('type-Z');
INSERT INTO common.tariff_zones (tariff_zone)VALUES
('moscow'),('spb');

INSERT INTO events.queue_64 (unique_rider_id,event_type_id,tariff_zone_id,created,deadline,order_id)VALUES
(1001,1,1,'2000-01-01T00:00:00','2100-01-01T00:00:00',NULL),
(1001,1,1,'2000-01-01T00:00:01','2100-01-01T00:00:00',NULL),
(1001,1,1,'2000-01-01T00:00:02','2100-01-01T00:00:00',NULL),

(1002,1,1,'2000-01-01T00:00:00','2100-01-01T00:00:00',NULL),
(1002,1,1,'2000-01-01T00:00:01','2100-01-01T00:00:00',NULL),
(1002,1,1,'2000-01-01T00:00:02','2100-01-01T00:00:00',NULL),

(1003,1,1,'2000-01-01T00:00:00','2100-01-01T00:00:00',NULL),
(1003,1,1,'2000-01-01T00:00:01','2100-01-01T00:00:00',NULL),
(1003,1,1,'2000-01-01T00:00:02','2100-01-01T00:00:00',NULL),

(1004,1,1,'2000-01-01T00:00:00','2100-01-01T00:00:00',NULL),
(1004,1,1,'2000-01-01T00:00:01','2100-01-01T00:00:00',NULL),
(1004,1,1,'2000-01-01T00:00:02','2100-01-01T00:00:00',NULL),

(1005,1,1,'2000-01-01T00:00:00','2100-01-01T00:00:00',NULL),
(1005,1,1,'2000-01-01T00:00:01','2100-01-01T00:00:00',NULL),
(1005,1,1,'2000-01-01T00:00:02','2100-01-01T00:00:00',NULL),

(1006,1,1,'2000-01-01T00:00:00','2100-01-01T00:00:00',NULL),
(1006,1,1,'2000-01-01T00:00:01','2100-01-01T00:00:00',NULL),
(1006,1,1,'2000-01-01T00:00:02','2100-01-01T00:00:00',NULL);

INSERT INTO events.tokens (token,deadline)VALUES
('eid-1','2100-01-01T00:00:00'),
('eid-2','2100-01-01T00:00:00'),
('eid-3','2100-01-01T00:00:00'),
('eid-4','2100-01-01T00:00:00'),
('eid-5','2100-01-01T00:00:00'),
('eid-6','2100-01-01T00:00:00'),
('eid-7','2100-01-01T00:00:00'),
('eid-8','2100-01-01T00:00:00'),
('eid-9','2100-01-01T00:00:00');
