INSERT INTO eats_partners.roles (slug, title, id, created_at, updated_at, deleted_at)
VALUES ('ROLE_ADMIN', 'admin', 1, '2020-07-19 11:00:00', '2020-07-19 11:00:00', null),
       ('ROLE_LOL', 'lol', 2, '2020-07-19 11:00:00', '2020-07-19 11:00:00', null),
       ('ROLE_ASD', 'asd', 3, '2020-07-19 11:00:00', '2020-07-19 11:00:00', null);



INSERT INTO eats_partners.partners (partner_id, personal_email_id, timezone, country_code, is_fast_food,
                                    is_blocked, blocked_at, first_login_at, created_at, updated_at, partner_uuid)
VALUES (1, '111', 'Europe/Moscow', 'RU', false, false, null,
        '2019-07-19 11:12:39.933000', '2020-07-19 08:12:47.377382', '2021-07-19 08:12:47.377382', '1b9d70ef-d667-4c9c-9b20-c61209ea6332'),
       (2, '222', 'Europe/Moscow', 'KZ', true, true, '2021-05-05 11:00:00',
        '2019-07-19 11:12:39.933000+00', '2020-07-19 08:12:47.377382', '2021-07-19 08:12:47.377382', '1b9d70ef-d667-4c9c-9b20-c61209ea6333'),
       (3, '333', 'Europe/Moscow', 'RU', true, false, '2021-05-05 11:00:00',
        '2019-08-19 11:12:39.933000', '2020-07-19 08:12:47.377382', '2021-07-19 08:12:47.377382', '1b9d70ef-d667-4c9c-9b20-c61209ea6334'),
       (4, '444', 'Europe/Moscow', 'RU', true, false, '2021-05-05 11:00:00',
        '2019-09-19 11:12:39.933000', '2020-07-19 08:12:47.377382', '2021-07-19 08:12:47.377382', '1b9d70ef-d667-4c9c-9b20-c61209ea6335'),
       (5, '555', 'Europe/Moscow', 'KZ', false, true, '2021-05-05 11:00:00',
        '2019-10-19 11:12:39.933000', '2020-07-19 08:12:47.377382', '2021-07-19 08:12:47.377382', '1b9d70ef-d667-4c9c-9b20-c61209ea6336'),
       (6, '666', null, 'RU', false, false, '2021-05-05 11:00:00',
        '2019-11-19 11:12:39.933000', '2020-07-19 08:12:47.377382', '2021-07-19 08:12:47.377382', '1b9d70ef-d667-4c9c-9b20-c61209ea6337'),
       (7, '777', null, 'BY', false, false, '2021-05-05 11:00:00',
        '2019-12-19 11:12:39.933000', '2020-07-19 08:12:47.377382', '2021-07-19 08:12:47.377382', '1b9d70ef-d667-4c9c-9b20-c61209ea6338'),
       (8, '888', null, 'RU', true, true, '2021-05-05 11:00:00',
        '2020-07-19 11:12:39.933000', '2020-07-19 08:12:47.377382', '2021-07-19 08:12:47.377382', '1b9d70ef-d667-4c9c-9b20-c61209ea6339'),
       (9, '999', null, 'RU', true, false, '2021-05-05 11:00:00',
        '2021-07-19 11:12:39.933000', '2020-07-19 08:12:47.377382', '2021-07-19 08:12:47.377382', '1b9d70ef-d667-4c9c-9b20-c61209ea6331'),
       (10, '000', null, 'RU', false, false, '2021-05-05 11:00:00',
        '2021-07-19 11:12:39.933000', '2020-07-19 08:12:47.377382', '2021-07-19 08:12:47.377382', '1b9d70ef-d667-4c9c-9b20-c61209ea6330')
;

INSERT INTO eats_partners.partner_places (partner_id, place_id, created_at, deleted_at)
VALUES (1, 100, '2020-07-19 08:15:23.433401', NULL),
       (1, 101, '2020-07-19 08:15:23.433401', NULL),
       (1, 102, '2020-07-19 08:15:23.433401', NULL),
       (2, 201, '2020-07-19 08:32:10.038861', NULL),
       (2, 202, '2020-07-19 08:32:10.038861', NULL),
       (3, 301, '2020-07-19 08:32:10.038861', NULL),
       (3, 302, '2020-07-19 08:32:10.038861', NULL),
       (4, 401, '2020-07-19 08:32:10.038861', NULL),
       (5, 501, '2020-07-19 08:32:10.038861', NULL),
       (5, 502, '2020-07-19 08:32:10.038861', NULL),
       (6, 601, '2020-07-19 08:32:10.038861', NULL),
       (7, 701, '2020-07-19 08:32:10.038861', NULL),
       (8, 801, '2020-07-19 08:32:10.038861', NULL),
       (8, 802, '2020-07-19 08:32:10.038861', NULL),
       (9, 901, '2020-07-19 08:32:10.038861', NULL),
       (10, 1001, '2020-07-19 08:32:10.038861', NULL),
       (10, 100, '2020-07-19 08:15:23.433401', '2020-07-19 08:32:10.038861'),
       (10, 101, '2020-07-19 08:15:23.433401', '2020-07-19 08:32:10.038861'),
       (10, 102, '2020-07-19 08:15:23.433401', '2020-07-19 08:32:10.038861'),
       (10, 201, '2020-07-19 08:32:10.038861', '2020-07-19 08:32:10.038861'),
       (10, 202, '2020-07-19 08:32:10.038861', '2020-07-19 08:32:10.038861'),
       (10, 301, '2020-07-19 08:32:10.038861', '2020-07-19 08:32:10.038861'),
       (10, 302, '2020-07-19 08:32:10.038861', '2020-07-19 08:32:10.038861'),
       (10, 401, '2020-07-19 08:32:10.038861', '2020-07-19 08:32:10.038861'),
       (10, 501, '2020-07-19 08:32:10.038861', '2020-07-19 08:32:10.038861'),
       (10, 502, '2020-07-19 08:32:10.038861', '2020-07-19 08:32:10.038861'),
       (10, 601, '2020-07-19 08:32:10.038861', '2020-07-19 08:32:10.038861'),
       (10, 701, '2020-07-19 08:32:10.038861', '2020-07-19 08:32:10.038861'),
       (10, 801, '2020-07-19 08:32:10.038861', '2020-07-19 08:32:10.038861'),
       (10, 802, '2020-07-19 08:32:10.038861', '2020-07-19 08:32:10.038861'),
       (10, 901, '2020-07-19 08:32:10.038861', '2020-07-19 08:32:10.038861');

INSERT INTO eats_partners.partner_roles (partner_id, role_id, created_at)
VALUES (1, 1, '2020-07-19 11:13:16.425000'),
       (1, 2, '2020-07-19 11:13:30.537000'),
       (2, 1, '2020-07-19 08:31:01.919519'),
       (2, 3, '2020-07-19 08:31:01.919519'),
       (3, 3, '2020-07-19 08:31:01.919519'),
       (4, 3, '2020-07-19 08:31:01.919519'),
       (5, 3, '2020-07-19 08:31:01.919519'),
       (6, 3, '2020-07-19 08:31:01.919519'),
       (7, 3, '2020-07-19 08:31:01.919519'),
       (8, 3, '2020-07-19 08:31:01.919519'),
       (9, 3, '2020-07-19 08:31:01.919519'),
       (10, 3, '2020-07-19 08:31:01.919519');
