INSERT INTO rbac.role_perm (role_id, obj_type, perm_id) VALUES (1, 1, 1);
INSERT INTO rbac.role_perm (role_id, obj_type, perm_id) VALUES (1, 1, 2);
INSERT INTO rbac.role_perm (role_id, obj_type, perm_id) VALUES (1, 1, 4);
INSERT INTO rbac.role_perm (role_id, obj_type, perm_id) VALUES (1, 1, 6);
INSERT INTO rbac.role_perm (role_id, obj_type, perm_id) VALUES (1, 1, 7);
INSERT INTO rbac.role_perm (role_id, obj_type, perm_id) VALUES (1, 1, 8);
INSERT INTO rbac.role_perm (role_id, obj_type, perm_id) VALUES (1, 1, 17);
INSERT INTO rbac.role_perm (role_id, obj_type, perm_id) VALUES (1, 1, 18);
INSERT INTO rbac.role_perm (role_id, obj_type, perm_id) VALUES (1, 1, 19);
INSERT INTO rbac.role_perm (role_id, obj_type, perm_id) VALUES (1, 1, 20);
INSERT INTO rbac.role_perm (role_id, obj_type, perm_id) VALUES (1, 1, 44);
INSERT INTO rbac.role_perm (role_id, obj_type, perm_id) VALUES (1, 1, 54);
INSERT INTO rbac.role_perm (role_id, obj_type, perm_id) VALUES (1, 2, 1);
INSERT INTO rbac.role_perm (role_id, obj_type, perm_id) VALUES (1, 2, 2);
INSERT INTO rbac.role_perm (role_id, obj_type, perm_id) VALUES (1, 2, 6);
INSERT INTO rbac.role_perm (role_id, obj_type, perm_id) VALUES (1, 2, 7);
INSERT INTO rbac.role_perm (role_id, obj_type, perm_id) VALUES (1, 2, 8);
INSERT INTO rbac.role_perm (role_id, obj_type, perm_id) VALUES (1, 2, 9);
INSERT INTO rbac.role_perm (role_id, obj_type, perm_id) VALUES (1, 2, 17);
INSERT INTO rbac.role_perm (role_id, obj_type, perm_id) VALUES (1, 2, 18);
INSERT INTO rbac.role_perm (role_id, obj_type, perm_id) VALUES (1, 2, 19);
INSERT INTO rbac.role_perm (role_id, obj_type, perm_id) VALUES (1, 2, 20);
INSERT INTO rbac.role_perm (role_id, obj_type, perm_id) VALUES (1, 2, 24);
INSERT INTO rbac.role_perm (role_id, obj_type, perm_id) VALUES (1, 2, 54);
INSERT INTO rbac.role_perm (role_id, obj_type, perm_id) VALUES (1, 3, 1);
INSERT INTO rbac.role_perm (role_id, obj_type, perm_id) VALUES (1, 3, 9);
INSERT INTO rbac.role_perm (role_id, obj_type, perm_id) VALUES (1, 3, 17);
INSERT INTO rbac.role_perm (role_id, obj_type, perm_id) VALUES (1, 3, 18);
INSERT INTO rbac.role_perm (role_id, obj_type, perm_id) VALUES (1, 3, 19);
INSERT INTO rbac.role_perm (role_id, obj_type, perm_id) VALUES (1, 3, 20);
INSERT INTO rbac.role_perm (role_id, obj_type, perm_id) VALUES (1, 3, 24);
INSERT INTO rbac.role_perm (role_id, obj_type, perm_id) VALUES (1, 4, 5);
INSERT INTO rbac.role_perm (role_id, obj_type, perm_id) VALUES (1, 4, 22);
INSERT INTO rbac.role_perm (role_id, obj_type, perm_id) VALUES (1, 4, 23);
INSERT INTO rbac.role_perm (role_id, obj_type, perm_id) VALUES (1, 4, 30);
INSERT INTO rbac.role_perm (role_id, obj_type, perm_id) VALUES (1, 4, 31);
INSERT INTO rbac.role_perm (role_id, obj_type, perm_id) VALUES (1, 4, 55);
INSERT INTO rbac.role_perm (role_id, obj_type, perm_id) VALUES (1, 5, 3);
INSERT INTO rbac.role_perm (role_id, obj_type, perm_id) VALUES (1, 7, 20);
INSERT INTO rbac.role_perm (role_id, obj_type, perm_id) VALUES (1, 9, 22);
INSERT INTO rbac.role_perm (role_id, obj_type, perm_id) VALUES (1, 9, 23);
INSERT INTO rbac.role_perm (role_id, obj_type, perm_id) VALUES (1, 10, 24);
INSERT INTO rbac.role_perm (role_id, obj_type, perm_id) VALUES (1, 11, 27);
INSERT INTO rbac.role_perm (role_id, obj_type, perm_id) VALUES (1, 12, 32);
INSERT INTO rbac.role_perm (role_id, obj_type, perm_id) VALUES (1, 12, 33);
INSERT INTO rbac.role_perm (role_id, obj_type, perm_id) VALUES (1, 12, 34);
INSERT INTO rbac.role_perm (role_id, obj_type, perm_id) VALUES (1, 12, 35);
INSERT INTO rbac.role_perm (role_id, obj_type, perm_id) VALUES (1, 12, 36);
INSERT INTO rbac.role_perm (role_id, obj_type, perm_id) VALUES (1, 12, 37);
INSERT INTO rbac.role_perm (role_id, obj_type, perm_id) VALUES (1, 12, 42);
INSERT INTO rbac.role_perm (role_id, obj_type, perm_id) VALUES (1, 12, 45);
INSERT INTO rbac.role_perm (role_id, obj_type, perm_id) VALUES (1, 13, 32);
INSERT INTO rbac.role_perm (role_id, obj_type, perm_id) VALUES (1, 13, 33);
INSERT INTO rbac.role_perm (role_id, obj_type, perm_id) VALUES (1, 13, 35);
INSERT INTO rbac.role_perm (role_id, obj_type, perm_id) VALUES (1, 13, 36);
INSERT INTO rbac.role_perm (role_id, obj_type, perm_id) VALUES (1, 13, 37);
INSERT INTO rbac.role_perm (role_id, obj_type, perm_id) VALUES (1, 13, 38);
INSERT INTO rbac.role_perm (role_id, obj_type, perm_id) VALUES (1, 13, 42);
INSERT INTO rbac.role_perm (role_id, obj_type, perm_id) VALUES (1, 14, 32);
INSERT INTO rbac.role_perm (role_id, obj_type, perm_id) VALUES (1, 14, 37);
INSERT INTO rbac.role_perm (role_id, obj_type, perm_id) VALUES (1, 14, 38);
INSERT INTO rbac.role_perm (role_id, obj_type, perm_id) VALUES (1, 15, 39);
INSERT INTO rbac.role_perm (role_id, obj_type, perm_id) VALUES (1, 15, 40);
INSERT INTO rbac.role_perm (role_id, obj_type, perm_id) VALUES (1, 15, 41);
INSERT INTO rbac.role_perm (role_id, obj_type, perm_id) VALUES (1, 15, 55);
INSERT INTO rbac.role_perm (role_id, obj_type, perm_id) VALUES (1, 15, 56);
INSERT INTO rbac.role_perm (role_id, obj_type, perm_id) VALUES (1, 15, 57);
INSERT INTO rbac.role_perm (role_id, obj_type, perm_id) VALUES (1, 16, 42);
INSERT INTO rbac.role_perm (role_id, obj_type, perm_id) VALUES (1, 18, 46);
INSERT INTO rbac.role_perm (role_id, obj_type, perm_id) VALUES (1, 19, 46);
INSERT INTO rbac.role_perm (role_id, obj_type, perm_id) VALUES (1, 20, 48);
INSERT INTO rbac.role_perm (role_id, obj_type, perm_id) VALUES (1, 21, 49);
INSERT INTO rbac.role_perm (role_id, obj_type, perm_id) VALUES (1, 22, 50);
INSERT INTO rbac.role_perm (role_id, obj_type, perm_id) VALUES (1, 24, 51);
INSERT INTO rbac.role_perm (role_id, obj_type, perm_id) VALUES (1, 24, 52);
INSERT INTO rbac.role_perm (role_id, obj_type, perm_id) VALUES (1, 24, 53);
INSERT INTO rbac.role_perm (role_id, obj_type, perm_id) VALUES (1, 25, 54);
INSERT INTO rbac.role_perm (role_id, obj_type, perm_id) VALUES (1, 26, 1);
INSERT INTO rbac.role_perm (role_id, obj_type, perm_id) VALUES (1, 26, 9);
INSERT INTO rbac.role_perm (role_id, obj_type, perm_id) VALUES (1, 26, 17);
INSERT INTO rbac.role_perm (role_id, obj_type, perm_id) VALUES (1, 26, 18);
INSERT INTO rbac.role_perm (role_id, obj_type, perm_id) VALUES (1, 26, 19);
INSERT INTO rbac.role_perm (role_id, obj_type, perm_id) VALUES (1, 26, 20);
INSERT INTO rbac.role_perm (role_id, obj_type, perm_id) VALUES (1, 26, 24);
INSERT INTO rbac.role_perm (role_id, obj_type, perm_id) VALUES (1, 26, 58);
INSERT INTO rbac.role_perm (role_id, obj_type, perm_id) VALUES (1, 27, 1);
INSERT INTO rbac.role_perm (role_id, obj_type, perm_id) VALUES (1, 27, 2);
INSERT INTO rbac.role_perm (role_id, obj_type, perm_id) VALUES (1, 27, 6);
INSERT INTO rbac.role_perm (role_id, obj_type, perm_id) VALUES (1, 27, 7);
INSERT INTO rbac.role_perm (role_id, obj_type, perm_id) VALUES (1, 27, 8);
INSERT INTO rbac.role_perm (role_id, obj_type, perm_id) VALUES (1, 27, 9);
INSERT INTO rbac.role_perm (role_id, obj_type, perm_id) VALUES (1, 27, 17);
INSERT INTO rbac.role_perm (role_id, obj_type, perm_id) VALUES (1, 27, 18);
INSERT INTO rbac.role_perm (role_id, obj_type, perm_id) VALUES (1, 27, 19);
INSERT INTO rbac.role_perm (role_id, obj_type, perm_id) VALUES (1, 27, 20);
INSERT INTO rbac.role_perm (role_id, obj_type, perm_id) VALUES (1, 27, 24);
INSERT INTO rbac.role_perm (role_id, obj_type, perm_id) VALUES (1, 27, 54);
INSERT INTO rbac.role_perm (role_id, obj_type, perm_id) VALUES (1, 27, 58);
INSERT INTO rbac.role_perm (role_id, obj_type, perm_id) VALUES (1, 28, 32);
INSERT INTO rbac.role_perm (role_id, obj_type, perm_id) VALUES (1, 28, 37);
INSERT INTO rbac.role_perm (role_id, obj_type, perm_id) VALUES (1, 28, 38);
INSERT INTO rbac.role_perm (role_id, obj_type, perm_id) VALUES (1, 28, 59);
INSERT INTO rbac.role_perm (role_id, obj_type, perm_id) VALUES (1, 29, 32);
INSERT INTO rbac.role_perm (role_id, obj_type, perm_id) VALUES (1, 29, 33);
INSERT INTO rbac.role_perm (role_id, obj_type, perm_id) VALUES (1, 29, 35);
INSERT INTO rbac.role_perm (role_id, obj_type, perm_id) VALUES (1, 29, 36);
INSERT INTO rbac.role_perm (role_id, obj_type, perm_id) VALUES (1, 29, 37);
INSERT INTO rbac.role_perm (role_id, obj_type, perm_id) VALUES (1, 29, 38);
INSERT INTO rbac.role_perm (role_id, obj_type, perm_id) VALUES (1, 29, 42);
INSERT INTO rbac.role_perm (role_id, obj_type, perm_id) VALUES (1, 29, 59);
INSERT INTO rbac.role_perm (role_id, obj_type, perm_id) VALUES (2, 1, 1);
INSERT INTO rbac.role_perm (role_id, obj_type, perm_id) VALUES (2, 1, 8);
INSERT INTO rbac.role_perm (role_id, obj_type, perm_id) VALUES (2, 1, 19);
INSERT INTO rbac.role_perm (role_id, obj_type, perm_id) VALUES (2, 1, 28);
INSERT INTO rbac.role_perm (role_id, obj_type, perm_id) VALUES (2, 1, 58);
INSERT INTO rbac.role_perm (role_id, obj_type, perm_id) VALUES (2, 4, 5);
INSERT INTO rbac.role_perm (role_id, obj_type, perm_id) VALUES (2, 4, 30);
INSERT INTO rbac.role_perm (role_id, obj_type, perm_id) VALUES (2, 4, 31);
INSERT INTO rbac.role_perm (role_id, obj_type, perm_id) VALUES (2, 4, 55);
INSERT INTO rbac.role_perm (role_id, obj_type, perm_id) VALUES (2, 6, 10);
INSERT INTO rbac.role_perm (role_id, obj_type, perm_id) VALUES (2, 6, 13);
INSERT INTO rbac.role_perm (role_id, obj_type, perm_id) VALUES (2, 6, 47);
INSERT INTO rbac.role_perm (role_id, obj_type, perm_id) VALUES (2, 10, 24);
INSERT INTO rbac.role_perm (role_id, obj_type, perm_id) VALUES (2, 11, 27);
INSERT INTO rbac.role_perm (role_id, obj_type, perm_id) VALUES (2, 15, 39);
INSERT INTO rbac.role_perm (role_id, obj_type, perm_id) VALUES (2, 24, 51);
INSERT INTO rbac.role_perm (role_id, obj_type, perm_id) VALUES (3, 1, 1);
INSERT INTO rbac.role_perm (role_id, obj_type, perm_id) VALUES (3, 1, 2);
INSERT INTO rbac.role_perm (role_id, obj_type, perm_id) VALUES (3, 1, 4);
INSERT INTO rbac.role_perm (role_id, obj_type, perm_id) VALUES (3, 1, 6);
INSERT INTO rbac.role_perm (role_id, obj_type, perm_id) VALUES (3, 1, 7);
INSERT INTO rbac.role_perm (role_id, obj_type, perm_id) VALUES (3, 1, 8);
INSERT INTO rbac.role_perm (role_id, obj_type, perm_id) VALUES (3, 1, 17);
INSERT INTO rbac.role_perm (role_id, obj_type, perm_id) VALUES (3, 1, 18);
INSERT INTO rbac.role_perm (role_id, obj_type, perm_id) VALUES (3, 1, 19);
INSERT INTO rbac.role_perm (role_id, obj_type, perm_id) VALUES (3, 1, 28);
INSERT INTO rbac.role_perm (role_id, obj_type, perm_id) VALUES (3, 1, 44);
INSERT INTO rbac.role_perm (role_id, obj_type, perm_id) VALUES (3, 1, 58);
INSERT INTO rbac.role_perm (role_id, obj_type, perm_id) VALUES (3, 2, 9);
INSERT INTO rbac.role_perm (role_id, obj_type, perm_id) VALUES (3, 3, 9);
INSERT INTO rbac.role_perm (role_id, obj_type, perm_id) VALUES (3, 4, 5);
INSERT INTO rbac.role_perm (role_id, obj_type, perm_id) VALUES (3, 4, 22);
INSERT INTO rbac.role_perm (role_id, obj_type, perm_id) VALUES (3, 4, 23);
INSERT INTO rbac.role_perm (role_id, obj_type, perm_id) VALUES (3, 4, 30);
INSERT INTO rbac.role_perm (role_id, obj_type, perm_id) VALUES (3, 4, 31);
INSERT INTO rbac.role_perm (role_id, obj_type, perm_id) VALUES (3, 4, 55);
INSERT INTO rbac.role_perm (role_id, obj_type, perm_id) VALUES (3, 5, 3);
INSERT INTO rbac.role_perm (role_id, obj_type, perm_id) VALUES (3, 6, 10);
INSERT INTO rbac.role_perm (role_id, obj_type, perm_id) VALUES (3, 6, 11);
INSERT INTO rbac.role_perm (role_id, obj_type, perm_id) VALUES (3, 6, 12);
INSERT INTO rbac.role_perm (role_id, obj_type, perm_id) VALUES (3, 6, 13);
INSERT INTO rbac.role_perm (role_id, obj_type, perm_id) VALUES (3, 6, 15);
INSERT INTO rbac.role_perm (role_id, obj_type, perm_id) VALUES (3, 6, 16);
INSERT INTO rbac.role_perm (role_id, obj_type, perm_id) VALUES (3, 6, 25);
INSERT INTO rbac.role_perm (role_id, obj_type, perm_id) VALUES (3, 6, 29);
INSERT INTO rbac.role_perm (role_id, obj_type, perm_id) VALUES (3, 6, 47);
INSERT INTO rbac.role_perm (role_id, obj_type, perm_id) VALUES (3, 10, 24);
INSERT INTO rbac.role_perm (role_id, obj_type, perm_id) VALUES (3, 11, 27);
INSERT INTO rbac.role_perm (role_id, obj_type, perm_id) VALUES (3, 15, 39);
INSERT INTO rbac.role_perm (role_id, obj_type, perm_id) VALUES (3, 15, 40);
INSERT INTO rbac.role_perm (role_id, obj_type, perm_id) VALUES (3, 15, 41);
INSERT INTO rbac.role_perm (role_id, obj_type, perm_id) VALUES (3, 18, 46);
INSERT INTO rbac.role_perm (role_id, obj_type, perm_id) VALUES (3, 19, 46);
INSERT INTO rbac.role_perm (role_id, obj_type, perm_id) VALUES (3, 24, 51);
INSERT INTO rbac.role_perm (role_id, obj_type, perm_id) VALUES (3, 24, 52);
INSERT INTO rbac.role_perm (role_id, obj_type, perm_id) VALUES (3, 24, 53);
INSERT INTO rbac.role_perm (role_id, obj_type, perm_id) VALUES (4, 7, 14);
INSERT INTO rbac.role_perm (role_id, obj_type, perm_id) VALUES (4, 10, 24);
INSERT INTO rbac.role_perm (role_id, obj_type, perm_id) VALUES (4, 17, 43);
INSERT INTO rbac.role_perm (role_id, obj_type, perm_id) VALUES (4, 23, 1);
INSERT INTO rbac.role_perm (role_id, obj_type, perm_id) VALUES (4, 23, 8);
INSERT INTO rbac.role_perm (role_id, obj_type, perm_id) VALUES (4, 23, 14);
INSERT INTO rbac.role_perm (role_id, obj_type, perm_id) VALUES (4, 23, 19);
INSERT INTO rbac.role_perm (role_id, obj_type, perm_id) VALUES (4, 23, 27);
INSERT INTO rbac.role_perm (role_id, obj_type, perm_id) VALUES (5, 1, 1);
INSERT INTO rbac.role_perm (role_id, obj_type, perm_id) VALUES (5, 1, 8);
INSERT INTO rbac.role_perm (role_id, obj_type, perm_id) VALUES (5, 1, 19);
INSERT INTO rbac.role_perm (role_id, obj_type, perm_id) VALUES (5, 1, 54);
INSERT INTO rbac.role_perm (role_id, obj_type, perm_id) VALUES (5, 2, 1);
INSERT INTO rbac.role_perm (role_id, obj_type, perm_id) VALUES (5, 2, 8);
INSERT INTO rbac.role_perm (role_id, obj_type, perm_id) VALUES (5, 2, 19);
INSERT INTO rbac.role_perm (role_id, obj_type, perm_id) VALUES (5, 2, 54);
INSERT INTO rbac.role_perm (role_id, obj_type, perm_id) VALUES (5, 3, 1);
INSERT INTO rbac.role_perm (role_id, obj_type, perm_id) VALUES (5, 3, 19);
INSERT INTO rbac.role_perm (role_id, obj_type, perm_id) VALUES (5, 4, 5);
INSERT INTO rbac.role_perm (role_id, obj_type, perm_id) VALUES (5, 4, 30);
INSERT INTO rbac.role_perm (role_id, obj_type, perm_id) VALUES (5, 4, 31);
INSERT INTO rbac.role_perm (role_id, obj_type, perm_id) VALUES (5, 4, 55);
INSERT INTO rbac.role_perm (role_id, obj_type, perm_id) VALUES (5, 10, 24);
INSERT INTO rbac.role_perm (role_id, obj_type, perm_id) VALUES (5, 12, 32);
INSERT INTO rbac.role_perm (role_id, obj_type, perm_id) VALUES (5, 12, 37);
INSERT INTO rbac.role_perm (role_id, obj_type, perm_id) VALUES (5, 13, 32);
INSERT INTO rbac.role_perm (role_id, obj_type, perm_id) VALUES (5, 13, 37);
INSERT INTO rbac.role_perm (role_id, obj_type, perm_id) VALUES (5, 14, 32);
INSERT INTO rbac.role_perm (role_id, obj_type, perm_id) VALUES (5, 14, 37);
INSERT INTO rbac.role_perm (role_id, obj_type, perm_id) VALUES (5, 15, 39);
INSERT INTO rbac.role_perm (role_id, obj_type, perm_id) VALUES (5, 15, 55);
INSERT INTO rbac.role_perm (role_id, obj_type, perm_id) VALUES (5, 18, 46);
INSERT INTO rbac.role_perm (role_id, obj_type, perm_id) VALUES (5, 19, 46);
INSERT INTO rbac.role_perm (role_id, obj_type, perm_id) VALUES (5, 24, 51);
INSERT INTO rbac.role_perm (role_id, obj_type, perm_id) VALUES (5, 25, 54);
INSERT INTO rbac.role_perm (role_id, obj_type, perm_id) VALUES (5, 26, 1);
INSERT INTO rbac.role_perm (role_id, obj_type, perm_id) VALUES (5, 26, 19);
INSERT INTO rbac.role_perm (role_id, obj_type, perm_id) VALUES (5, 27, 1);
INSERT INTO rbac.role_perm (role_id, obj_type, perm_id) VALUES (5, 27, 8);
INSERT INTO rbac.role_perm (role_id, obj_type, perm_id) VALUES (5, 27, 19);
INSERT INTO rbac.role_perm (role_id, obj_type, perm_id) VALUES (5, 27, 54);
INSERT INTO rbac.role_perm (role_id, obj_type, perm_id) VALUES (5, 28, 32);
INSERT INTO rbac.role_perm (role_id, obj_type, perm_id) VALUES (5, 28, 37);
INSERT INTO rbac.role_perm (role_id, obj_type, perm_id) VALUES (5, 29, 32);
INSERT INTO rbac.role_perm (role_id, obj_type, perm_id) VALUES (5, 29, 37);
INSERT INTO rbac.role_perm (role_id, obj_type, perm_id) VALUES (6, 1, 2);
INSERT INTO rbac.role_perm (role_id, obj_type, perm_id) VALUES (6, 1, 4);
INSERT INTO rbac.role_perm (role_id, obj_type, perm_id) VALUES (6, 1, 6);
INSERT INTO rbac.role_perm (role_id, obj_type, perm_id) VALUES (6, 1, 7);
INSERT INTO rbac.role_perm (role_id, obj_type, perm_id) VALUES (6, 1, 44);
INSERT INTO rbac.role_perm (role_id, obj_type, perm_id) VALUES (6, 2, 2);
INSERT INTO rbac.role_perm (role_id, obj_type, perm_id) VALUES (6, 2, 6);
INSERT INTO rbac.role_perm (role_id, obj_type, perm_id) VALUES (6, 2, 7);
INSERT INTO rbac.role_perm (role_id, obj_type, perm_id) VALUES (6, 2, 9);
INSERT INTO rbac.role_perm (role_id, obj_type, perm_id) VALUES (6, 3, 9);
INSERT INTO rbac.role_perm (role_id, obj_type, perm_id) VALUES (6, 4, 22);
INSERT INTO rbac.role_perm (role_id, obj_type, perm_id) VALUES (6, 4, 23);
INSERT INTO rbac.role_perm (role_id, obj_type, perm_id) VALUES (6, 4, 55);
INSERT INTO rbac.role_perm (role_id, obj_type, perm_id) VALUES (6, 5, 3);
INSERT INTO rbac.role_perm (role_id, obj_type, perm_id) VALUES (6, 9, 22);
INSERT INTO rbac.role_perm (role_id, obj_type, perm_id) VALUES (6, 9, 23);
INSERT INTO rbac.role_perm (role_id, obj_type, perm_id) VALUES (6, 12, 33);
INSERT INTO rbac.role_perm (role_id, obj_type, perm_id) VALUES (6, 12, 34);
INSERT INTO rbac.role_perm (role_id, obj_type, perm_id) VALUES (6, 12, 35);
INSERT INTO rbac.role_perm (role_id, obj_type, perm_id) VALUES (6, 12, 36);
INSERT INTO rbac.role_perm (role_id, obj_type, perm_id) VALUES (6, 12, 45);
INSERT INTO rbac.role_perm (role_id, obj_type, perm_id) VALUES (6, 13, 33);
INSERT INTO rbac.role_perm (role_id, obj_type, perm_id) VALUES (6, 13, 35);
INSERT INTO rbac.role_perm (role_id, obj_type, perm_id) VALUES (6, 13, 36);
INSERT INTO rbac.role_perm (role_id, obj_type, perm_id) VALUES (6, 13, 38);
INSERT INTO rbac.role_perm (role_id, obj_type, perm_id) VALUES (6, 14, 38);
INSERT INTO rbac.role_perm (role_id, obj_type, perm_id) VALUES (6, 15, 40);
INSERT INTO rbac.role_perm (role_id, obj_type, perm_id) VALUES (6, 15, 41);
INSERT INTO rbac.role_perm (role_id, obj_type, perm_id) VALUES (6, 15, 56);
INSERT INTO rbac.role_perm (role_id, obj_type, perm_id) VALUES (6, 15, 57);
INSERT INTO rbac.role_perm (role_id, obj_type, perm_id) VALUES (6, 24, 52);
INSERT INTO rbac.role_perm (role_id, obj_type, perm_id) VALUES (6, 24, 53);
INSERT INTO rbac.role_perm (role_id, obj_type, perm_id) VALUES (6, 26, 9);
INSERT INTO rbac.role_perm (role_id, obj_type, perm_id) VALUES (6, 27, 2);
INSERT INTO rbac.role_perm (role_id, obj_type, perm_id) VALUES (6, 27, 6);
INSERT INTO rbac.role_perm (role_id, obj_type, perm_id) VALUES (6, 27, 7);
INSERT INTO rbac.role_perm (role_id, obj_type, perm_id) VALUES (6, 27, 9);
INSERT INTO rbac.role_perm (role_id, obj_type, perm_id) VALUES (6, 28, 38);
INSERT INTO rbac.role_perm (role_id, obj_type, perm_id) VALUES (6, 29, 33);
INSERT INTO rbac.role_perm (role_id, obj_type, perm_id) VALUES (6, 29, 35);
INSERT INTO rbac.role_perm (role_id, obj_type, perm_id) VALUES (6, 29, 36);
INSERT INTO rbac.role_perm (role_id, obj_type, perm_id) VALUES (6, 29, 38);
INSERT INTO rbac.role_perm (role_id, obj_type, perm_id) VALUES (7, 1, 1);
INSERT INTO rbac.role_perm (role_id, obj_type, perm_id) VALUES (7, 1, 8);
INSERT INTO rbac.role_perm (role_id, obj_type, perm_id) VALUES (7, 1, 19);
INSERT INTO rbac.role_perm (role_id, obj_type, perm_id) VALUES (7, 1, 54);
INSERT INTO rbac.role_perm (role_id, obj_type, perm_id) VALUES (7, 2, 1);
INSERT INTO rbac.role_perm (role_id, obj_type, perm_id) VALUES (7, 2, 8);
INSERT INTO rbac.role_perm (role_id, obj_type, perm_id) VALUES (7, 2, 19);
INSERT INTO rbac.role_perm (role_id, obj_type, perm_id) VALUES (7, 2, 54);
INSERT INTO rbac.role_perm (role_id, obj_type, perm_id) VALUES (7, 3, 1);
INSERT INTO rbac.role_perm (role_id, obj_type, perm_id) VALUES (7, 3, 19);
INSERT INTO rbac.role_perm (role_id, obj_type, perm_id) VALUES (7, 4, 5);
INSERT INTO rbac.role_perm (role_id, obj_type, perm_id) VALUES (7, 4, 55);
INSERT INTO rbac.role_perm (role_id, obj_type, perm_id) VALUES (7, 8, 21);
INSERT INTO rbac.role_perm (role_id, obj_type, perm_id) VALUES (7, 15, 39);
INSERT INTO rbac.role_perm (role_id, obj_type, perm_id) VALUES (7, 24, 51);
INSERT INTO rbac.role_perm (role_id, obj_type, perm_id) VALUES (7, 25, 54);
INSERT INTO rbac.role_perm (role_id, obj_type, perm_id) VALUES (8, 1, 1);
INSERT INTO rbac.role_perm (role_id, obj_type, perm_id) VALUES (8, 1, 2);
INSERT INTO rbac.role_perm (role_id, obj_type, perm_id) VALUES (8, 1, 4);
INSERT INTO rbac.role_perm (role_id, obj_type, perm_id) VALUES (8, 1, 6);
INSERT INTO rbac.role_perm (role_id, obj_type, perm_id) VALUES (8, 1, 7);
INSERT INTO rbac.role_perm (role_id, obj_type, perm_id) VALUES (8, 1, 8);
INSERT INTO rbac.role_perm (role_id, obj_type, perm_id) VALUES (8, 1, 17);
INSERT INTO rbac.role_perm (role_id, obj_type, perm_id) VALUES (8, 1, 18);
INSERT INTO rbac.role_perm (role_id, obj_type, perm_id) VALUES (8, 1, 19);
INSERT INTO rbac.role_perm (role_id, obj_type, perm_id) VALUES (8, 1, 20);
INSERT INTO rbac.role_perm (role_id, obj_type, perm_id) VALUES (8, 1, 54);
INSERT INTO rbac.role_perm (role_id, obj_type, perm_id) VALUES (8, 2, 1);
INSERT INTO rbac.role_perm (role_id, obj_type, perm_id) VALUES (8, 2, 2);
INSERT INTO rbac.role_perm (role_id, obj_type, perm_id) VALUES (8, 2, 6);
INSERT INTO rbac.role_perm (role_id, obj_type, perm_id) VALUES (8, 2, 7);
INSERT INTO rbac.role_perm (role_id, obj_type, perm_id) VALUES (8, 2, 8);
INSERT INTO rbac.role_perm (role_id, obj_type, perm_id) VALUES (8, 2, 9);
INSERT INTO rbac.role_perm (role_id, obj_type, perm_id) VALUES (8, 2, 17);
INSERT INTO rbac.role_perm (role_id, obj_type, perm_id) VALUES (8, 2, 18);
INSERT INTO rbac.role_perm (role_id, obj_type, perm_id) VALUES (8, 2, 19);
INSERT INTO rbac.role_perm (role_id, obj_type, perm_id) VALUES (8, 2, 20);
INSERT INTO rbac.role_perm (role_id, obj_type, perm_id) VALUES (8, 2, 54);
INSERT INTO rbac.role_perm (role_id, obj_type, perm_id) VALUES (8, 3, 1);
INSERT INTO rbac.role_perm (role_id, obj_type, perm_id) VALUES (8, 3, 9);
INSERT INTO rbac.role_perm (role_id, obj_type, perm_id) VALUES (8, 3, 17);
INSERT INTO rbac.role_perm (role_id, obj_type, perm_id) VALUES (8, 3, 18);
INSERT INTO rbac.role_perm (role_id, obj_type, perm_id) VALUES (8, 3, 19);
INSERT INTO rbac.role_perm (role_id, obj_type, perm_id) VALUES (8, 3, 20);
INSERT INTO rbac.role_perm (role_id, obj_type, perm_id) VALUES (8, 4, 5);
INSERT INTO rbac.role_perm (role_id, obj_type, perm_id) VALUES (8, 4, 55);
INSERT INTO rbac.role_perm (role_id, obj_type, perm_id) VALUES (8, 5, 3);
INSERT INTO rbac.role_perm (role_id, obj_type, perm_id) VALUES (8, 7, 20);
INSERT INTO rbac.role_perm (role_id, obj_type, perm_id) VALUES (8, 10, 24);
INSERT INTO rbac.role_perm (role_id, obj_type, perm_id) VALUES (8, 11, 27);
INSERT INTO rbac.role_perm (role_id, obj_type, perm_id) VALUES (8, 15, 39);
INSERT INTO rbac.role_perm (role_id, obj_type, perm_id) VALUES (8, 15, 40);
INSERT INTO rbac.role_perm (role_id, obj_type, perm_id) VALUES (8, 15, 41);
INSERT INTO rbac.role_perm (role_id, obj_type, perm_id) VALUES (8, 16, 42);
INSERT INTO rbac.role_perm (role_id, obj_type, perm_id) VALUES (8, 24, 51);
INSERT INTO rbac.role_perm (role_id, obj_type, perm_id) VALUES (8, 24, 52);
INSERT INTO rbac.role_perm (role_id, obj_type, perm_id) VALUES (8, 24, 53);
INSERT INTO rbac.role_perm (role_id, obj_type, perm_id) VALUES (8, 25, 54);
INSERT INTO rbac.role_perm (role_id, obj_type, perm_id) VALUES (9, 11, 26);
INSERT INTO rbac.role_perm (role_id, obj_type, perm_id) VALUES (10, 1, 28);
INSERT INTO rbac.role_perm (role_id, obj_type, perm_id) VALUES (10, 2, 28);
INSERT INTO rbac.role_perm (role_id, obj_type, perm_id) VALUES (10, 3, 28);
INSERT INTO rbac.role_perm (role_id, obj_type, perm_id) VALUES (11, 1, 1);
INSERT INTO rbac.role_perm (role_id, obj_type, perm_id) VALUES (11, 1, 2);
INSERT INTO rbac.role_perm (role_id, obj_type, perm_id) VALUES (11, 1, 4);
INSERT INTO rbac.role_perm (role_id, obj_type, perm_id) VALUES (11, 1, 6);
INSERT INTO rbac.role_perm (role_id, obj_type, perm_id) VALUES (11, 1, 7);
INSERT INTO rbac.role_perm (role_id, obj_type, perm_id) VALUES (11, 1, 8);
INSERT INTO rbac.role_perm (role_id, obj_type, perm_id) VALUES (11, 1, 17);
INSERT INTO rbac.role_perm (role_id, obj_type, perm_id) VALUES (11, 1, 18);
INSERT INTO rbac.role_perm (role_id, obj_type, perm_id) VALUES (11, 1, 19);
INSERT INTO rbac.role_perm (role_id, obj_type, perm_id) VALUES (11, 1, 28);
INSERT INTO rbac.role_perm (role_id, obj_type, perm_id) VALUES (11, 1, 58);
INSERT INTO rbac.role_perm (role_id, obj_type, perm_id) VALUES (11, 2, 9);
INSERT INTO rbac.role_perm (role_id, obj_type, perm_id) VALUES (11, 3, 9);
INSERT INTO rbac.role_perm (role_id, obj_type, perm_id) VALUES (11, 4, 5);
INSERT INTO rbac.role_perm (role_id, obj_type, perm_id) VALUES (11, 4, 22);
INSERT INTO rbac.role_perm (role_id, obj_type, perm_id) VALUES (11, 4, 23);
INSERT INTO rbac.role_perm (role_id, obj_type, perm_id) VALUES (11, 4, 30);
INSERT INTO rbac.role_perm (role_id, obj_type, perm_id) VALUES (11, 4, 31);
INSERT INTO rbac.role_perm (role_id, obj_type, perm_id) VALUES (11, 4, 55);
INSERT INTO rbac.role_perm (role_id, obj_type, perm_id) VALUES (11, 5, 3);
INSERT INTO rbac.role_perm (role_id, obj_type, perm_id) VALUES (11, 6, 10);
INSERT INTO rbac.role_perm (role_id, obj_type, perm_id) VALUES (11, 6, 11);
INSERT INTO rbac.role_perm (role_id, obj_type, perm_id) VALUES (11, 6, 12);
INSERT INTO rbac.role_perm (role_id, obj_type, perm_id) VALUES (11, 6, 13);
INSERT INTO rbac.role_perm (role_id, obj_type, perm_id) VALUES (11, 6, 15);
INSERT INTO rbac.role_perm (role_id, obj_type, perm_id) VALUES (11, 6, 16);
INSERT INTO rbac.role_perm (role_id, obj_type, perm_id) VALUES (11, 6, 25);
INSERT INTO rbac.role_perm (role_id, obj_type, perm_id) VALUES (11, 6, 47);
INSERT INTO rbac.role_perm (role_id, obj_type, perm_id) VALUES (11, 10, 24);
INSERT INTO rbac.role_perm (role_id, obj_type, perm_id) VALUES (11, 11, 27);
INSERT INTO rbac.role_perm (role_id, obj_type, perm_id) VALUES (11, 15, 39);
INSERT INTO rbac.role_perm (role_id, obj_type, perm_id) VALUES (11, 15, 40);
INSERT INTO rbac.role_perm (role_id, obj_type, perm_id) VALUES (11, 24, 51);
INSERT INTO rbac.role_perm (role_id, obj_type, perm_id) VALUES (11, 24, 52);
INSERT INTO rbac.role_perm (role_id, obj_type, perm_id) VALUES (11, 24, 53);
INSERT INTO rbac.role_perm (role_id, obj_type, perm_id) VALUES (12, 6, 47);
INSERT INTO rbac.role_perm (role_id, obj_type, perm_id) VALUES (13, 1, 1);
INSERT INTO rbac.role_perm (role_id, obj_type, perm_id) VALUES (13, 1, 8);
INSERT INTO rbac.role_perm (role_id, obj_type, perm_id) VALUES (13, 1, 19);
INSERT INTO rbac.role_perm (role_id, obj_type, perm_id) VALUES (13, 1, 28);
INSERT INTO rbac.role_perm (role_id, obj_type, perm_id) VALUES (13, 1, 58);
INSERT INTO rbac.role_perm (role_id, obj_type, perm_id) VALUES (13, 4, 5);
INSERT INTO rbac.role_perm (role_id, obj_type, perm_id) VALUES (13, 4, 30);
INSERT INTO rbac.role_perm (role_id, obj_type, perm_id) VALUES (13, 4, 31);
INSERT INTO rbac.role_perm (role_id, obj_type, perm_id) VALUES (13, 6, 10);
INSERT INTO rbac.role_perm (role_id, obj_type, perm_id) VALUES (13, 6, 13);
INSERT INTO rbac.role_perm (role_id, obj_type, perm_id) VALUES (13, 6, 47);
INSERT INTO rbac.role_perm (role_id, obj_type, perm_id) VALUES (13, 10, 24);
INSERT INTO rbac.role_perm (role_id, obj_type, perm_id) VALUES (13, 11, 27);
INSERT INTO rbac.role_perm (role_id, obj_type, perm_id) VALUES (13, 15, 39);
INSERT INTO rbac.role_perm (role_id, obj_type, perm_id) VALUES (13, 18, 46);
INSERT INTO rbac.role_perm (role_id, obj_type, perm_id) VALUES (13, 19, 46);
INSERT INTO rbac.role_perm (role_id, obj_type, perm_id) VALUES (13, 24, 51);
INSERT INTO rbac.role_perm (role_id, obj_type, perm_id) VALUES (14, 15, 39);
INSERT INTO rbac.role_perm (role_id, obj_type, perm_id) VALUES (16, 4, 55);
INSERT INTO rbac.role_perm (role_id, obj_type, perm_id) VALUES (16, 6, 47);
INSERT INTO rbac.role_perm (role_id, obj_type, perm_id) VALUES (16, 12, 32);
INSERT INTO rbac.role_perm (role_id, obj_type, perm_id) VALUES (16, 12, 37);
INSERT INTO rbac.role_perm (role_id, obj_type, perm_id) VALUES (16, 12, 59);
INSERT INTO rbac.role_perm (role_id, obj_type, perm_id) VALUES (16, 15, 55);
INSERT INTO rbac.role_perm (role_id, obj_type, perm_id) VALUES (17, 4, 55);
INSERT INTO rbac.role_perm (role_id, obj_type, perm_id) VALUES (17, 6, 47);
INSERT INTO rbac.role_perm (role_id, obj_type, perm_id) VALUES (17, 12, 32);
INSERT INTO rbac.role_perm (role_id, obj_type, perm_id) VALUES (17, 12, 33);
INSERT INTO rbac.role_perm (role_id, obj_type, perm_id) VALUES (17, 12, 35);
INSERT INTO rbac.role_perm (role_id, obj_type, perm_id) VALUES (17, 12, 36);
INSERT INTO rbac.role_perm (role_id, obj_type, perm_id) VALUES (17, 12, 37);
INSERT INTO rbac.role_perm (role_id, obj_type, perm_id) VALUES (17, 12, 59);
INSERT INTO rbac.role_perm (role_id, obj_type, perm_id) VALUES (17, 15, 55);
INSERT INTO rbac.role_perm (role_id, obj_type, perm_id) VALUES (17, 15, 56);
INSERT INTO rbac.role_perm (role_id, obj_type, perm_id) VALUES (17, 15, 57);
INSERT INTO rbac.role_perm (role_id, obj_type, perm_id) VALUES (18, 15, 55);
INSERT INTO rbac.role_perm (role_id, obj_type, perm_id) VALUES (19, 15, 55);
INSERT INTO rbac.role_perm (role_id, obj_type, perm_id) VALUES (19, 15, 56);
INSERT INTO rbac.role_perm (role_id, obj_type, perm_id) VALUES (19, 15, 57);
INSERT INTO rbac.role_perm (role_id, obj_type, perm_id) VALUES (20, 4, 5);
INSERT INTO rbac.role_perm (role_id, obj_type, perm_id) VALUES (20, 4, 55);
INSERT INTO rbac.role_perm (role_id, obj_type, perm_id) VALUES (20, 12, 32);
INSERT INTO rbac.role_perm (role_id, obj_type, perm_id) VALUES (20, 12, 37);
INSERT INTO rbac.role_perm (role_id, obj_type, perm_id) VALUES (20, 13, 32);
INSERT INTO rbac.role_perm (role_id, obj_type, perm_id) VALUES (20, 13, 37);
INSERT INTO rbac.role_perm (role_id, obj_type, perm_id) VALUES (20, 14, 32);
INSERT INTO rbac.role_perm (role_id, obj_type, perm_id) VALUES (20, 14, 37);
INSERT INTO rbac.role_perm (role_id, obj_type, perm_id) VALUES (20, 15, 55);
INSERT INTO rbac.role_perm (role_id, obj_type, perm_id) VALUES (21, 4, 5);
INSERT INTO rbac.role_perm (role_id, obj_type, perm_id) VALUES (21, 4, 55);
INSERT INTO rbac.role_perm (role_id, obj_type, perm_id) VALUES (21, 12, 32);
INSERT INTO rbac.role_perm (role_id, obj_type, perm_id) VALUES (21, 12, 33);
INSERT INTO rbac.role_perm (role_id, obj_type, perm_id) VALUES (21, 12, 34);
INSERT INTO rbac.role_perm (role_id, obj_type, perm_id) VALUES (21, 12, 35);
INSERT INTO rbac.role_perm (role_id, obj_type, perm_id) VALUES (21, 12, 36);
INSERT INTO rbac.role_perm (role_id, obj_type, perm_id) VALUES (21, 12, 37);
INSERT INTO rbac.role_perm (role_id, obj_type, perm_id) VALUES (21, 13, 32);
INSERT INTO rbac.role_perm (role_id, obj_type, perm_id) VALUES (21, 13, 33);
INSERT INTO rbac.role_perm (role_id, obj_type, perm_id) VALUES (21, 13, 35);
INSERT INTO rbac.role_perm (role_id, obj_type, perm_id) VALUES (21, 13, 36);
INSERT INTO rbac.role_perm (role_id, obj_type, perm_id) VALUES (21, 13, 37);
INSERT INTO rbac.role_perm (role_id, obj_type, perm_id) VALUES (21, 13, 38);
INSERT INTO rbac.role_perm (role_id, obj_type, perm_id) VALUES (21, 13, 42);
INSERT INTO rbac.role_perm (role_id, obj_type, perm_id) VALUES (21, 14, 32);
INSERT INTO rbac.role_perm (role_id, obj_type, perm_id) VALUES (21, 14, 37);
INSERT INTO rbac.role_perm (role_id, obj_type, perm_id) VALUES (21, 14, 38);
INSERT INTO rbac.role_perm (role_id, obj_type, perm_id) VALUES (21, 15, 55);
INSERT INTO rbac.role_perm (role_id, obj_type, perm_id) VALUES (21, 15, 56);
INSERT INTO rbac.role_perm (role_id, obj_type, perm_id) VALUES (21, 15, 57);
INSERT INTO rbac.role_perm (role_id, obj_type, perm_id) VALUES (21, 16, 42);
INSERT INTO rbac.role_perm (role_id, obj_type, perm_id) VALUES (22, 30, 1);


INSERT INTO rbac.permissions (perm_id, name) VALUES (1, 'view_counter');
INSERT INTO rbac.permissions (perm_id, name) VALUES (2, 'edit_counter');
INSERT INTO rbac.permissions (perm_id, name) VALUES (3, 'add_counter');
INSERT INTO rbac.permissions (perm_id, name) VALUES (4, 'delete_counter');
INSERT INTO rbac.permissions (perm_id, name) VALUES (5, 'view_counter_list');
INSERT INTO rbac.permissions (perm_id, name) VALUES (6, 'grant_view_counter');
INSERT INTO rbac.permissions (perm_id, name) VALUES (7, 'grant_edit_counter');
INSERT INTO rbac.permissions (perm_id, name) VALUES (8, 'view_grant_list');
INSERT INTO rbac.permissions (perm_id, name) VALUES (9, 'delete_guest_counter');
INSERT INTO rbac.permissions (perm_id, name) VALUES (10, 'admin_section_search_counter');
INSERT INTO rbac.permissions (perm_id, name) VALUES (11, 'admin_section_stat');
INSERT INTO rbac.permissions (perm_id, name) VALUES (12, 'admin_section_traffic');
INSERT INTO rbac.permissions (perm_id, name) VALUES (13, 'admin_section_monitor');
INSERT INTO rbac.permissions (perm_id, name) VALUES (14, 'view_counter_all_stat');
INSERT INTO rbac.permissions (perm_id, name) VALUES (15, 'admin_section_move_counter');
INSERT INTO rbac.permissions (perm_id, name) VALUES (16, 'admin_section_change_user_role');
INSERT INTO rbac.permissions (perm_id, name) VALUES (17, 'save_constructor_report');
INSERT INTO rbac.permissions (perm_id, name) VALUES (18, 'delete_constructor_report');
INSERT INTO rbac.permissions (perm_id, name) VALUES (19, 'view_direct_stat');
INSERT INTO rbac.permissions (perm_id, name) VALUES (20, 'save_constructor_last_report');
INSERT INTO rbac.permissions (perm_id, name) VALUES (21, 'api_hidden_methods');
INSERT INTO rbac.permissions (perm_id, name) VALUES (22, 'change_delegate');
INSERT INTO rbac.permissions (perm_id, name) VALUES (23, 'change_account');
INSERT INTO rbac.permissions (perm_id, name) VALUES (24, 'view_markedphones_stat');
INSERT INTO rbac.permissions (perm_id, name) VALUES (25, 'admin_section_markedphones');
INSERT INTO rbac.permissions (perm_id, name) VALUES (26, 'visor');
INSERT INTO rbac.permissions (perm_id, name) VALUES (27, 'view_visor_stat');
INSERT INTO rbac.permissions (perm_id, name) VALUES (28, 'view_beta_tester');
INSERT INTO rbac.permissions (perm_id, name) VALUES (29, 'admin_section_change_super_role');
INSERT INTO rbac.permissions (perm_id, name) VALUES (30, 'perm_view_delegate_list');
INSERT INTO rbac.permissions (perm_id, name) VALUES (31, 'perm_view_account_list');
INSERT INTO rbac.permissions (perm_id, name) VALUES (32, 'view_application');
INSERT INTO rbac.permissions (perm_id, name) VALUES (33, 'edit_application');
INSERT INTO rbac.permissions (perm_id, name) VALUES (34, 'delete_application');
INSERT INTO rbac.permissions (perm_id, name) VALUES (35, 'grant_view_application');
INSERT INTO rbac.permissions (perm_id, name) VALUES (36, 'grant_edit_application');
INSERT INTO rbac.permissions (perm_id, name) VALUES (37, 'view_app_grant_list');
INSERT INTO rbac.permissions (perm_id, name) VALUES (38, 'delete_guest_application');
INSERT INTO rbac.permissions (perm_id, name) VALUES (39, 'view_label');
INSERT INTO rbac.permissions (perm_id, name) VALUES (40, 'edit_label');
INSERT INTO rbac.permissions (perm_id, name) VALUES (41, 'delete_label');
INSERT INTO rbac.permissions (perm_id, name) VALUES (42, 'segment_retargeting');
INSERT INTO rbac.permissions (perm_id, name) VALUES (43, 'view_application_all_stat');
INSERT INTO rbac.permissions (perm_id, name) VALUES (44, 'move_counter');
INSERT INTO rbac.permissions (perm_id, name) VALUES (45, 'move_application');
INSERT INTO rbac.permissions (perm_id, name) VALUES (46, 'view_direct');
INSERT INTO rbac.permissions (perm_id, name) VALUES (47, 'view_bug');
INSERT INTO rbac.permissions (perm_id, name) VALUES (48, 'view_partner');
INSERT INTO rbac.permissions (perm_id, name) VALUES (49, 'edit_partner');
INSERT INTO rbac.permissions (perm_id, name) VALUES (50, 'view_event');
INSERT INTO rbac.permissions (perm_id, name) VALUES (51, 'view_report_order');
INSERT INTO rbac.permissions (perm_id, name) VALUES (52, 'edit_report_order');
INSERT INTO rbac.permissions (perm_id, name) VALUES (53, 'delete_report_order');
INSERT INTO rbac.permissions (perm_id, name) VALUES (54, 'partner_stat');
INSERT INTO rbac.permissions (perm_id, name) VALUES (55, 'view_application_label');
INSERT INTO rbac.permissions (perm_id, name) VALUES (56, 'edit_application_label');
INSERT INTO rbac.permissions (perm_id, name) VALUES (57, 'delete_application_label');
INSERT INTO rbac.permissions (perm_id, name) VALUES (58, 'view_counter_internal_grant_list');
INSERT INTO rbac.permissions (perm_id, name) VALUES (59, 'view_app_internal_grant_list');

INSERT INTO rbac.obj_types (obj_type, descr) VALUES (1, 'владение счетчиком');
INSERT INTO rbac.obj_types (obj_type, descr) VALUES (2, 'просмотр и редактирование счетчика');
INSERT INTO rbac.obj_types (obj_type, descr) VALUES (3, 'просмотр счетчика');
INSERT INTO rbac.obj_types (obj_type, descr) VALUES (4, 'просмотр списка счетчиков');
INSERT INTO rbac.obj_types (obj_type, descr) VALUES (5, 'добавление счетчика');
INSERT INTO rbac.obj_types (obj_type, descr) VALUES (6, 'доступ к админскому разделу');
INSERT INTO rbac.obj_types (obj_type, descr) VALUES (7, 'публичная статистика по счетчику');
INSERT INTO rbac.obj_types (obj_type, descr) VALUES (8, 'API');
INSERT INTO rbac.obj_types (obj_type, descr) VALUES (9, 'преставительство');
INSERT INTO rbac.obj_types (obj_type, descr) VALUES (10, 'Меню "Целевые звонки"');
INSERT INTO rbac.obj_types (obj_type, descr) VALUES (11, 'WebVisor');
INSERT INTO rbac.obj_types (obj_type, descr) VALUES (12, 'владение приложением');
INSERT INTO rbac.obj_types (obj_type, descr) VALUES (13, 'просмотр и редактирование приложения');
INSERT INTO rbac.obj_types (obj_type, descr) VALUES (14, 'просмотр приложения');
INSERT INTO rbac.obj_types (obj_type, descr) VALUES (15, 'владение меткой');
INSERT INTO rbac.obj_types (obj_type, descr) VALUES (16, 'ретаргетинг по сегменту');
INSERT INTO rbac.obj_types (obj_type, descr) VALUES (17, 'публичная статистика по приложению');
INSERT INTO rbac.obj_types (obj_type, descr) VALUES (18, 'доступ ко всем кампаням, относящимся к ClientID');
INSERT INTO rbac.obj_types (obj_type, descr) VALUES (19, 'доступ к части кампаний, относящихся к ClientID');
INSERT INTO rbac.obj_types (obj_type, descr) VALUES (20, 'доступ агентства к партнеру на чтение');
INSERT INTO rbac.obj_types (obj_type, descr) VALUES (21, 'доступ агентства к партнеру на запись');
INSERT INTO rbac.obj_types (obj_type, descr) VALUES (22, 'доступ агентства к событию');
INSERT INTO rbac.obj_types (obj_type, descr) VALUES (23, 'публичное всё по счетчику(демо)');
INSERT INTO rbac.obj_types (obj_type, descr) VALUES (24, 'владение заказанным отчетом');
INSERT INTO rbac.obj_types (obj_type, descr) VALUES (25, 'доступ к данным по деньгам РСЯ');
INSERT INTO rbac.obj_types (obj_type, descr) VALUES (26, 'просмотр счетчика (внутренний)');
INSERT INTO rbac.obj_types (obj_type, descr) VALUES (27, 'просмотр и редактирование счетчика (внутренний)');
INSERT INTO rbac.obj_types (obj_type, descr) VALUES (28, 'просмотр приложения (внутренний)');
INSERT INTO rbac.obj_types (obj_type, descr) VALUES (29, 'просмотр и редактирование приложения (внутренний)');
INSERT INTO rbac.obj_types (obj_type, descr) VALUES (30, 'просмотр класса счетчиков');
