-- segments --
INSERT INTO crm_admin.segment
(id, yql_shared_url, yt_table, aggregate_info, mode, control, created_at)
VALUES
(2, 'segment2_yql_shred_link', 'segment2_yt_table', ('{}')::jsonb, 'Share', 20, '2019-11-20 01:00:00'),
(3, 'segment3_yql_shred_link', 'segment3_yt_table', ('{}')::jsonb, 'Share', 20, '2019-11-20 01:00:00'),
(4, 'segment4_yql_shred_link', 'segment4_yt_table', ('{}')::jsonb, 'Share', 20, '2019-11-20 01:00:00'),
(5, 'segment5_yql_shred_link', 'segment5_yt_table', ('{}')::jsonb, 'Share', 20, '2019-11-20 01:00:00'),
(6, 'segment6_yql_shred_link', 'segment6_yt_table', ('{}')::jsonb, 'Share', 20, '2019-11-20 01:00:00'),
(7, 'segment6_yql_shred_link', 'segment6_yt_table', ('{}')::jsonb, 'Share', 20, '2019-11-20 01:00:00'),
(8, 'segment6_yql_shred_link', 'segment6_yt_table', ('{}')::jsonb, 'Share', 20, '2019-11-20 01:00:00'),
(9, 'segment6_yql_shred_link', 'segment6_yt_table', ('{}')::jsonb, 'Share', 20, '2019-11-20 01:00:00'),
(10, 'segment6_yql_shred_link', 'segment6_yt_table', ('{}')::jsonb, 'Share', 20, '2019-11-20 01:00:00'),
(11, 'segment6_yql_shred_link', 'segment6_yt_table', ('{}')::jsonb, 'Share', 20, '2019-11-20 01:00:00'),
(12, 'segment6_yql_shred_link', 'segment6_yt_table', ('{}')::jsonb, 'Share', 20, '2019-11-20 01:00:00'),
(13, 'segment6_yql_shred_link', 'segment6_yt_table', ('{}')::jsonb, 'Share', 20, '2019-11-20 01:00:00'),
(123, 'segment6_yql_shred_link', 'segment6_yt_table', ('{}')::jsonb, 'Share', 20, '2022-02-09 10:00:00'),
(1234, 'segment6_yql_shred_link', 'segment6_yt_table', ('{}')::jsonb, 'Share', 20, '2022-02-09 10:00:00'),
(33, 'segment6_yql_shred_link', 'segment6_yt_table', ('{}')::jsonb, 'Share', 20, '2019-11-20 01:00:00'),
(34, 'segment6_yql_shred_link', 'segment6_yt_table', ('{}')::jsonb, 'Share', 20, '2019-11-20 01:00:00'),
(35, 'segment6_yql_shred_link', 'segment6_yt_table', ('{}')::jsonb, 'Share', 20, '2019-11-20 01:00:00'),
(36, 'segment6_yql_shred_link', 'segment6_yt_table', ('{}')::jsonb, 'Share', 20, '2019-11-20 01:00:00');


-- groups --
INSERT INTO crm_admin.group
(id, segment_id, created_at, updated_at, params)
VALUES
-- group 2, campaign 2, segment 2, group without content
(2, 2, '2019-11-20 01:00:00', '2019-11-20 01:00:00', ('{"name": "UserGroup", "state": "NEW", "channel": "PUSH", "deeplink": "user push deeplink", "share": 10, "computed": {"total": 100}}')::jsonb),
-- group 3, campaign 3, segment 3, group without feed_id
(3, 3, '2019-11-20 01:00:00', '2019-11-20 01:00:00', ('{"name": "UserGroup", "channel": "promo.fs", "content": "user_fs_id", "days_count": 7, "time_until": "20:20", "share": 10, "computed": {"total": 100}}')::jsonb),
-- group 4, campaign 4, segment 4, group without channel
(4, 4, '2019-11-20 01:00:00', '2019-11-20 01:00:00', ('{"name": "UserGroup", "content": "user_fs_id", "feed_id": "qwe", "days_count": 7, "time_until": "20:20", "share": 10, "computed": {"total": 100}}')::jsonb),
-- group 5, campaign 5, segment 5, fs.group without start_date
(5, 5, '2019-11-20 01:00:00', '2019-11-20 01:00:00', ('{"name": "UserGroup", "state": "NEW", "channel": "promo.notification", "content": "user_fs_id", "time_until": "20:20", "share": 10, "computed": {"total": 100}}')::jsonb),
-- group 6, campaign 6, segment 6, group without end_date
(6, 6, '2019-11-20 01:00:00', '2019-11-20 01:00:00', ('{"name": "UserGroup", "state": "NEW", "channel": "promo.card", "content": "user_fs_id", "days_count": 7, "share": 10, "computed": {"total": 100}}')::jsonb),
-- group 7, campaign 7, segment 7, bad group state
(7, 7, '2019-11-20 01:00:00', '2019-11-20 01:00:00', ('{"name": "UserGroup", "state": "HOLD", "channel": "PUSH", "content": "user_fs_id", "feed_id": "qwe", "share": 10, "computed": {"total": 100}}')::jsonb),
-- group 8, campaign 8, segment 8, bad campaign state
(8, 8, '2019-11-20 01:00:00', '2019-11-20 01:00:00', ('{"name": "UserGroup", "state": "NEW", "channel": "PUSH", "content": "user_fs_id", "feed_id": "qwe", "share": 10, "computed": {"total": 100}}')::jsonb),
-- groups 9-12, campaign 9, segment 9
(9, 9, '2019-11-20 01:00:00', '2019-11-20 01:00:00', ('{"name": "UserGroup", "state": "NEW", "channel": "PUSH", "content": "The Message", "feed_id": "qwe", "share": 10, "computed": {"total": 100}}')::jsonb),
(10, 9, '2019-11-20 01:00:00', '2019-11-20 01:00:00', ('{"name": "UserGroup", "state": "NEW", "channel": "PUSH", "content": "user_fs_id", "feed_id": "qwe", "share": 10, "computed": {"total": 100}}')::jsonb),
(11, 9, '2019-11-20 01:00:00', '2019-11-20 01:00:00', ('{"name": "UserGroup", "state": "NEW", "channel": "PUSH", "content": "user_fs_id", "feed_id": "qwe", "share": 10, "computed": {"total": 100}}')::jsonb),
(12, 9, '2019-11-20 01:00:00', '2019-11-20 01:00:00', ('{"name": "UserGroup", "state": "SENDING", "channel": "PUSH", "content": "user_fs_id", "feed_id": "qwe", "share": 10, "computed": {"total": 100}}')::jsonb),
(13, 9, '2019-11-20 01:00:00', '2019-11-20 01:00:00', ('{"name": "UserGroup", "state": "SENT", "channel": "PUSH", "content": "user_fs_id", "feed_id": "qwe", "share": 10, "computed": {"total": 100}}')::jsonb),
(14, 10, '2019-11-20 01:00:00', '2019-11-20 01:00:00', ('{"efficiency_date": ["2021-04-05", "2021-04-08"], "efficiency_time": ["15:00", "16:59"], "name": "UserGroup", "state": "NEW", "channel": "PUSH", "content": "user_fs_id", "feed_id": "qwe", "share": 10, "computed": {"total": 100}}')::jsonb),
(15, 10, '2019-11-20 01:00:00', '2019-11-20 01:00:00', ('{"name": "UserGroup", "state": "NEW", "channel": "PUSH", "content": "user_fs_id", "feed_id": "qwe", "share": 10, "computed": {"total": 100}}')::jsonb),
(16, 9, '2019-11-20 01:00:00', '2019-11-20 01:00:00', ('{"name": "UserGroup", "state": "NEW", "channel": "DEVNULL", "share": 10}')::jsonb),
(17, 11, '2019-11-20 01:00:00', '2019-11-20 01:00:00', ('{"efficiency_date": ["2021-04-05", "2021-04-05"], "efficiency_time": ["15:00", "16:59"], "name": "UserGroup", "state": "NEW", "channel": "PUSH", "content": "user_fs_id", "feed_id": "qwe", "share": 10, "computed": {"total": 100}}')::jsonb),
(18, 12, '2019-11-20 01:00:00', '2019-11-20 01:00:00', ('{"name": "UserGroup", "state": "NEW", "channel": "DEVNULL", "share": 10, "computed": {"total": 100}}')::jsonb),
(19, 13, '2019-11-20 01:00:00', '2019-11-20 01:00:00', ('{"name": "UserGroup", "state": "NEW", "channel": "DEVNULL", "share": 10, "computed": {"total": 100}}')::jsonb),
(20, 123, '2019-11-20 01:00:00', '2019-11-20 01:00:00', ('{"efficiency_date": ["2022-02-08", "2022-02-09"], "efficiency_time": ["00:00", "23:59"], "name": "UserGroup", "state": "NEW", "channel": "PUSH", "content": "user_fs_id", "feed_id": "qwe", "share": 10, "computed": {"total": 100}}')::jsonb),
(21, 1234, '2019-11-20 01:00:00', '2019-11-20 01:00:00', ('{"efficiency_date": ["2022-04-12", "2022-04-12"], "efficiency_time": ["16:30", "17:00"], "name": "UserGroup", "state": "NEW", "channel": "PUSH", "content": "user_fs_id", "feed_id": "qwe", "share": 10, "computed": {"total": 100}}')::jsonb),
(22, 33, '2021-11-20 01:00:00', '2021-11-20 01:00:00', ('{"name": "UserGroup", "state": "NEW", "channel": "PUSH", "content": "user_fs_id", "feed_id": "qwe", "share": 10, "computed": {"total": 100}}')::jsonb),
(23, 33, '2021-11-20 01:00:00', '2021-11-20 01:00:00', ('{"send_at": "2022-03-24T20:00:00+00:00","name": "UserGroup", "state": "NEW", "channel": "PUSH", "content": "user_fs_id", "feed_id": "qwe", "share": 10, "computed": {"total": 100}}')::jsonb),
(24, 33, '2021-11-20 01:00:00', '2021-11-20 01:00:00', ('{"send_at": "2022-02-22T17:00:00+00:00","name": "UserGroup", "state": "NEW", "channel": "PUSH", "content": "user_fs_id", "feed_id": "qwe", "share": 10, "computed": {"total": 100}}')::jsonb),
(25, 34, '2021-11-20 01:00:00', '2021-11-20 01:00:00', ('{"efficiency_date": ["2022-03-24", "2022-03-25"], "efficiency_time": ["19:00", "15:00"], "name": "UserGroup", "state": "NEW", "channel": "PUSH", "content": "user_fs_id", "feed_id": "qwe", "share": 10, "computed": {"total": 100}}')::jsonb),
(26, 34, '2021-11-20 01:00:00', '2021-11-20 01:00:00', ('{"efficiency_date": ["2022-03-24", "2022-03-25"], "efficiency_time": ["19:00", "15:00"], "send_at": "2022-03-24T20:00:00+00:00","name": "UserGroup", "state": "NEW", "channel": "PUSH", "content": "user_fs_id", "feed_id": "qwe", "share": 10, "computed": {"total": 100}}')::jsonb),
(27, 34, '2021-11-20 01:00:00', '2021-11-20 01:00:00', ('{"efficiency_date": ["2022-03-24", "2022-03-25"], "efficiency_time": ["19:00", "15:00"], "send_at": "2022-03-24T17:00:00+00:00","name": "UserGroup", "state": "NEW", "channel": "PUSH", "content": "user_fs_id", "feed_id": "qwe", "share": 10, "computed": {"total": 100}}')::jsonb),
(28, 34, '2021-11-20 01:00:00', '2021-11-20 01:00:00', ('{"efficiency_date": ["2022-02-22", "2022-03-25"], "efficiency_time": ["16:33", "15:00"], "send_at": "2022-03-24T17:00:00+00:00","name": "UserGroup", "state": "NEW", "channel": "PUSH", "content": "user_fs_id", "feed_id": "qwe", "share": 10, "computed": {"total": 100}}')::jsonb),
(29, 1234, '2019-11-20 01:00:00', '2019-11-20 01:00:00', ('{"efficiency_date": ["2022-04-12", "2022-04-12"], "efficiency_time": ["16:30", "17:00"], "name": "UserGroup", "state": "NEW", "channel": "PUSH", "content": "user_fs_id", "feed_id": "qwe", "share": 10, "computed": {"total": 100}}')::jsonb)
;


INSERT INTO crm_admin.creative (
    id,
    name,
    approved,
    params,
    extra_data,
    created_at,
    updated_at,
    root_id,
    parent_id,
    child_id,
    version_state,
    is_updated
) VALUES (
    1,
    'тест персонализации',
    false,
    '{"title": "тест", "content": "после замены {key_to_replace}", "channel_name": "user_push", "deeplink_utm": true}',
    null,
    '2022-07-13 14:51:21.534112',
    '2022-07-13 14:51:21.534112',
    1,
    null,
    null,
    'DRAFT',
    false
)
;

INSERT INTO crm_admin.group_v2
(
    id,
    creative_id,
    name,
    type,
    state,
    sent,
    segment_id,
    params,
    yql_shared_url,
    created_at,
    updated_at,
    root_id,
    parent_id,
    child_id,
    version_state,
    efficiency_time,
    efficiency_date
)
VALUES
(
    30,
    1,
    'group_1',
    'FILTER',
    'SENT',
    10,
    5,  -- segment_id
    (('{"limit": 0, "cities": [], "locales": [], "computed_limit": null}')::jsonb),
    'yql_shared_url',
    '2019-11-20 01:00:00',
    '2019-11-20 01:00:00',
    30,
    null,
    30,
    'ARCHIVE',
    '{15:00,16:59}',
    '{2022-04-05,2022-04-08}'
),
(
    31,
    1,
    'group_1',
    'FILTER',
    'SENT',
    10,
    5,  -- segment_id
    (('{"limit": 0, "cities": [], "locales": [], "computed_limit": null}')::jsonb),
    'yql_shared_url',
    '2019-11-20 01:00:00',
    '2019-11-20 01:00:00',
    30,
    null,
    30,
    'ARCHIVE',
    null,
    null
),
(
    32,
    1,
    'group_1',
    'FILTER',
    'SENT',
    10,
    5,  -- segment_id
    (('{"limit": 0, "cities": [], "locales": [], "computed_limit": null}')::jsonb),
    'yql_shared_url',
    '2019-11-20 01:00:00',
    '2019-11-20 01:00:00',
    30,
    null,
    30,
    'ARCHIVE',
    null,
    null
)
;

INSERT INTO crm_admin.group_v2
(
    id,
    segment_id,
    name,
    state,
    type,
    params,
    created_at,
    updated_at,
    promocode_settings,
    user_tags,
    computed,
    efficiency_date,
    efficiency_time
)
VALUES
(
    1,
    36,
    'name',
    'NEW',
    'SHARE',
    '{
        "share": 20
    }'::jsonb,
    '2020-03-20 01:00:00',
    '2020-03-20 01:00:00',
    '{
        "active_days": 123,
        "finish_at": "2022-01-31T01:00:00+00:00",
        "series": "promocode123",
        "service": "eats"
     }'::jsonb,
    NULL,
    '{"total": 510}'::jsonb,
    '{"2020-03-27", "2023-03-30"}',
    '{"00:00", "23:59"}'
),
(
    2,
    36,
    'name',
    'NEW',
    'SHARE',
    '{
        "share": 20
    }'::jsonb,
    '2020-03-20 01:00:00',
    '2020-03-20 01:00:00',
    NULL,
    '[{"validity_time": {
        "active_days": 5,
        "end_time": "12:00"
      }, "tag": "tag1", "service": "taxi"},
      {"finish_at": "2022-01-31T04:00:00+03:00", "tag": "tag2", "service": "taxi"}]'::jsonb,
    '{"total": 510}'::jsonb,
    '{"2020-03-27", "2023-03-30"}',
    '{"00:00", "23:59"}'
);

INSERT INTO crm_admin.campaign
(
    id,
    segment_id,
    state,
    name,
    entity_type,
    trend,
    kind,
    subkind,
    discount,
    owner_name,
    ticket,
    ticket_status,
    global_control,
    com_politic,
    created_at,
    updated_at,
    efficiency_start_time,
    efficiency_stop_time,
    efficiency
)
VALUES
(
    1,
    Null,
    'NEW',
    'Пользовательская кампания',
    'User',
    'Направление или тип пользовательской кампании',
    'Тип или подтип пользовательской кампании',
    'subkind',
    True,
    'user1',
    'user_ticket',
    'Открыт',
    True,
    True,
    '2020-03-20 01:00:00',
    '2020-03-20 01:00:00',
    '2021-01-20 01:00:00',
    '2021-12-20 01:00:00',
    False
),
(
    2,
    2,
    'NEW',
    'Пользовательская кампания',
    'User',
    'Направление или тип пользовательской кампании',
    'Тип или подтип пользовательской кампании',
    'subkind',
    True,
    'user1',
    'user_ticket',
    'Открыт',
    True,
    True,
    '2020-03-20 01:00:00',
    '2020-03-20 01:00:00',
    '2021-01-20 01:00:00',
    '2021-12-20 01:00:00',
    False
),
(
    3,
    3,
    'NEW',
    'Пользовательская кампания',
    'User',
    'Направление или тип пользовательской кампании',
    'Тип или подтип пользовательской кампании',
    'subkind',
    True,
    'user1',
    'user_ticket',
    'Открыт',
    True,
    True,
    '2020-03-20 01:00:00',
    '2020-03-20 01:00:00',
    '2021-01-20 01:00:00',
    '2021-12-20 01:00:00',
    False
),
(
    4,
    4,
    'NEW',
    'Кампания 4',
    'User',
    'Направление или тип пользовательской кампании',
    'Тип или подтип пользовательской кампании',
    'subkind',
    True,
    'user1',
    'user_ticket',
    'Открыт',
    True,
    True,
    '2020-03-20 01:00:00',
    '2020-03-20 01:00:00',
    '2021-01-20 01:00:00',
    '2021-12-20 01:00:00',
    False
),
(
    5,
    5,
    'NEW',
    'Кампания 5',
    'User',
    'Направление или тип пользовательской кампании',
    'Тип или подтип пользовательской кампании',
    'subkind',
    True,
    'user1',
    'user_ticket',
    'Открыт',
    True,
    True,
    '2020-03-20 01:00:00',
    '2020-03-20 01:00:00',
    '2021-01-20 01:00:00',
    '2021-12-20 01:00:00',
    False
),
(
    6,
    6,
    'NEW',
    'Кампания 6',
    'User',
    'Направление или тип пользовательской кампании',
    'Тип или подтип пользовательской кампании',
    'subkind',
    True,
    'user1',
    'user_ticket',
    'Открыт',
    True,
    True,
    '2020-03-20 01:00:00',
    '2020-03-20 01:00:00',
    '2021-01-20 01:00:00',
    '2021-12-20 01:00:00',
    False
),
(
    7,
    7,
    'NEW',
    'Кампания 7',
    'User',
    'Направление или тип пользовательской кампании',
    'Тип или подтип пользовательской кампании',
    'subkind',
    True,
    'user1',
    'user_ticket',
    'Открыт',
    True,
    True,
    '2020-03-20 01:00:00',
    '2020-03-20 01:00:00',
    '2021-01-20 01:00:00',
    '2021-12-20 01:00:00',
    False
),
(
    8,
    8,
    'NEW',
    'Кампания 8',
    'User',
    'Направление или тип пользовательской кампании',
    'Тип или подтип пользовательской кампании',
    'subkind',
    True,
    'user1',
    'user_ticket',
    'Открыт',
    True,
    True,
    '2020-03-20 01:00:00',
    '2020-03-20 01:00:00',
    '2021-01-20 01:00:00',
    '2021-12-20 01:00:00',
    False
),
(
    9,
    9,
    'CAMPAIGN_APPROVED',
    'Кампания 8',
    'User',
    'Направление или тип пользовательской кампании',
    'Тип или подтип пользовательской кампании',
    'subkind',
    True,
    'user1',
    'user_ticket',
    'Открыт',
    True,
    True,
    '2020-03-20 01:00:00',
    '2020-03-20 01:00:00',
    '2021-01-20 01:00:00',
    '2021-12-20 01:00:00',
    False
),
(
    10,
    10,
    'CAMPAIGN_APPROVED',
    'Кампания 10',
    'User',
    'Направление или тип пользовательской кампании',
    'Тип или подтип пользовательской кампании',
    'subkind',
    True,
    'user1',
    'user_ticket',
    'Открыт',
    True,
    True,
    '2020-03-20 01:00:00',
    '2020-03-20 01:00:00',
    '2021-04-04 13:00:00',
    '2021-04-12 17:00:00',
    False
),
(
    11,
    11,
    'CAMPAIGN_APPROVED',
    'Кампания 11',
    'User',
    'Направление или тип пользовательской кампании',
    'Тип или подтип пользовательской кампании',
    'subkind',
    True,
    'user1',
    'user_ticket',
    'Открыт',
    True,
    True,
    '2020-03-20 01:00:00',
    '2020-03-20 01:00:00',
    '2021-04-04 13:00:00',
    '2021-04-12 17:00:00',
    True
),
(
    12,
    12,
    'CAMPAIGN_APPROVED',
    'Кампания 12',
    'User',
    'Направление или тип пользовательской кампании',
    'Тип или подтип пользовательской кампании',
    'subkind',
    True,
    'user1',
    'user_ticket',
    'Открыт',
    True,
    True,
    '2020-03-20 01:00:00',
    '2020-03-20 01:00:00',
    '2021-04-04 13:00:00',
    '2021-04-12 17:00:00',
    False
),
(
    13,
    13,
    'CAMPAIGN_APPROVED',
    'Кампания 13',
    'User',
    'Направление или тип пользовательской кампании',
    'Тип или подтип пользовательской кампании',
    'subkind',
    True,
    'user1',
    'user_ticket',
    'Открыт',
    True,
    True,
    '2020-03-20 01:00:00',
    '2020-03-20 01:00:00',
    '2021-04-04 13:00:00',
    '2021-04-12 17:00:00',
    True
),
(
    123,
    123,
    'READY',
    'Кампания 123',
    'User',
    'Направление или тип пользовательской кампании',
    'Тип или подтип пользовательской кампании',
    'subkind',
    True,
    'user1',
    'user_ticket',
    'Открыт',
    True,
    True,
    '2022-02-09 01:00:00',
    '2022-02-09 01:00:00',
    '2022-02-04 13:00:00',
    '2022-04-12 17:00:00',
    True
),
(
    1234,
    1234,
    'READY',
    'Кампания 1234',
    'User',
    'Направление или тип пользовательской кампании',
    'Тип или подтип пользовательской кампании',
    'subkind',
    True,
    'user1',
    'user_ticket',
    'Открыт',
    True,
    True,
    '2022-02-09 01:00:00',
    '2022-02-09 01:00:00',
    '2022-02-04 13:00:00',
    '2022-04-12 17:00:00',
    True
),
(
    33,
    33,
    'READY',
    'Кампания 33',
    'User',
    'Направление или тип пользовательской кампании',
    'Тип или подтип пользовательской кампании',
    'subkind',
    True,
    'user1',
    'user_ticket',
    'Открыт',
    True,
    True,
    '2021-03-20 01:00:00',
    '2022-03-20 01:00:00',
    '2022-02-04 13:00:00',
    '2022-04-12 17:00:00',
    False
),
(
    34,
    34,
    'READY',
    'Кампания 33',
    'User',
    'Направление или тип пользовательской кампании',
    'Тип или подтип пользовательской кампании',
    'subkind',
    True,
    'user1',
    'user_ticket',
    'Открыт',
    True,
    True,
    '2021-03-20 01:00:00',
    '2022-03-20 01:00:00',
    '2022-02-04 13:00:00',
    '2022-04-12 17:00:00',
    True
),
(
    35,
    35,
    'READY',
    'Кампания 35',
    'User',
    'Направление или тип пользовательской кампании',
    'Тип или подтип пользовательской кампании',
    'subkind',
    True,
    'user1',
    'user_ticket',
    'Открыт',
    True,
    True,
    '2021-03-20 01:00:00',
    '2022-03-20 01:00:00',
    '2022-02-04 13:00:00',
    '2022-04-12 17:00:00',
    True
),
(
    36,
    36,
    'READY',
    'Кампания 36',
    'User',
    'Направление или тип пользовательской кампании',
    'Тип или подтип пользовательской кампании',
    'subkind',
    True,
    'user1',
    'user_ticket',
    'Открыт',
    True,
    True,
    '2021-03-20 01:00:00',
    '2022-03-20 01:00:00',
    '2022-02-04 13:00:00',
    '2022-04-12 17:00:00',
    False
)
;

INSERT INTO crm_admin.sending
(
    id,
    campaign_id,
    group_id,
    type,
    state,
    created_at,
    updated_at,
    send_at
)
VALUES
(
    101,  -- id
    1234,  -- campaign_id
    21,  -- group_id
    'PRODUCTION',
    'NEW',
    '2021-02-04 01:00:00',
    '2021-02-04 02:00:00',
    '2021-02-04 02:00:00'
)
;

INSERT INTO crm_admin.group_action (
    id,
    group_id,
    type,
    details,
    parent_id,
    created_at,
    updated_at,
    deleted_at,
    version_root_id,
    version_parent_id,
    version_child_id,
    version_state
) VALUES (
    1,
    32,
    'creative',
    '{"creative_id": 571}',
    null,
    '2022-07-07 10:40:54.475960',
    '2022-07-07 10:44:58.084098',
    null,
    1,
    null,
    null,
    'DRAFT'
)
;
