INSERT INTO partner(id, category, name, logo, comment, created_by, created_at, updated_by, updated_at)
VALUES (1,
        'food',
        'Big zombie shop',
        'https://example.com/image.jpg',
        'Some comment text',
        'valery',
        '2019-05-26 19:10:25+3',
        'valery',
        '2019-05-26 19:10:25+3'),
       (2,
        'food',
        'Big zombie shop',
        'https://example.com/image.jpg',
        'Some comment text',
        'valery',
        '2019-05-26 19:10:25+3',
        'valery',
        '2019-05-26 19:10:25+3'),
       (3,
        'fix',
        'Remonters',
        'https://tipsy.com/image.jpg',
        'Some comment text',
        'valery',
        '2019-05-26 19:10:25+3',
        'valery',
        '2019-05-26 19:10:25+3'),
       (4,
        'carwash',
        'Washers',
        'https://lemon.com/image.jpg',
        'Some comment text',
        'valery',
        '2019-05-26 19:10:25+3',
        'valery',
        '2019-05-26 19:10:25+3');

INSERT INTO location(business_oid, partner_id, longitude, latitude, country, city, address, name, work_time_intervals,
                     tz_offset)
VALUES (1,
        1,
        40.5,
        80.4,
        'Russia',
        'Moscow',
        'Москва, Лубянка, 5',
        'Big zombie shop',
        '[]'::JSONB,
        0),
       (2,
        2,
        40.5,
        80.4,
        'Russia',
        'Moscow',
        'Москва, Лубянка, 5',
        'Big zombie shop',
        '[]'::JSONB,
        0),
       (3,
        3,
        40.5,
        80.4,
        'Russia',
        'Moscow',
        'Москва, Лубянка, 5',
        'Remonters',
        '[]'::JSONB,
        0),
       (4,
        4,
        40.5,
        80.4,
        'Russia',
        'Moscow',
        'Москва, Лубянка, 5',
        'Washers',
        '[]'::JSONB,
        0);

INSERT INTO deal(id,
                 partner_id,
                 title,
                 description_title,
                 comment,
                 consumer,
                 kind,
                 kind_json,
                 enabled,
                 begin_at,
                 finish_at,
                 created_by,
                 updated_by)
VALUES
(1, 1, 'First', 'some', NULL, 'driver', 'fix_price', '{
  "old_price": "5",
  "new_price": "4",
  "old_curr": "RUB",
  "new_curr": "RUB"
}'::jsonb, true, '2019-05-26 19:10:25+3', NULL, 'Ильич', 'Ульянов'),
(2, 2, 'Second', 'some', NULL, 'driver', 'coupon', '{
  "text": "Hee",
  "price": "5",
  "currency": "RUB"
}'::jsonb, true, '2019-05-26 19:10:25+3', NULL, 'Ильич', 'Ульянов');

INSERT INTO active_deal_location(location_id, deal_id)
VALUES (1, 1),
       (2, 2);
