--
-- PostgreSQL database dump
--

-- Dumped from database version 10.20 (Debian 10.20-1.pgdg90+1)
-- Dumped by pg_dump version 10.19 (Ubuntu 10.19-0ubuntu0.18.04.1)

SET statement_timeout = 0;
SET lock_timeout = 0;
SET idle_in_transaction_session_timeout = 0;
SET client_encoding = 'UTF8';
SET standard_conforming_strings = on;
SELECT pg_catalog.set_config('search_path', '', false);
SET check_function_bodies = false;
SET xmloption = content;
SET client_min_messages = warning;
SET row_security = off;

--
-- Data for Name: draft_spec; Type: TABLE DATA; Schema: fees; Owner: sibilla
--

INSERT INTO fees.draft_spec VALUES (1, 'TAXIBILLING-3985 (maksimzubkov). Create software subscription', '2022-04-15 16:36:16.666328+00', 'maksimzubkov, system', 'maksimzubkov', 'TAXIBILLING-3985', '', NULL);
INSERT INTO fees.draft_spec VALUES (2, 'TAXIBILLING-5745', '2022-04-15 16:36:20.950142+00', '<scripts>', 'vvzakharov', 'TAXIBILLING-5745', '', NULL);
INSERT INTO fees.draft_spec VALUES (3, 'TAXIBILLING-5923', '2022-04-15 16:36:21.149597+00', '<scripts>', 'vvzakharov', 'TAXIBILLING-5923', '', NULL);
INSERT INTO fees.draft_spec VALUES (4, '712d316542d843a0908589b1e66ee218', '2022-04-15 16:36:50.320611+00', '<scripts>', 'maksimzubkov', 'TAXI', '', NULL);


--
-- Data for Name: base_rule; Type: TABLE DATA; Schema: fees; Owner: sibilla
--

INSERT INTO fees.base_rule VALUES ('06df2280cfb74beea322cb05539055a0', 'elista', NULL, NULL, 'corp', '2018-04-05 21:00:00+00', '2018-08-18 07:58:00+00', 'Europe/Moscow', 'fixed_percent', '{"percent": 1000}', 0, 150000000, '{"bcd": 300, "p_max": 600, "p_min": 420, "u_max": 600, "u_min": 120}', '{"acp": 0, "agp": 1, "hiring": {"extra_percent": 200, "max_age_in_seconds": 15552000, "extra_percent_with_rent": 400}, "taximeter_payment": 10000, "callcenter_commission_percent": 0}', 0, '{"cost": 1500000, "percent": 700}', '[]', 11800, '[]', 4, '2018-08-15 14:37:05.496+00');
INSERT INTO fees.base_rule VALUES ('1715b67358f9478bb3fc15f828a4e6db', 'samara', NULL, NULL, 'corp', '2019-01-01 00:00:00+00', '2019-05-06 20:00:00+00', 'Europe/Samara', 'fixed_percent', '{"percent": 1200}', 0, 150000000, '{"bcd": 300, "p_max": 600, "p_min": 420, "u_max": 600, "u_min": 120}', '{"acp": 0, "agp": 0, "hiring": {"extra_percent": 200, "max_age_in_seconds": 15552000, "extra_percent_with_rent": 400}, "taximeter_payment": 10000, "callcenter_commission_percent": 200}', 0, '{"cost": 1500000, "percent": 700}', '[]', 12000, '[]', 4, '2019-04-26 12:24:14.662+00');
INSERT INTO fees.base_rule VALUES ('1b09bdcf8d624156935e46e2023980fc', 'samara', NULL, NULL, 'card', '2018-08-18 07:58:00+00', '2018-09-28 18:01:30+00', 'Europe/Samara', 'fixed_percent', '{"percent": 1200}', 0, 150000000, '{"bcd": 300, "p_max": 600, "p_min": 420, "u_max": 600, "u_min": 120}', '{"acp": 0, "agp": 0, "hiring": {"extra_percent": 200, "max_age_in_seconds": 15552000, "extra_percent_with_rent": 400}, "taximeter_payment": 10000, "callcenter_commission_percent": 0}', 0, '{"cost": 1500000, "percent": 700}', '[{"value": 300, "marketing_level": ["sticker"]}, {"value": 300, "marketing_level": ["sticker", "lightbox"]}]', 11800, '[]', 4, '2018-09-27 08:31:26.648+00');
INSERT INTO fees.base_rule VALUES ('24b37b2f9524491893852df29decfab6', 'omsk', NULL, NULL, 'card', '2018-03-22 21:00:00+00', '2018-08-18 07:58:00+00', 'Asia/Omsk', 'fixed_percent', '{"percent": 1193}', 0, 150000000, '{"bcd": 300, "p_max": 600, "p_min": 420, "u_max": 600, "u_min": 120}', '{"acp": 0, "agp": 1, "hiring": {"extra_percent": 200, "max_age_in_seconds": 15552000, "extra_percent_with_rent": 400}, "taximeter_payment": 10000, "callcenter_commission_percent": 0}', 0, '{"cost": 1500000, "percent": 700}', '[{"value": 200, "marketing_level": ["co_branding", "lightbox"]}, {"value": 200, "marketing_level": ["sticker"]}, {"value": 200, "marketing_level": ["co_branding"]}, {"value": 200, "marketing_level": ["sticker", "lightbox"]}]', 11800, '[]', 4, '2018-08-15 14:36:49.847+00');
INSERT INTO fees.base_rule VALUES ('24eb7e2e4d1648f2ac444a3fe86dcfc5', 'omsk', NULL, NULL, 'cash', '2019-01-01 00:00:00+00', '2019-05-06 18:00:00+00', 'Asia/Omsk', 'fixed_percent', '{"percent": 1193}', 0, 150000000, '{"bcd": 300, "p_max": 600, "p_min": 420, "u_max": 600, "u_min": 120}', '{"acp": 0, "agp": 0, "hiring": {"extra_percent": 200, "max_age_in_seconds": 15552000, "extra_percent_with_rent": 400}, "taximeter_payment": 10000, "callcenter_commission_percent": 200}', 0, '{"cost": 1500000, "percent": 700}', '[]', 12000, '[]', 4, '2019-04-29 09:39:12.122+00');
INSERT INTO fees.base_rule VALUES ('3216c6de408b46d6bb800aeb5f36ab93', 'samara', NULL, NULL, 'card', '2018-03-22 21:00:00+00', '2018-08-18 07:58:00+00', 'Europe/Samara', 'fixed_percent', '{"percent": 1200}', 0, 150000000, '{"bcd": 300, "p_max": 600, "p_min": 420, "u_max": 600, "u_min": 120}', '{"acp": 0, "agp": 1, "hiring": {"extra_percent": 200, "max_age_in_seconds": 15552000, "extra_percent_with_rent": 400}, "taximeter_payment": 10000, "callcenter_commission_percent": 0}', 0, '{"cost": 1500000, "percent": 700}', '[{"value": 300, "marketing_level": ["sticker"]}, {"value": 300, "marketing_level": ["sticker", "lightbox"]}]', 11800, '[]', 4, '2018-08-15 14:36:49.862+00');
INSERT INTO fees.base_rule VALUES ('35758ac232e640a4b3eb94b3443efa1b', 'elista', NULL, NULL, 'cash', '2018-08-18 07:58:00+00', '2018-09-28 18:01:30+00', 'Europe/Moscow', 'fixed_percent', '{"percent": 1000}', 0, 150000000, '{"bcd": 300, "p_max": 600, "p_min": 420, "u_max": 600, "u_min": 120}', '{"acp": 0, "agp": 0, "hiring": {"extra_percent": 200, "max_age_in_seconds": 15552000, "extra_percent_with_rent": 400}, "taximeter_payment": 10000, "callcenter_commission_percent": 0}', 0, '{"cost": 1500000, "percent": 700}', '[]', 11800, '[]', 4, '2018-08-15 14:37:05.507+00');
INSERT INTO fees.base_rule VALUES ('3c3c6c64490d4e00908db9ac0d1b71d1', 'omsk', NULL, NULL, 'card', '2018-01-28 21:00:00+00', '2018-02-04 18:00:00+00', 'Asia/Omsk', 'asymptotic_formula', '{"asymp": 114500, "cost_norm": 299000, "numerator": 1038000, "max_commission_percent": 1145}', 0, 150000000, '{"bcd": 300, "p_max": 600, "p_min": 420, "u_max": 600, "u_min": 120}', '{"acp": 0, "agp": 1, "hiring": {"extra_percent": 0, "max_age_in_seconds": 0, "extra_percent_with_rent": 0}, "taximeter_payment": 10000, "callcenter_commission_percent": 0}', 0, '{"cost": 1500000, "percent": 700}', '[{"value": 400, "marketing_level": ["co_branding", "lightbox"]}, {"value": 400, "marketing_level": ["sticker"]}, {"value": 400, "marketing_level": ["co_branding"]}, {"value": 400, "marketing_level": ["sticker", "lightbox"]}]', 11800, '[]', 4, '2018-08-15 14:36:39.51+00');
INSERT INTO fees.base_rule VALUES ('3d7535a649894ba3a083d07d35d24dfe', 'elista', NULL, NULL, 'cash', '2018-04-05 21:00:00+00', '2018-04-05 21:00:00+00', 'Europe/Moscow', 'fixed_percent', '{"percent": 1000}', 0, 150000000, '{"bcd": 300, "p_max": 600, "p_min": 420, "u_max": 600, "u_min": 120}', '{"acp": 0, "agp": 1, "hiring": {"extra_percent": 200, "max_age_in_seconds": 15552000, "extra_percent_with_rent": 400}, "taximeter_payment": 10000, "callcenter_commission_percent": 0}', 0, '{"cost": 1500000, "percent": 700}', '[]', 11800, '[]', 4, '2018-08-15 14:36:49.926+00');
INSERT INTO fees.base_rule VALUES ('3ee414bf8cd24684b7487c98fa61698b', 'elista', NULL, NULL, 'card', '2018-04-05 21:00:00+00', '2018-04-05 21:00:00+00', 'Europe/Moscow', 'fixed_percent', '{"percent": 1000}', 0, 150000000, '{"bcd": 300, "p_max": 600, "p_min": 420, "u_max": 600, "u_min": 120}', '{"acp": 0, "agp": 1, "hiring": {"extra_percent": 200, "max_age_in_seconds": 15552000, "extra_percent_with_rent": 400}, "taximeter_payment": 10000, "callcenter_commission_percent": 0}', 0, '{"cost": 1500000, "percent": 700}', '[]', 11800, '[]', 4, '2018-08-15 14:36:49.926+00');
INSERT INTO fees.base_rule VALUES ('5243704b1fb64ada8128a8a5c459f0be', 'samara', NULL, NULL, 'card', '2019-01-01 00:00:00+00', '2019-05-06 20:00:00+00', 'Europe/Samara', 'fixed_percent', '{"percent": 1200}', 0, 150000000, '{"bcd": 300, "p_max": 600, "p_min": 420, "u_max": 600, "u_min": 120}', '{"acp": 0, "agp": 0, "hiring": {"extra_percent": 200, "max_age_in_seconds": 15552000, "extra_percent_with_rent": 400}, "taximeter_payment": 10000, "callcenter_commission_percent": 200}', 0, '{"cost": 1500000, "percent": 700}', '[]', 12000, '[]', 4, '2019-04-26 12:24:14.852+00');
INSERT INTO fees.base_rule VALUES ('5311f363891b486ca74b232c87aa21e1', 'elista', NULL, NULL, 'cash', '2018-04-05 21:00:00+00', '2018-08-18 07:58:00+00', 'Europe/Moscow', 'fixed_percent', '{"percent": 1000}', 0, 150000000, '{"bcd": 300, "p_max": 600, "p_min": 420, "u_max": 600, "u_min": 120}', '{"acp": 0, "agp": 1, "hiring": {"extra_percent": 200, "max_age_in_seconds": 15552000, "extra_percent_with_rent": 400}, "taximeter_payment": 10000, "callcenter_commission_percent": 0}', 0, '{"cost": 1500000, "percent": 700}', '[]', 11800, '[]', 4, '2018-08-15 14:37:05.507+00');
INSERT INTO fees.base_rule VALUES ('5c42c71a5fc74305b41b28f10d8087ec', 'samara', NULL, NULL, 'corp', '2018-09-28 18:01:30+00', '2018-09-30 20:00:00+00', 'Europe/Samara', 'fixed_percent', '{"percent": 1200}', 0, 150000000, '{"bcd": 300, "p_max": 600, "p_min": 420, "u_max": 600, "u_min": 120}', '{"acp": 0, "agp": 0, "hiring": {"extra_percent": 200, "max_age_in_seconds": 15552000, "extra_percent_with_rent": 400}, "taximeter_payment": 10000, "callcenter_commission_percent": 200}', 0, '{"cost": 1500000, "percent": 700}', '[{"value": 300, "marketing_level": ["sticker"]}, {"value": 300, "marketing_level": ["sticker", "lightbox"]}]', 11800, '[]', 4, '2018-09-27 08:31:39.56+00');
INSERT INTO fees.base_rule VALUES ('6ae4024fe3d448bdbfe6653eb6a30e35', 'elista', NULL, NULL, 'corp', '2018-08-18 07:58:00+00', '2018-09-28 18:01:30+00', 'Europe/Moscow', 'fixed_percent', '{"percent": 1000}', 0, 150000000, '{"bcd": 300, "p_max": 600, "p_min": 420, "u_max": 600, "u_min": 120}', '{"acp": 0, "agp": 0, "hiring": {"extra_percent": 200, "max_age_in_seconds": 15552000, "extra_percent_with_rent": 400}, "taximeter_payment": 10000, "callcenter_commission_percent": 0}', 0, '{"cost": 1500000, "percent": 700}', '[]', 11800, '[]', 4, '2018-08-15 14:37:05.496+00');
INSERT INTO fees.base_rule VALUES ('73dcc6c3b6b5499ebc46518d4dbd27de', 'omsk', NULL, NULL, 'cash', '2018-09-28 18:01:30+00', '2018-09-30 18:00:00+00', 'Asia/Omsk', 'fixed_percent', '{"percent": 1193}', 0, 150000000, '{"bcd": 300, "p_max": 600, "p_min": 420, "u_max": 600, "u_min": 120}', '{"acp": 0, "agp": 0, "hiring": {"extra_percent": 200, "max_age_in_seconds": 15552000, "extra_percent_with_rent": 400}, "taximeter_payment": 10000, "callcenter_commission_percent": 200}', 0, '{"cost": 1500000, "percent": 700}', '[{"value": 200, "marketing_level": ["sticker"]}, {"value": 200, "marketing_level": ["lightbox", "co_branding"]}, {"value": 200, "marketing_level": ["sticker", "lightbox"]}, {"value": 200, "marketing_level": ["co_branding"]}]', 11800, '[]', 4, '2018-09-27 08:36:19.372+00');
INSERT INTO fees.base_rule VALUES ('7a05020a24ab4da89f802db631e742ce', 'omsk', NULL, NULL, 'card', '2018-09-28 18:01:30+00', '2018-09-30 18:00:00+00', 'Asia/Omsk', 'fixed_percent', '{"percent": 1193}', 0, 150000000, '{"bcd": 300, "p_max": 600, "p_min": 420, "u_max": 600, "u_min": 120}', '{"acp": 0, "agp": 0, "hiring": {"extra_percent": 200, "max_age_in_seconds": 15552000, "extra_percent_with_rent": 400}, "taximeter_payment": 10000, "callcenter_commission_percent": 200}', 0, '{"cost": 1500000, "percent": 700}', '[{"value": 200, "marketing_level": ["sticker"]}, {"value": 200, "marketing_level": ["lightbox", "co_branding"]}, {"value": 200, "marketing_level": ["sticker", "lightbox"]}, {"value": 200, "marketing_level": ["co_branding"]}]', 11800, '[]', 4, '2018-09-27 08:36:07.323+00');
INSERT INTO fees.base_rule VALUES ('8a4cb65e02d54c0eb2062e4e7acaae94', 'elista', NULL, NULL, 'card', '2018-09-28 18:01:30+00', '2019-01-01 00:00:00+00', 'Europe/Moscow', 'fixed_percent', '{"percent": 1000}', 0, 150000000, '{"bcd": 300, "p_max": 600, "p_min": 420, "u_max": 600, "u_min": 120}', '{"acp": 0, "agp": 0, "hiring": {"extra_percent": 200, "max_age_in_seconds": 15552000, "extra_percent_with_rent": 400}, "taximeter_payment": 10000, "callcenter_commission_percent": 200}', 0, '{"cost": 1500000, "percent": 700}', '[]', 11800, '[]', 4, '2018-08-15 14:37:05.519+00');
INSERT INTO fees.base_rule VALUES ('8ff9ab1551d8420a8c33123ff2b594db', 'elista', NULL, NULL, 'card', '2018-04-05 21:00:00+00', '2018-08-18 07:58:00+00', 'Europe/Moscow', 'fixed_percent', '{"percent": 1000}', 0, 150000000, '{"bcd": 300, "p_max": 600, "p_min": 420, "u_max": 600, "u_min": 120}', '{"acp": 0, "agp": 1, "hiring": {"extra_percent": 200, "max_age_in_seconds": 15552000, "extra_percent_with_rent": 400}, "taximeter_payment": 10000, "callcenter_commission_percent": 0}', 0, '{"cost": 1500000, "percent": 700}', '[]', 11800, '[]', 4, '2018-08-15 14:37:05.519+00');
INSERT INTO fees.base_rule VALUES ('91d90b31c9f24ddb8a564624e3348ad5', 'samara', NULL, NULL, 'cash', '2018-08-18 07:58:00+00', '2018-09-28 18:01:30+00', 'Europe/Samara', 'fixed_percent', '{"percent": 1200}', 0, 150000000, '{"bcd": 300, "p_max": 600, "p_min": 420, "u_max": 600, "u_min": 120}', '{"acp": 0, "agp": 0, "hiring": {"extra_percent": 200, "max_age_in_seconds": 15552000, "extra_percent_with_rent": 400}, "taximeter_payment": 10000, "callcenter_commission_percent": 0}', 0, '{"cost": 1500000, "percent": 700}', '[{"value": 300, "marketing_level": ["sticker"]}, {"value": 300, "marketing_level": ["sticker", "lightbox"]}]', 11800, '[]', 4, '2018-09-27 08:31:32.782+00');
INSERT INTO fees.base_rule VALUES ('a0d1838fb2764aedae52e3a5e7e28330', 'elista', NULL, NULL, 'corp', '2018-04-05 21:00:00+00', '2018-04-05 21:00:00+00', 'Europe/Moscow', 'fixed_percent', '{"percent": 1000}', 0, 150000000, '{"bcd": 300, "p_max": 600, "p_min": 420, "u_max": 600, "u_min": 120}', '{"acp": 0, "agp": 1, "hiring": {"extra_percent": 200, "max_age_in_seconds": 15552000, "extra_percent_with_rent": 400}, "taximeter_payment": 10000, "callcenter_commission_percent": 0}', 0, '{"cost": 1500000, "percent": 700}', '[]', 11800, '[]', 4, '2018-08-15 14:36:49.906+00');
INSERT INTO fees.base_rule VALUES ('a1bf9d51262747fa9135f053663dfdb8', 'elista', NULL, NULL, 'corp', '2018-01-28 21:00:00+00', '2018-04-05 21:00:00+00', 'Europe/Moscow', 'fixed_percent', '{"percent": 700}', 0, 150000000, '{"bcd": 300, "p_max": 600, "p_min": 420, "u_max": 600, "u_min": 120}', '{"acp": 0, "agp": 1, "hiring": {"extra_percent": 200, "max_age_in_seconds": 15552000, "extra_percent_with_rent": 400}, "taximeter_payment": 10000, "callcenter_commission_percent": 0}', 0, '{"cost": 1500000, "percent": 700}', '[]', 11800, '[]', 4, '2018-08-15 14:36:39.43+00');
INSERT INTO fees.base_rule VALUES ('c12d9fff73d5483fa6c5ca9ae6dc0865', 'samara', NULL, NULL, 'card', '2018-09-28 18:01:30+00', '2018-09-30 20:00:00+00', 'Europe/Samara', 'fixed_percent', '{"percent": 1200}', 0, 150000000, '{"bcd": 300, "p_max": 600, "p_min": 420, "u_max": 600, "u_min": 120}', '{"acp": 0, "agp": 0, "hiring": {"extra_percent": 200, "max_age_in_seconds": 15552000, "extra_percent_with_rent": 400}, "taximeter_payment": 10000, "callcenter_commission_percent": 200}', 0, '{"cost": 1500000, "percent": 700}', '[{"value": 300, "marketing_level": ["sticker"]}, {"value": 300, "marketing_level": ["sticker", "lightbox"]}]', 11800, '[]', 4, '2018-09-27 08:31:26.648+00');
INSERT INTO fees.base_rule VALUES ('ac71977b2974494a8e69db14d4ee922e', 'omsk', NULL, NULL, 'cash', '2018-01-28 21:00:00+00', '2018-02-04 18:00:00+00', 'Asia/Omsk', 'asymptotic_formula', '{"asymp": 114500, "cost_norm": 299000, "numerator": 1038000, "max_commission_percent": 1145}', 0, 150000000, '{"bcd": 300, "p_max": 600, "p_min": 420, "u_max": 600, "u_min": 120}', '{"acp": 0, "agp": 1, "hiring": {"extra_percent": 0, "max_age_in_seconds": 0, "extra_percent_with_rent": 0}, "taximeter_payment": 10000, "callcenter_commission_percent": 0}', 0, '{"cost": 1500000, "percent": 700}', '[{"value": 400, "marketing_level": ["co_branding", "lightbox"]}, {"value": 400, "marketing_level": ["sticker"]}, {"value": 400, "marketing_level": ["co_branding"]}, {"value": 400, "marketing_level": ["sticker", "lightbox"]}]', 11800, '[]', 4, '2018-08-15 14:36:39.51+00');
INSERT INTO fees.base_rule VALUES ('b41a377abb5c43ac9ec957f877854afb', 'samara', NULL, NULL, 'cash', '2018-01-28 21:00:00+00', '2018-02-04 20:00:00+00', 'Europe/Samara', 'asymptotic_formula', '{"asymp": 113800, "cost_norm": 152000, "numerator": 1686000, "max_commission_percent": 1138}', 0, 150000000, '{"bcd": 300, "p_max": 600, "p_min": 420, "u_max": 600, "u_min": 120}', '{"acp": 0, "agp": 1, "hiring": {"extra_percent": 0, "max_age_in_seconds": 0, "extra_percent_with_rent": 0}, "taximeter_payment": 10000, "callcenter_commission_percent": 0}', 0, '{"cost": 1500000, "percent": 700}', '[{"value": 500, "marketing_level": ["sticker"]}, {"value": 500, "marketing_level": ["sticker", "lightbox"]}]', 11800, '[]', 4, '2018-08-15 14:36:39.476+00');
INSERT INTO fees.base_rule VALUES ('b666be3cd85b4963b60497d3af91ffbf', 'omsk', NULL, NULL, 'corp', '2018-08-18 07:58:00+00', '2018-09-28 18:01:30+00', 'Asia/Omsk', 'fixed_percent', '{"percent": 1193}', 0, 150000000, '{"bcd": 300, "p_max": 600, "p_min": 420, "u_max": 600, "u_min": 120}', '{"acp": 0, "agp": 0, "hiring": {"extra_percent": 200, "max_age_in_seconds": 15552000, "extra_percent_with_rent": 400}, "taximeter_payment": 10000, "callcenter_commission_percent": 0}', 0, '{"cost": 1500000, "percent": 700}', '[{"value": 200, "marketing_level": ["sticker"]}, {"value": 200, "marketing_level": ["lightbox", "co_branding"]}, {"value": 200, "marketing_level": ["sticker", "lightbox"]}, {"value": 200, "marketing_level": ["co_branding"]}]', 11800, '[]', 4, '2018-09-27 08:36:29.028+00');
INSERT INTO fees.base_rule VALUES ('b67a527e77834b7eb057bf0127e9eba9', 'omsk', NULL, NULL, 'cash', '2018-08-18 07:58:00+00', '2018-09-28 18:01:30+00', 'Asia/Omsk', 'fixed_percent', '{"percent": 1193}', 0, 150000000, '{"bcd": 300, "p_max": 600, "p_min": 420, "u_max": 600, "u_min": 120}', '{"acp": 0, "agp": 0, "hiring": {"extra_percent": 200, "max_age_in_seconds": 15552000, "extra_percent_with_rent": 400}, "taximeter_payment": 10000, "callcenter_commission_percent": 0}', 0, '{"cost": 1500000, "percent": 700}', '[{"value": 200, "marketing_level": ["sticker"]}, {"value": 200, "marketing_level": ["lightbox", "co_branding"]}, {"value": 200, "marketing_level": ["sticker", "lightbox"]}, {"value": 200, "marketing_level": ["co_branding"]}]', 11800, '[]', 4, '2018-09-27 08:36:19.372+00');
INSERT INTO fees.base_rule VALUES ('b86ce3f5328a43e4a73ef5db0a083d79', 'omsk', NULL, NULL, 'card', '2018-08-18 07:58:00+00', '2018-09-28 18:01:30+00', 'Asia/Omsk', 'fixed_percent', '{"percent": 1193}', 0, 150000000, '{"bcd": 300, "p_max": 600, "p_min": 420, "u_max": 600, "u_min": 120}', '{"acp": 0, "agp": 0, "hiring": {"extra_percent": 200, "max_age_in_seconds": 15552000, "extra_percent_with_rent": 400}, "taximeter_payment": 10000, "callcenter_commission_percent": 0}', 0, '{"cost": 1500000, "percent": 700}', '[{"value": 200, "marketing_level": ["sticker"]}, {"value": 200, "marketing_level": ["lightbox", "co_branding"]}, {"value": 200, "marketing_level": ["sticker", "lightbox"]}, {"value": 200, "marketing_level": ["co_branding"]}]', 11800, '[]', 4, '2018-09-27 08:36:07.323+00');
INSERT INTO fees.base_rule VALUES ('b87ca314391a4d2eafb6f30c21b800ca', 'omsk', NULL, NULL, 'corp', '2018-01-28 21:00:00+00', '2018-02-04 18:00:00+00', 'Asia/Omsk', 'asymptotic_formula', '{"asymp": 114500, "cost_norm": 299000, "numerator": 1038000, "max_commission_percent": 1145}', 0, 150000000, '{"bcd": 300, "p_max": 600, "p_min": 420, "u_max": 600, "u_min": 120}', '{"acp": 0, "agp": 1, "hiring": {"extra_percent": 0, "max_age_in_seconds": 0, "extra_percent_with_rent": 0}, "taximeter_payment": 10000, "callcenter_commission_percent": 0}', 0, '{"cost": 1500000, "percent": 700}', '[{"value": 400, "marketing_level": ["co_branding", "lightbox"]}, {"value": 400, "marketing_level": ["sticker"]}, {"value": 400, "marketing_level": ["co_branding"]}, {"value": 400, "marketing_level": ["sticker", "lightbox"]}]', 11800, '[]', 4, '2018-08-15 14:36:39.479+00');
INSERT INTO fees.base_rule VALUES ('bcf532a803124b948aa8e6532c709c32', 'samara', NULL, NULL, 'corp', '2018-03-22 21:00:00+00', '2018-08-18 07:58:00+00', 'Europe/Samara', 'fixed_percent', '{"percent": 1200}', 0, 150000000, '{"bcd": 300, "p_max": 600, "p_min": 420, "u_max": 600, "u_min": 120}', '{"acp": 0, "agp": 1, "hiring": {"extra_percent": 200, "max_age_in_seconds": 15552000, "extra_percent_with_rent": 400}, "taximeter_payment": 10000, "callcenter_commission_percent": 0}', 0, '{"cost": 1500000, "percent": 700}', '[{"value": 300, "marketing_level": ["sticker"]}, {"value": 300, "marketing_level": ["sticker", "lightbox"]}]', 11800, '[]', 4, '2018-08-15 14:36:49.879+00');
INSERT INTO fees.base_rule VALUES ('bcf864d8b8a14643afef9c4299d485a1', 'elista', NULL, NULL, 'cash', '2018-09-28 18:01:30+00', '2019-01-01 00:00:00+00', 'Europe/Moscow', 'fixed_percent', '{"percent": 1000}', 0, 150000000, '{"bcd": 300, "p_max": 600, "p_min": 420, "u_max": 600, "u_min": 120}', '{"acp": 0, "agp": 0, "hiring": {"extra_percent": 200, "max_age_in_seconds": 15552000, "extra_percent_with_rent": 400}, "taximeter_payment": 10000, "callcenter_commission_percent": 200}', 0, '{"cost": 1500000, "percent": 700}', '[]', 11800, '[]', 4, '2018-08-15 14:37:05.507+00');
INSERT INTO fees.base_rule VALUES ('c0b3a03e53af4f8ca21e032e657789e6', 'elista', NULL, NULL, 'card', '2018-08-18 07:58:00+00', '2018-09-28 18:01:30+00', 'Europe/Moscow', 'fixed_percent', '{"percent": 1000}', 0, 150000000, '{"bcd": 300, "p_max": 600, "p_min": 420, "u_max": 600, "u_min": 120}', '{"acp": 0, "agp": 0, "hiring": {"extra_percent": 200, "max_age_in_seconds": 15552000, "extra_percent_with_rent": 400}, "taximeter_payment": 10000, "callcenter_commission_percent": 0}', 0, '{"cost": 1500000, "percent": 700}', '[]', 11800, '[]', 4, '2018-08-15 14:37:05.519+00');
INSERT INTO fees.base_rule VALUES ('c31e1ef7a00c443c98d79fbafba13b02', 'samara', NULL, NULL, 'cash', '2018-09-28 18:01:30+00', '2018-09-30 20:00:00+00', 'Europe/Samara', 'fixed_percent', '{"percent": 1200}', 0, 150000000, '{"bcd": 300, "p_max": 600, "p_min": 420, "u_max": 600, "u_min": 120}', '{"acp": 0, "agp": 0, "hiring": {"extra_percent": 200, "max_age_in_seconds": 15552000, "extra_percent_with_rent": 400}, "taximeter_payment": 10000, "callcenter_commission_percent": 200}', 0, '{"cost": 1500000, "percent": 700}', '[{"value": 300, "marketing_level": ["sticker"]}, {"value": 300, "marketing_level": ["sticker", "lightbox"]}]', 11800, '[]', 4, '2018-09-27 08:31:32.782+00');
INSERT INTO fees.base_rule VALUES ('c432cb51dacc4c588073912a7c1eead2', 'omsk', NULL, NULL, 'cash', '2018-03-22 21:00:00+00', '2018-08-18 07:58:00+00', 'Asia/Omsk', 'fixed_percent', '{"percent": 1193}', 0, 150000000, '{"bcd": 300, "p_max": 600, "p_min": 420, "u_max": 600, "u_min": 120}', '{"acp": 0, "agp": 1, "hiring": {"extra_percent": 200, "max_age_in_seconds": 15552000, "extra_percent_with_rent": 400}, "taximeter_payment": 10000, "callcenter_commission_percent": 0}', 0, '{"cost": 1500000, "percent": 700}', '[{"value": 200, "marketing_level": ["co_branding", "lightbox"]}, {"value": 200, "marketing_level": ["sticker"]}, {"value": 200, "marketing_level": ["co_branding"]}, {"value": 200, "marketing_level": ["sticker", "lightbox"]}]', 11800, '[]', 4, '2018-08-15 14:36:49.837+00');
INSERT INTO fees.base_rule VALUES ('c4db08f1799242688b198759998a3c1a', 'samara', NULL, NULL, 'cash', '2018-03-22 21:00:00+00', '2018-08-18 07:58:00+00', 'Europe/Samara', 'fixed_percent', '{"percent": 1200}', 0, 150000000, '{"bcd": 300, "p_max": 600, "p_min": 420, "u_max": 600, "u_min": 120}', '{"acp": 0, "agp": 1, "hiring": {"extra_percent": 200, "max_age_in_seconds": 15552000, "extra_percent_with_rent": 400}, "taximeter_payment": 10000, "callcenter_commission_percent": 0}', 0, '{"cost": 1500000, "percent": 700}', '[{"value": 300, "marketing_level": ["sticker"]}, {"value": 300, "marketing_level": ["sticker", "lightbox"]}]', 11800, '[]', 4, '2018-08-15 14:36:49.859+00');
INSERT INTO fees.base_rule VALUES ('c93b351cc85b4a70be5e0bf8d1e04589', 'elista', NULL, NULL, 'card', '2018-01-28 21:00:00+00', '2018-04-05 21:00:00+00', 'Europe/Moscow', 'fixed_percent', '{"percent": 700}', 0, 150000000, '{"bcd": 300, "p_max": 600, "p_min": 420, "u_max": 600, "u_min": 120}', '{"acp": 0, "agp": 1, "hiring": {"extra_percent": 200, "max_age_in_seconds": 15552000, "extra_percent_with_rent": 400}, "taximeter_payment": 10000, "callcenter_commission_percent": 0}', 0, '{"cost": 1500000, "percent": 700}', '[]', 11800, '[]', 4, '2018-08-15 14:36:39.429+00');
INSERT INTO fees.base_rule VALUES ('cec9a0a27208482091a247c8355e8d99', 'omsk', NULL, NULL, 'corp', '2018-09-28 18:01:30+00', '2018-09-30 18:00:00+00', 'Asia/Omsk', 'fixed_percent', '{"percent": 1193}', 0, 150000000, '{"bcd": 300, "p_max": 600, "p_min": 420, "u_max": 600, "u_min": 120}', '{"acp": 0, "agp": 0, "hiring": {"extra_percent": 200, "max_age_in_seconds": 15552000, "extra_percent_with_rent": 400}, "taximeter_payment": 10000, "callcenter_commission_percent": 200}', 0, '{"cost": 1500000, "percent": 700}', '[{"value": 200, "marketing_level": ["sticker"]}, {"value": 200, "marketing_level": ["lightbox", "co_branding"]}, {"value": 200, "marketing_level": ["sticker", "lightbox"]}, {"value": 200, "marketing_level": ["co_branding"]}]', 11800, '[]', 4, '2018-09-27 08:36:29.028+00');
INSERT INTO fees.base_rule VALUES ('d018e73af2634aecbcf002f910670615', 'elista', NULL, NULL, 'corp', '2019-01-01 00:00:00+00', '2999-12-31 21:00:00+00', 'Europe/Moscow', 'fixed_percent', '{"percent": 1000}', 0, 150000000, '{"bcd": 300, "p_max": 600, "p_min": 420, "u_max": 600, "u_min": 120}', '{"acp": 0, "agp": 0, "hiring": {"extra_percent": 200, "max_age_in_seconds": 15552000, "extra_percent_with_rent": 400}, "taximeter_payment": 10000, "callcenter_commission_percent": 200}', 0, '{"cost": 1500000, "percent": 700}', '[]', 12000, '[]', 4, '2018-08-15 14:37:05.496+00');
INSERT INTO fees.base_rule VALUES ('de873750a6044b9a8f79e10da9964b24', 'samara', NULL, NULL, 'cash', '2019-01-01 00:00:00+00', '2019-05-06 20:00:00+00', 'Europe/Samara', 'fixed_percent', '{"percent": 1200}', 0, 150000000, '{"bcd": 300, "p_max": 600, "p_min": 420, "u_max": 600, "u_min": 120}', '{"acp": 0, "agp": 0, "hiring": {"extra_percent": 200, "max_age_in_seconds": 15552000, "extra_percent_with_rent": 400}, "taximeter_payment": 10000, "callcenter_commission_percent": 200}', 0, '{"cost": 1500000, "percent": 700}', '[]', 12000, '[]', 4, '2019-04-26 12:24:15.045+00');
INSERT INTO fees.base_rule VALUES ('ded2f8a640ac4b94a183c388b41332e1', 'elista', NULL, NULL, 'cash', '2018-01-28 21:00:00+00', '2018-04-05 21:00:00+00', 'Europe/Moscow', 'fixed_percent', '{"percent": 700}', 0, 150000000, '{"bcd": 300, "p_max": 600, "p_min": 420, "u_max": 600, "u_min": 120}', '{"acp": 0, "agp": 1, "hiring": {"extra_percent": 200, "max_age_in_seconds": 15552000, "extra_percent_with_rent": 400}, "taximeter_payment": 10000, "callcenter_commission_percent": 0}', 0, '{"cost": 1500000, "percent": 700}', '[]', 11800, '[]', 4, '2018-08-15 14:36:39.467+00');
INSERT INTO fees.base_rule VALUES ('df12e3b9297f467480414563e51b1906', 'elista', NULL, NULL, 'card', '2019-01-01 00:00:00+00', '2999-12-31 21:00:00+00', 'Europe/Moscow', 'fixed_percent', '{"percent": 1000}', 0, 150000000, '{"bcd": 300, "p_max": 600, "p_min": 420, "u_max": 600, "u_min": 120}', '{"acp": 0, "agp": 0, "hiring": {"extra_percent": 200, "max_age_in_seconds": 15552000, "extra_percent_with_rent": 400}, "taximeter_payment": 10000, "callcenter_commission_percent": 200}', 0, '{"cost": 1500000, "percent": 700}', '[]', 12000, '[]', 4, '2018-08-15 14:37:05.519+00');
INSERT INTO fees.base_rule VALUES ('e083a5d49fb149f4a19c3156b3d6f53f', 'samara', NULL, NULL, 'card', '2018-01-28 21:00:00+00', '2018-02-04 20:00:00+00', 'Europe/Samara', 'asymptotic_formula', '{"asymp": 113800, "cost_norm": 152000, "numerator": 1686000, "max_commission_percent": 1138}', 0, 150000000, '{"bcd": 300, "p_max": 600, "p_min": 420, "u_max": 600, "u_min": 120}', '{"acp": 0, "agp": 1, "hiring": {"extra_percent": 0, "max_age_in_seconds": 0, "extra_percent_with_rent": 0}, "taximeter_payment": 10000, "callcenter_commission_percent": 0}', 0, '{"cost": 1500000, "percent": 700}', '[{"value": 500, "marketing_level": ["sticker"]}, {"value": 500, "marketing_level": ["sticker", "lightbox"]}]', 11800, '[]', 4, '2018-08-15 14:36:39.513+00');
INSERT INTO fees.base_rule VALUES ('e2b7b74268fa42e4bd72f6ef183bd184', 'omsk', NULL, NULL, 'card', '2019-01-01 00:00:00+00', '2019-05-06 18:00:00+00', 'Asia/Omsk', 'fixed_percent', '{"percent": 1193}', 0, 150000000, '{"bcd": 300, "p_max": 600, "p_min": 420, "u_max": 600, "u_min": 120}', '{"acp": 0, "agp": 0, "hiring": {"extra_percent": 200, "max_age_in_seconds": 15552000, "extra_percent_with_rent": 400}, "taximeter_payment": 10000, "callcenter_commission_percent": 200}', 0, '{"cost": 1500000, "percent": 700}', '[]', 12000, '[]', 4, '2019-04-29 09:39:12.012+00');
INSERT INTO fees.base_rule VALUES ('e34a3e10f5b14249a20c51b77481d772', 'elista', NULL, NULL, 'cash', '2019-01-01 00:00:00+00', '2999-12-31 21:00:00+00', 'Europe/Moscow', 'fixed_percent', '{"percent": 1000}', 0, 150000000, '{"bcd": 300, "p_max": 600, "p_min": 420, "u_max": 600, "u_min": 120}', '{"acp": 0, "agp": 0, "hiring": {"extra_percent": 200, "max_age_in_seconds": 15552000, "extra_percent_with_rent": 400}, "taximeter_payment": 10000, "callcenter_commission_percent": 200}', 0, '{"cost": 1500000, "percent": 700}', '[]', 12000, '[]', 4, '2018-08-15 14:37:05.507+00');
INSERT INTO fees.base_rule VALUES ('e5a95c49d6e64be3867c824ea00e2109', 'omsk', NULL, NULL, 'corp', '2018-03-22 21:00:00+00', '2018-08-18 07:58:00+00', 'Asia/Omsk', 'fixed_percent', '{"percent": 1193}', 0, 150000000, '{"bcd": 300, "p_max": 600, "p_min": 420, "u_max": 600, "u_min": 120}', '{"acp": 0, "agp": 1, "hiring": {"extra_percent": 200, "max_age_in_seconds": 15552000, "extra_percent_with_rent": 400}, "taximeter_payment": 10000, "callcenter_commission_percent": 0}', 0, '{"cost": 1500000, "percent": 700}', '[{"value": 200, "marketing_level": ["co_branding", "lightbox"]}, {"value": 200, "marketing_level": ["sticker"]}, {"value": 200, "marketing_level": ["co_branding"]}, {"value": 200, "marketing_level": ["sticker", "lightbox"]}]', 11800, '[]', 4, '2018-08-15 14:36:49.844+00');
INSERT INTO fees.base_rule VALUES ('ea0904afb81f47848ba5d121d374acf1', 'elista', NULL, NULL, 'corp', '2018-09-28 18:01:30+00', '2019-01-01 00:00:00+00', 'Europe/Moscow', 'fixed_percent', '{"percent": 1000}', 0, 150000000, '{"bcd": 300, "p_max": 600, "p_min": 420, "u_max": 600, "u_min": 120}', '{"acp": 0, "agp": 0, "hiring": {"extra_percent": 200, "max_age_in_seconds": 15552000, "extra_percent_with_rent": 400}, "taximeter_payment": 10000, "callcenter_commission_percent": 200}', 0, '{"cost": 1500000, "percent": 700}', '[]', 11800, '[]', 4, '2018-08-15 14:37:05.496+00');
INSERT INTO fees.base_rule VALUES ('ead341100a0642b4bc95c50fe49ca4b9', 'samara', NULL, NULL, 'corp', '2018-08-18 07:58:00+00', '2018-09-28 18:01:30+00', 'Europe/Samara', 'fixed_percent', '{"percent": 1200}', 0, 150000000, '{"bcd": 300, "p_max": 600, "p_min": 420, "u_max": 600, "u_min": 120}', '{"acp": 0, "agp": 0, "hiring": {"extra_percent": 200, "max_age_in_seconds": 15552000, "extra_percent_with_rent": 400}, "taximeter_payment": 10000, "callcenter_commission_percent": 0}', 0, '{"cost": 1500000, "percent": 700}', '[{"value": 300, "marketing_level": ["sticker"]}, {"value": 300, "marketing_level": ["sticker", "lightbox"]}]', 11800, '[]', 4, '2018-09-27 08:31:39.56+00');
INSERT INTO fees.base_rule VALUES ('ee0cc06cf61647dca9e80a6a19f042d8', 'samara', NULL, NULL, 'corp', '2018-01-28 21:00:00+00', '2018-02-04 20:00:00+00', 'Europe/Samara', 'asymptotic_formula', '{"asymp": 113800, "cost_norm": 152000, "numerator": 1686000, "max_commission_percent": 1138}', 0, 150000000, '{"bcd": 300, "p_max": 600, "p_min": 420, "u_max": 600, "u_min": 120}', '{"acp": 0, "agp": 1, "hiring": {"extra_percent": 0, "max_age_in_seconds": 0, "extra_percent_with_rent": 0}, "taximeter_payment": 10000, "callcenter_commission_percent": 0}', 0, '{"cost": 1500000, "percent": 700}', '[{"value": 500, "marketing_level": ["sticker"]}, {"value": 500, "marketing_level": ["sticker", "lightbox"]}]', 11800, '[]', 4, '2018-08-15 14:36:39.48+00');
INSERT INTO fees.base_rule VALUES ('f0706f22987b41349f7b90b19c4d4d73', 'omsk', NULL, NULL, 'corp', '2019-01-01 00:00:00+00', '2019-05-06 18:00:00+00', 'Asia/Omsk', 'fixed_percent', '{"percent": 1193}', 0, 150000000, '{"bcd": 300, "p_max": 600, "p_min": 420, "u_max": 600, "u_min": 120}', '{"acp": 0, "agp": 0, "hiring": {"extra_percent": 200, "max_age_in_seconds": 15552000, "extra_percent_with_rent": 400}, "taximeter_payment": 10000, "callcenter_commission_percent": 200}', 0, '{"cost": 1500000, "percent": 700}', '[]', 12000, '[]', 4, '2019-04-29 09:39:11.786+00');
INSERT INTO fees.base_rule VALUES ('572cdd05cee4443646c3a12a', 'samara', NULL, NULL, 'cash', '2016-05-06 21:00:00+00', '2016-05-31 21:00:00+00', 'Europe/Samara', 'fixed_percent', '{"percent": 0}', 0, 60000000, '{"bcd": 300, "p_max": 600, "p_min": 420, "u_max": 600, "u_min": 120}', '{"acp": 200, "agp": 1, "hiring": {"extra_percent": 0, "max_age_in_seconds": 0, "extra_percent_with_rent": 0}, "taximeter_payment": 0, "callcenter_commission_percent": 0}', 0, '{"cost": 8000000, "percent": 0}', '[{"value": 300, "marketing_level": ["lightbox"]}, {"value": 300, "marketing_level": ["lightbox", "sticker"]}]', 11800, '[]', 4, '2018-08-15 14:36:18.772+00');
INSERT INTO fees.base_rule VALUES ('572cdd05cee4443646c3a12b', 'samara', NULL, NULL, 'card', '2016-05-06 21:00:00+00', '2016-05-31 21:00:00+00', 'Europe/Samara', 'fixed_percent', '{"percent": 0}', 0, 60000000, '{"bcd": 300, "p_max": 600, "p_min": 420, "u_max": 600, "u_min": 120}', '{"acp": 200, "agp": 1, "hiring": {"extra_percent": 0, "max_age_in_seconds": 0, "extra_percent_with_rent": 0}, "taximeter_payment": 0, "callcenter_commission_percent": 0}', 0, '{"cost": 8000000, "percent": 0}', '[{"value": 300, "marketing_level": ["lightbox"]}, {"value": 300, "marketing_level": ["lightbox", "sticker"]}]', 11800, '[]', 4, '2018-08-15 14:36:18.772+00');
INSERT INTO fees.base_rule VALUES ('572cdd05cee4443646c3a132', 'omsk', NULL, NULL, 'cash', '2016-05-06 21:00:00+00', '2016-05-31 21:00:00+00', 'Asia/Omsk', 'fixed_percent', '{"percent": 0}', 0, 60000000, '{"bcd": 300, "p_max": 600, "p_min": 420, "u_max": 600, "u_min": 120}', '{"acp": 200, "agp": 1, "hiring": {"extra_percent": 0, "max_age_in_seconds": 0, "extra_percent_with_rent": 0}, "taximeter_payment": 0, "callcenter_commission_percent": 0}', 0, '{"cost": 8000000, "percent": 0}', '[{"value": 300, "marketing_level": ["lightbox"]}, {"value": 300, "marketing_level": ["lightbox", "sticker"]}]', 11800, '[{"cm": {"has_fixed_cancel_percent": true}, "login": "root", "ticket": "TAXIBACKEND-4479", "created": "2016-09-26T15:09:41.226000+06:00"}]', 4, '2018-08-15 14:36:18.774+00');
INSERT INTO fees.base_rule VALUES ('572cdd05cee4443646c3a135', 'omsk', NULL, NULL, 'card', '2016-05-06 21:00:00+00', '2016-05-31 21:00:00+00', 'Asia/Omsk', 'fixed_percent', '{"percent": 0}', 0, 60000000, '{"bcd": 300, "p_max": 600, "p_min": 420, "u_max": 600, "u_min": 120}', '{"acp": 200, "agp": 1, "hiring": {"extra_percent": 0, "max_age_in_seconds": 0, "extra_percent_with_rent": 0}, "taximeter_payment": 0, "callcenter_commission_percent": 0}', 0, '{"cost": 8000000, "percent": 0}', '[{"value": 300, "marketing_level": ["lightbox"]}, {"value": 300, "marketing_level": ["lightbox", "sticker"]}]', 11800, '[{"cm": {"has_fixed_cancel_percent": true}, "login": "root", "ticket": "TAXIBACKEND-4479", "created": "2016-09-26T15:09:41.226000+06:00"}]', 4, '2018-08-15 14:36:18.775+00');
INSERT INTO fees.base_rule VALUES ('574d821dcee44418cea0c94d', 'samara', NULL, NULL, 'cash', '2016-05-31 21:00:00+00', '2016-07-11 19:58:13+00', 'Europe/Samara', 'asymptotic_formula', '{"asymp": 81400, "cost_norm": 326000, "numerator": 1336000, "max_commission_percent": 814}', 0, 60000000, '{"bcd": 300, "p_max": 600, "p_min": 420, "u_max": 600, "u_min": 120}', '{"acp": 200, "agp": 1, "hiring": {"extra_percent": 0, "max_age_in_seconds": 0, "extra_percent_with_rent": 0}, "taximeter_payment": 0, "callcenter_commission_percent": 0}', 1100, '{"cost": 1500000, "percent": 700}', '[]', 11800, '[]', 4, '2018-08-15 14:36:18.795+00');
INSERT INTO fees.base_rule VALUES ('574d821dcee44418cea0c94e', 'samara', NULL, NULL, 'card', '2016-05-31 21:00:00+00', '2016-07-11 19:58:13+00', 'Europe/Samara', 'asymptotic_formula', '{"asymp": 81400, "cost_norm": 326000, "numerator": 1336000, "max_commission_percent": 814}', 0, 60000000, '{"bcd": 300, "p_max": 600, "p_min": 420, "u_max": 600, "u_min": 120}', '{"acp": 200, "agp": 1, "hiring": {"extra_percent": 0, "max_age_in_seconds": 0, "extra_percent_with_rent": 0}, "taximeter_payment": 0, "callcenter_commission_percent": 0}', 1100, '{"cost": 1500000, "percent": 700}', '[]', 11800, '[]', 4, '2018-08-15 14:36:18.795+00');
INSERT INTO fees.base_rule VALUES ('574d821dcee44418cea0c94f', 'omsk', NULL, NULL, 'cash', '2016-05-31 21:00:00+00', '2016-07-11 19:58:13+00', 'Asia/Omsk', 'asymptotic_formula', '{"asymp": 81400, "cost_norm": 326000, "numerator": 1336000, "max_commission_percent": 814}', 0, 60000000, '{"bcd": 300, "p_max": 600, "p_min": 420, "u_max": 600, "u_min": 120}', '{"acp": 200, "agp": 1, "hiring": {"extra_percent": 0, "max_age_in_seconds": 0, "extra_percent_with_rent": 0}, "taximeter_payment": 0, "callcenter_commission_percent": 0}', 1100, '{"cost": 1500000, "percent": 700}', '[]', 11800, '[{"cm": {"has_fixed_cancel_percent": true}, "login": "root", "ticket": "TAXIBACKEND-4479", "created": "2016-09-26T15:09:41.226000+06:00"}]', 4, '2018-08-15 14:36:18.795+00');
INSERT INTO fees.base_rule VALUES ('574d821dcee44418cea0c950', 'omsk', NULL, NULL, 'card', '2016-05-31 21:00:00+00', '2016-07-11 19:58:13+00', 'Asia/Omsk', 'asymptotic_formula', '{"asymp": 81400, "cost_norm": 326000, "numerator": 1336000, "max_commission_percent": 814}', 0, 60000000, '{"bcd": 300, "p_max": 600, "p_min": 420, "u_max": 600, "u_min": 120}', '{"acp": 200, "agp": 1, "hiring": {"extra_percent": 0, "max_age_in_seconds": 0, "extra_percent_with_rent": 0}, "taximeter_payment": 0, "callcenter_commission_percent": 0}', 1100, '{"cost": 1500000, "percent": 700}', '[]', 11800, '[{"cm": {"has_fixed_cancel_percent": true}, "login": "root", "ticket": "TAXIBACKEND-4479", "created": "2016-09-26T15:09:41.226000+06:00"}]', 4, '2018-08-15 14:36:18.795+00');
INSERT INTO fees.base_rule VALUES ('5783cefa97655a7cb3e8e511', 'samara', NULL, NULL, 'cash', '2016-07-11 19:58:13+00', '2016-08-24 12:00:00+00', 'Europe/Samara', 'asymptotic_formula', '{"asymp": 81400, "cost_norm": 326000, "numerator": 1336000, "max_commission_percent": 814}', 0, 60000000, '{"bcd": 300, "p_max": 600, "p_min": 420, "u_max": 600, "u_min": 120}', '{"acp": 200, "agp": 1, "hiring": {"extra_percent": 0, "max_age_in_seconds": 0, "extra_percent_with_rent": 0}, "taximeter_payment": 0, "callcenter_commission_percent": 0}', 1100, '{"cost": 1500000, "percent": 700}', '[{"value": 400, "marketing_level": ["sticker"]}, {"value": 400, "marketing_level": ["lightbox", "sticker"]}]', 11800, '[]', 4, '2018-08-15 14:36:18.818+00');
INSERT INTO fees.base_rule VALUES ('5783cefa97655a7cb3e8e512', 'samara', NULL, NULL, 'card', '2016-07-11 19:58:13+00', '2016-08-24 12:00:00+00', 'Europe/Samara', 'asymptotic_formula', '{"asymp": 81400, "cost_norm": 326000, "numerator": 1336000, "max_commission_percent": 814}', 0, 60000000, '{"bcd": 300, "p_max": 600, "p_min": 420, "u_max": 600, "u_min": 120}', '{"acp": 200, "agp": 1, "hiring": {"extra_percent": 0, "max_age_in_seconds": 0, "extra_percent_with_rent": 0}, "taximeter_payment": 0, "callcenter_commission_percent": 0}', 1100, '{"cost": 1500000, "percent": 700}', '[{"value": 400, "marketing_level": ["sticker"]}, {"value": 400, "marketing_level": ["lightbox", "sticker"]}]', 11800, '[]', 4, '2018-08-15 14:36:18.818+00');
INSERT INTO fees.base_rule VALUES ('5783cefa97655a7cb3e8e513', 'omsk', NULL, NULL, 'cash', '2016-07-11 19:58:13+00', '2016-08-24 12:00:00+00', 'Asia/Omsk', 'asymptotic_formula', '{"asymp": 81400, "cost_norm": 326000, "numerator": 1336000, "max_commission_percent": 814}', 0, 60000000, '{"bcd": 300, "p_max": 600, "p_min": 420, "u_max": 600, "u_min": 120}', '{"acp": 200, "agp": 1, "hiring": {"extra_percent": 0, "max_age_in_seconds": 0, "extra_percent_with_rent": 0}, "taximeter_payment": 0, "callcenter_commission_percent": 0}', 1100, '{"cost": 1500000, "percent": 700}', '[{"value": 400, "marketing_level": ["sticker"]}, {"value": 400, "marketing_level": ["lightbox", "sticker"]}]', 11800, '[{"cm": {"has_fixed_cancel_percent": true}, "login": "root", "ticket": "TAXIBACKEND-4479", "created": "2016-09-26T15:09:41.226000+06:00"}]', 4, '2018-08-15 14:36:18.818+00');
INSERT INTO fees.base_rule VALUES ('5783cefa97655a7cb3e8e514', 'omsk', NULL, NULL, 'card', '2016-07-11 19:58:13+00', '2016-08-24 12:00:00+00', 'Asia/Omsk', 'asymptotic_formula', '{"asymp": 81400, "cost_norm": 326000, "numerator": 1336000, "max_commission_percent": 814}', 0, 60000000, '{"bcd": 300, "p_max": 600, "p_min": 420, "u_max": 600, "u_min": 120}', '{"acp": 200, "agp": 1, "hiring": {"extra_percent": 0, "max_age_in_seconds": 0, "extra_percent_with_rent": 0}, "taximeter_payment": 0, "callcenter_commission_percent": 0}', 1100, '{"cost": 1500000, "percent": 700}', '[{"value": 400, "marketing_level": ["sticker"]}, {"value": 400, "marketing_level": ["lightbox", "sticker"]}]', 11800, '[{"cm": {"has_fixed_cancel_percent": true}, "login": "root", "ticket": "TAXIBACKEND-4479", "created": "2016-09-26T15:09:41.226000+06:00"}]', 4, '2018-08-15 14:36:18.818+00');
INSERT INTO fees.base_rule VALUES ('57b2f39ecee44413b1df4acc', 'samara', NULL, NULL, 'corp', '2016-07-11 19:58:13+00', '2016-08-24 12:00:00+00', 'Europe/Samara', 'asymptotic_formula', '{"asymp": 81400, "cost_norm": 326000, "numerator": 1336000, "max_commission_percent": 814}', 0, 60000000, '{"bcd": 300, "p_max": 600, "p_min": 420, "u_max": 600, "u_min": 120}', '{"acp": 200, "agp": 1, "hiring": {"extra_percent": 0, "max_age_in_seconds": 0, "extra_percent_with_rent": 0}, "taximeter_payment": 0, "callcenter_commission_percent": 0}', 1100, '{"cost": 1500000, "percent": 700}', '[{"value": 400, "marketing_level": ["sticker"]}, {"value": 400, "marketing_level": ["lightbox", "sticker"]}]', 11800, '[]', 4, '2018-08-15 14:36:18.839+00');
INSERT INTO fees.base_rule VALUES ('57b2f39ecee44413b1df4acd', 'omsk', NULL, NULL, 'corp', '2016-07-11 19:58:13+00', '2016-08-24 12:00:00+00', 'Asia/Omsk', 'asymptotic_formula', '{"asymp": 81400, "cost_norm": 326000, "numerator": 1336000, "max_commission_percent": 814}', 0, 60000000, '{"bcd": 300, "p_max": 600, "p_min": 420, "u_max": 600, "u_min": 120}', '{"acp": 200, "agp": 1, "hiring": {"extra_percent": 0, "max_age_in_seconds": 0, "extra_percent_with_rent": 0}, "taximeter_payment": 0, "callcenter_commission_percent": 0}', 1100, '{"cost": 1500000, "percent": 700}', '[{"value": 400, "marketing_level": ["sticker"]}, {"value": 400, "marketing_level": ["lightbox", "sticker"]}]', 11800, '[{"cm": {"has_fixed_cancel_percent": true}, "login": "root", "ticket": "TAXIBACKEND-4479", "created": "2016-09-26T15:09:41.226000+06:00"}]', 4, '2018-08-15 14:36:18.839+00');
INSERT INTO fees.base_rule VALUES ('57bd76f0ea43b000287bb1e3', 'samara', NULL, NULL, 'cash', '2016-08-24 12:00:00+00', '2016-10-26 13:45:00+00', 'Europe/Samara', 'asymptotic_formula', '{"asymp": 81400, "cost_norm": 326000, "numerator": 1336000, "max_commission_percent": 814}', 0, 60000000, '{"bcd": 300, "p_max": 600, "p_min": 420, "u_max": 600, "u_min": 120}', '{"acp": 200, "agp": 1, "hiring": {"extra_percent": 0, "max_age_in_seconds": 0, "extra_percent_with_rent": 0}, "taximeter_payment": 0, "callcenter_commission_percent": 0}', 1100, '{"cost": 1500000, "percent": 700}', '[{"value": 400, "marketing_level": ["co_branding", "lightbox"]}, {"value": 400, "marketing_level": ["sticker"]}, {"value": 400, "marketing_level": ["co_branding"]}, {"value": 400, "marketing_level": ["sticker", "lightbox"]}]', 11800, '[]', 4, '2018-08-15 14:36:23.885+00');
INSERT INTO fees.base_rule VALUES ('57bd76f0ea43b000287bb1e4', 'samara', NULL, NULL, 'card', '2016-08-24 12:00:00+00', '2016-10-26 13:45:00+00', 'Europe/Samara', 'asymptotic_formula', '{"asymp": 81400, "cost_norm": 326000, "numerator": 1336000, "max_commission_percent": 814}', 0, 60000000, '{"bcd": 300, "p_max": 600, "p_min": 420, "u_max": 600, "u_min": 120}', '{"acp": 200, "agp": 1, "hiring": {"extra_percent": 0, "max_age_in_seconds": 0, "extra_percent_with_rent": 0}, "taximeter_payment": 0, "callcenter_commission_percent": 0}', 1100, '{"cost": 1500000, "percent": 700}', '[{"value": 400, "marketing_level": ["co_branding", "lightbox"]}, {"value": 400, "marketing_level": ["sticker"]}, {"value": 400, "marketing_level": ["co_branding"]}, {"value": 400, "marketing_level": ["sticker", "lightbox"]}]', 11800, '[]', 4, '2018-08-15 14:36:23.885+00');
INSERT INTO fees.base_rule VALUES ('57bd76f0ea43b000287bb1e5', 'omsk', NULL, NULL, 'cash', '2016-08-24 12:00:00+00', '2016-10-26 13:45:00+00', 'Asia/Omsk', 'asymptotic_formula', '{"asymp": 81400, "cost_norm": 326000, "numerator": 1336000, "max_commission_percent": 814}', 0, 60000000, '{"bcd": 300, "p_max": 600, "p_min": 420, "u_max": 600, "u_min": 120}', '{"acp": 200, "agp": 1, "hiring": {"extra_percent": 0, "max_age_in_seconds": 0, "extra_percent_with_rent": 0}, "taximeter_payment": 0, "callcenter_commission_percent": 0}', 1100, '{"cost": 1500000, "percent": 700}', '[{"value": 400, "marketing_level": ["co_branding", "lightbox"]}, {"value": 400, "marketing_level": ["sticker"]}, {"value": 400, "marketing_level": ["co_branding"]}, {"value": 400, "marketing_level": ["sticker", "lightbox"]}]', 11800, '[{"cm": {"has_fixed_cancel_percent": true}, "login": "root", "ticket": "TAXIBACKEND-4479", "created": "2016-09-26T15:09:41.226000+06:00"}, {"e": "2016-10-26T19:45:00+06:00", "login": "root", "ticket": "TAXIRATE-165", "created": "2016-10-26T19:15:09.797000+06:00"}]', 4, '2018-08-15 14:36:23.885+00');
INSERT INTO fees.base_rule VALUES ('57bd76f0ea43b000287bb1e6', 'omsk', NULL, NULL, 'card', '2016-08-24 12:00:00+00', '2016-10-26 13:45:00+00', 'Asia/Omsk', 'asymptotic_formula', '{"asymp": 81400, "cost_norm": 326000, "numerator": 1336000, "max_commission_percent": 814}', 0, 60000000, '{"bcd": 300, "p_max": 600, "p_min": 420, "u_max": 600, "u_min": 120}', '{"acp": 200, "agp": 1, "hiring": {"extra_percent": 0, "max_age_in_seconds": 0, "extra_percent_with_rent": 0}, "taximeter_payment": 0, "callcenter_commission_percent": 0}', 1100, '{"cost": 1500000, "percent": 700}', '[{"value": 400, "marketing_level": ["co_branding", "lightbox"]}, {"value": 400, "marketing_level": ["sticker"]}, {"value": 400, "marketing_level": ["co_branding"]}, {"value": 400, "marketing_level": ["sticker", "lightbox"]}]', 11800, '[{"cm": {"has_fixed_cancel_percent": true}, "login": "root", "ticket": "TAXIBACKEND-4479", "created": "2016-09-26T15:09:41.226000+06:00"}, {"e": "2016-10-26T19:45:00+06:00", "login": "root", "ticket": "TAXIRATE-165", "created": "2016-10-26T19:15:09.801000+06:00"}]', 4, '2018-08-15 14:36:23.886+00');
INSERT INTO fees.base_rule VALUES ('57bd76f1ea43b000287bb27c', 'samara', NULL, NULL, 'corp', '2016-08-24 12:00:00+00', '2016-10-26 13:45:00+00', 'Europe/Samara', 'asymptotic_formula', '{"asymp": 81400, "cost_norm": 326000, "numerator": 1336000, "max_commission_percent": 814}', 0, 60000000, '{"bcd": 300, "p_max": 600, "p_min": 420, "u_max": 600, "u_min": 120}', '{"acp": 200, "agp": 1, "hiring": {"extra_percent": 0, "max_age_in_seconds": 0, "extra_percent_with_rent": 0}, "taximeter_payment": 0, "callcenter_commission_percent": 0}', 1100, '{"cost": 1500000, "percent": 700}', '[{"value": 400, "marketing_level": ["co_branding", "lightbox"]}, {"value": 400, "marketing_level": ["sticker"]}, {"value": 400, "marketing_level": ["co_branding"]}, {"value": 400, "marketing_level": ["sticker", "lightbox"]}]', 11800, '[]', 4, '2018-08-15 14:36:23.907+00');
INSERT INTO fees.base_rule VALUES ('57bd76f1ea43b000287bb27d', 'omsk', NULL, NULL, 'corp', '2016-08-24 12:00:00+00', '2016-10-26 13:45:00+00', 'Asia/Omsk', 'asymptotic_formula', '{"asymp": 81400, "cost_norm": 326000, "numerator": 1336000, "max_commission_percent": 814}', 0, 60000000, '{"bcd": 300, "p_max": 600, "p_min": 420, "u_max": 600, "u_min": 120}', '{"acp": 200, "agp": 1, "hiring": {"extra_percent": 0, "max_age_in_seconds": 0, "extra_percent_with_rent": 0}, "taximeter_payment": 0, "callcenter_commission_percent": 0}', 1100, '{"cost": 1500000, "percent": 700}', '[{"value": 400, "marketing_level": ["co_branding", "lightbox"]}, {"value": 400, "marketing_level": ["sticker"]}, {"value": 400, "marketing_level": ["co_branding"]}, {"value": 400, "marketing_level": ["sticker", "lightbox"]}]', 11800, '[{"cm": {"has_fixed_cancel_percent": true}, "login": "root", "ticket": "TAXIBACKEND-4479", "created": "2016-09-26T15:09:41.226000+06:00"}, {"e": "2016-10-26T19:45:00+06:00", "login": "root", "ticket": "TAXIRATE-165", "created": "2016-10-26T19:15:10.259000+06:00"}]', 4, '2018-08-15 14:36:23.907+00');
INSERT INTO fees.base_rule VALUES ('5810ac5dcee444cbbae6c1b4', 'samara', NULL, NULL, 'cash', '2016-10-26 13:45:00+00', '2017-01-31 20:00:00+00', 'Europe/Samara', 'asymptotic_formula', '{"asymp": 81400, "cost_norm": 326000, "numerator": 1336000, "max_commission_percent": 814}', 0, 60000000, '{"bcd": 300, "p_max": 600, "p_min": 420, "u_max": 600, "u_min": 120}', '{"acp": 200, "agp": 1, "hiring": {"extra_percent": 0, "max_age_in_seconds": 0, "extra_percent_with_rent": 0}, "taximeter_payment": 0, "callcenter_commission_percent": 0}', 0, '{"cost": 1500000, "percent": 700}', '[{"value": 400, "marketing_level": ["co_branding", "lightbox"]}, {"value": 400, "marketing_level": ["sticker"]}, {"value": 400, "marketing_level": ["co_branding"]}, {"value": 400, "marketing_level": ["sticker", "lightbox"]}]', 11800, '[]', 4, '2018-08-15 14:36:23.948+00');
INSERT INTO fees.base_rule VALUES ('5810ac5dcee444cbbae6c1b5', 'samara', NULL, NULL, 'card', '2016-10-26 13:45:00+00', '2017-01-31 20:00:00+00', 'Europe/Samara', 'asymptotic_formula', '{"asymp": 81400, "cost_norm": 326000, "numerator": 1336000, "max_commission_percent": 814}', 0, 60000000, '{"bcd": 300, "p_max": 600, "p_min": 420, "u_max": 600, "u_min": 120}', '{"acp": 200, "agp": 1, "hiring": {"extra_percent": 0, "max_age_in_seconds": 0, "extra_percent_with_rent": 0}, "taximeter_payment": 0, "callcenter_commission_percent": 0}', 0, '{"cost": 1500000, "percent": 700}', '[{"value": 400, "marketing_level": ["co_branding", "lightbox"]}, {"value": 400, "marketing_level": ["sticker"]}, {"value": 400, "marketing_level": ["co_branding"]}, {"value": 400, "marketing_level": ["sticker", "lightbox"]}]', 11800, '[]', 4, '2018-08-15 14:36:23.949+00');
INSERT INTO fees.base_rule VALUES ('5810ac5dcee444cbbae6c1b6', 'omsk', NULL, NULL, 'cash', '2016-10-26 13:45:00+00', '2017-01-31 18:00:00+00', 'Asia/Omsk', 'asymptotic_formula', '{"asymp": 81400, "cost_norm": 326000, "numerator": 1336000, "max_commission_percent": 814}', 0, 60000000, '{"bcd": 300, "p_max": 600, "p_min": 420, "u_max": 600, "u_min": 120}', '{"acp": 200, "agp": 1, "hiring": {"extra_percent": 0, "max_age_in_seconds": 0, "extra_percent_with_rent": 0}, "taximeter_payment": 0, "callcenter_commission_percent": 0}', 0, '{"cost": 1500000, "percent": 700}', '[{"value": 400, "marketing_level": ["co_branding", "lightbox"]}, {"value": 400, "marketing_level": ["sticker"]}, {"value": 400, "marketing_level": ["co_branding"]}, {"value": 400, "marketing_level": ["sticker", "lightbox"]}]', 11800, '[]', 4, '2018-08-15 14:36:23.949+00');
INSERT INTO fees.base_rule VALUES ('5810ac5dcee444cbbae6c1b7', 'omsk', NULL, NULL, 'card', '2016-10-26 13:45:00+00', '2017-01-31 18:00:00+00', 'Asia/Omsk', 'asymptotic_formula', '{"asymp": 81400, "cost_norm": 326000, "numerator": 1336000, "max_commission_percent": 814}', 0, 60000000, '{"bcd": 300, "p_max": 600, "p_min": 420, "u_max": 600, "u_min": 120}', '{"acp": 200, "agp": 1, "hiring": {"extra_percent": 0, "max_age_in_seconds": 0, "extra_percent_with_rent": 0}, "taximeter_payment": 0, "callcenter_commission_percent": 0}', 0, '{"cost": 1500000, "percent": 700}', '[{"value": 400, "marketing_level": ["co_branding", "lightbox"]}, {"value": 400, "marketing_level": ["sticker"]}, {"value": 400, "marketing_level": ["co_branding"]}, {"value": 400, "marketing_level": ["sticker", "lightbox"]}]', 11800, '[]', 4, '2018-08-15 14:36:23.949+00');
INSERT INTO fees.base_rule VALUES ('5810ac5ecee444cbbae6c21e', 'samara', NULL, NULL, 'corp', '2016-10-26 13:45:00+00', '2017-01-31 20:00:00+00', 'Europe/Samara', 'asymptotic_formula', '{"asymp": 81400, "cost_norm": 326000, "numerator": 1336000, "max_commission_percent": 814}', 0, 60000000, '{"bcd": 300, "p_max": 600, "p_min": 420, "u_max": 600, "u_min": 120}', '{"acp": 200, "agp": 1, "hiring": {"extra_percent": 0, "max_age_in_seconds": 0, "extra_percent_with_rent": 0}, "taximeter_payment": 0, "callcenter_commission_percent": 0}', 0, '{"cost": 1500000, "percent": 700}', '[{"value": 400, "marketing_level": ["co_branding", "lightbox"]}, {"value": 400, "marketing_level": ["sticker"]}, {"value": 400, "marketing_level": ["co_branding"]}, {"value": 400, "marketing_level": ["sticker", "lightbox"]}]', 11800, '[]', 4, '2018-08-15 14:36:23.961+00');
INSERT INTO fees.base_rule VALUES ('5810ac5ecee444cbbae6c21f', 'omsk', NULL, NULL, 'corp', '2016-10-26 13:45:00+00', '2017-01-31 18:00:00+00', 'Asia/Omsk', 'asymptotic_formula', '{"asymp": 81400, "cost_norm": 326000, "numerator": 1336000, "max_commission_percent": 814}', 0, 60000000, '{"bcd": 300, "p_max": 600, "p_min": 420, "u_max": 600, "u_min": 120}', '{"acp": 200, "agp": 1, "hiring": {"extra_percent": 0, "max_age_in_seconds": 0, "extra_percent_with_rent": 0}, "taximeter_payment": 0, "callcenter_commission_percent": 0}', 0, '{"cost": 1500000, "percent": 700}', '[{"value": 400, "marketing_level": ["co_branding", "lightbox"]}, {"value": 400, "marketing_level": ["sticker"]}, {"value": 400, "marketing_level": ["co_branding"]}, {"value": 400, "marketing_level": ["sticker", "lightbox"]}]', 11800, '[]', 4, '2018-08-15 14:36:23.962+00');
INSERT INTO fees.base_rule VALUES ('58908a6bc69b0f3316c1fc1f', 'omsk', NULL, NULL, 'corp', '2017-01-31 18:00:00+00', '2017-03-01 18:00:00+00', 'Asia/Omsk', 'asymptotic_formula', '{"asymp": 81400, "cost_norm": 326000, "numerator": 1336000, "max_commission_percent": 814}', 0, 60000000, '{"bcd": 300, "p_max": 600, "p_min": 420, "u_max": 600, "u_min": 120}', '{"acp": 200, "agp": 1, "hiring": {"extra_percent": 0, "max_age_in_seconds": 0, "extra_percent_with_rent": 0}, "taximeter_payment": 4000, "callcenter_commission_percent": 0}', 0, '{"cost": 1500000, "percent": 700}', '[{"value": 400, "marketing_level": ["co_branding", "lightbox"]}, {"value": 400, "marketing_level": ["sticker"]}, {"value": 400, "marketing_level": ["co_branding"]}, {"value": 400, "marketing_level": ["sticker", "lightbox"]}]', 11800, '[]', 4, '2018-08-15 14:36:29.063+00');
INSERT INTO fees.base_rule VALUES ('595cef16c69b0fc56d94062a', 'samara', NULL, NULL, 'corp', '2017-07-05 20:00:00+00', '2017-11-30 20:00:00+00', 'Europe/Samara', 'asymptotic_formula', '{"asymp": 113800, "cost_norm": 152000, "numerator": 1686000, "max_commission_percent": 1138}', 0, 60000000, '{"bcd": 300, "p_max": 600, "p_min": 420, "u_max": 600, "u_min": 120}', '{"acp": 0, "agp": 1, "hiring": {"extra_percent": 0, "max_age_in_seconds": 0, "extra_percent_with_rent": 0}, "taximeter_payment": 4000, "callcenter_commission_percent": 0}', 0, '{"cost": 1500000, "percent": 700}', '[{"value": 800, "marketing_level": ["sticker"]}, {"value": 800, "marketing_level": ["sticker", "lightbox"]}]', 11800, '[]', 4, '2018-08-15 14:36:34.265+00');
INSERT INTO fees.base_rule VALUES ('58908a87c69b0f331468cc4b', 'omsk', NULL, NULL, 'cash', '2017-01-31 18:00:00+00', '2017-03-01 18:00:00+00', 'Asia/Omsk', 'asymptotic_formula', '{"asymp": 81400, "cost_norm": 326000, "numerator": 1336000, "max_commission_percent": 814}', 0, 60000000, '{"bcd": 300, "p_max": 600, "p_min": 420, "u_max": 600, "u_min": 120}', '{"acp": 200, "agp": 1, "hiring": {"extra_percent": 0, "max_age_in_seconds": 0, "extra_percent_with_rent": 0}, "taximeter_payment": 4000, "callcenter_commission_percent": 0}', 0, '{"cost": 1500000, "percent": 700}', '[{"value": 400, "marketing_level": ["co_branding", "lightbox"]}, {"value": 400, "marketing_level": ["sticker"]}, {"value": 400, "marketing_level": ["co_branding"]}, {"value": 400, "marketing_level": ["sticker", "lightbox"]}]', 11800, '[]', 4, '2018-08-15 14:36:29.063+00');
INSERT INTO fees.base_rule VALUES ('58908a9fc69b0f33153dc3b1', 'omsk', NULL, NULL, 'card', '2017-01-31 18:00:00+00', '2017-03-01 18:00:00+00', 'Asia/Omsk', 'asymptotic_formula', '{"asymp": 81400, "cost_norm": 326000, "numerator": 1336000, "max_commission_percent": 814}', 0, 60000000, '{"bcd": 300, "p_max": 600, "p_min": 420, "u_max": 600, "u_min": 120}', '{"acp": 200, "agp": 1, "hiring": {"extra_percent": 0, "max_age_in_seconds": 0, "extra_percent_with_rent": 0}, "taximeter_payment": 4000, "callcenter_commission_percent": 0}', 0, '{"cost": 1500000, "percent": 700}', '[{"value": 400, "marketing_level": ["co_branding", "lightbox"]}, {"value": 400, "marketing_level": ["sticker"]}, {"value": 400, "marketing_level": ["co_branding"]}, {"value": 400, "marketing_level": ["sticker", "lightbox"]}]', 11800, '[]', 4, '2018-08-15 14:36:29.063+00');
INSERT INTO fees.base_rule VALUES ('58908d14c69b0fba54b80991', 'samara', NULL, NULL, 'corp', '2017-01-31 20:00:00+00', '2017-03-01 20:00:00+00', 'Europe/Samara', 'asymptotic_formula', '{"asymp": 81400, "cost_norm": 326000, "numerator": 1336000, "max_commission_percent": 814}', 0, 60000000, '{"bcd": 300, "p_max": 600, "p_min": 420, "u_max": 600, "u_min": 120}', '{"acp": 200, "agp": 1, "hiring": {"extra_percent": 0, "max_age_in_seconds": 0, "extra_percent_with_rent": 0}, "taximeter_payment": 4000, "callcenter_commission_percent": 0}', 0, '{"cost": 1500000, "percent": 700}', '[{"value": 400, "marketing_level": ["co_branding", "lightbox"]}, {"value": 400, "marketing_level": ["sticker"]}, {"value": 400, "marketing_level": ["co_branding"]}, {"value": 400, "marketing_level": ["sticker", "lightbox"]}]', 11800, '[]', 4, '2018-08-15 14:36:29.066+00');
INSERT INTO fees.base_rule VALUES ('58908d29c69b0fb1bd590863', 'samara', NULL, NULL, 'cash', '2017-01-31 20:00:00+00', '2017-03-01 20:00:00+00', 'Europe/Samara', 'asymptotic_formula', '{"asymp": 81400, "cost_norm": 326000, "numerator": 1336000, "max_commission_percent": 814}', 0, 60000000, '{"bcd": 300, "p_max": 600, "p_min": 420, "u_max": 600, "u_min": 120}', '{"acp": 200, "agp": 1, "hiring": {"extra_percent": 0, "max_age_in_seconds": 0, "extra_percent_with_rent": 0}, "taximeter_payment": 4000, "callcenter_commission_percent": 0}', 0, '{"cost": 1500000, "percent": 700}', '[{"value": 400, "marketing_level": ["co_branding", "lightbox"]}, {"value": 400, "marketing_level": ["sticker"]}, {"value": 400, "marketing_level": ["co_branding"]}, {"value": 400, "marketing_level": ["sticker", "lightbox"]}]', 11800, '[]', 4, '2018-08-15 14:36:29.066+00');
INSERT INTO fees.base_rule VALUES ('58908d3cc69b0fb1bd590865', 'samara', NULL, NULL, 'card', '2017-01-31 20:00:00+00', '2017-03-01 20:00:00+00', 'Europe/Samara', 'asymptotic_formula', '{"asymp": 81400, "cost_norm": 326000, "numerator": 1336000, "max_commission_percent": 814}', 0, 60000000, '{"bcd": 300, "p_max": 600, "p_min": 420, "u_max": 600, "u_min": 120}', '{"acp": 200, "agp": 1, "hiring": {"extra_percent": 0, "max_age_in_seconds": 0, "extra_percent_with_rent": 0}, "taximeter_payment": 4000, "callcenter_commission_percent": 0}', 0, '{"cost": 1500000, "percent": 700}', '[{"value": 400, "marketing_level": ["co_branding", "lightbox"]}, {"value": 400, "marketing_level": ["sticker"]}, {"value": 400, "marketing_level": ["co_branding"]}, {"value": 400, "marketing_level": ["sticker", "lightbox"]}]', 11800, '[]', 4, '2018-08-15 14:36:29.067+00');
INSERT INTO fees.base_rule VALUES ('58b6b4f7c69b0fb5f6079862', 'omsk', NULL, NULL, 'corp', '2017-03-01 18:00:00+00', '2017-03-15 21:00:00+00', 'Asia/Omsk', 'asymptotic_formula', '{"asymp": 114500, "cost_norm": 299000, "numerator": 1038000, "max_commission_percent": 1145}', 0, 60000000, '{"bcd": 300, "p_max": 600, "p_min": 420, "u_max": 600, "u_min": 120}', '{"acp": 200, "agp": 1, "hiring": {"extra_percent": 0, "max_age_in_seconds": 0, "extra_percent_with_rent": 0}, "taximeter_payment": 4000, "callcenter_commission_percent": 0}', 0, '{"cost": 1500000, "percent": 700}', '[{"value": 400, "marketing_level": ["co_branding", "lightbox"]}, {"value": 400, "marketing_level": ["sticker"]}, {"value": 400, "marketing_level": ["co_branding"]}, {"value": 400, "marketing_level": ["sticker", "lightbox"]}]', 11800, '[]', 4, '2018-08-15 14:36:29.089+00');
INSERT INTO fees.base_rule VALUES ('58b6b507c69b0f6c3da6afab', 'omsk', NULL, NULL, 'card', '2017-03-01 18:00:00+00', '2017-03-15 21:00:00+00', 'Asia/Omsk', 'asymptotic_formula', '{"asymp": 114500, "cost_norm": 299000, "numerator": 1038000, "max_commission_percent": 1145}', 0, 60000000, '{"bcd": 300, "p_max": 600, "p_min": 420, "u_max": 600, "u_min": 120}', '{"acp": 200, "agp": 1, "hiring": {"extra_percent": 0, "max_age_in_seconds": 0, "extra_percent_with_rent": 0}, "taximeter_payment": 4000, "callcenter_commission_percent": 0}', 0, '{"cost": 1500000, "percent": 700}', '[{"value": 400, "marketing_level": ["co_branding", "lightbox"]}, {"value": 400, "marketing_level": ["sticker"]}, {"value": 400, "marketing_level": ["co_branding"]}, {"value": 400, "marketing_level": ["sticker", "lightbox"]}]', 11800, '[]', 4, '2018-08-15 14:36:29.089+00');
INSERT INTO fees.base_rule VALUES ('595cef26c69b0ff11abc4abb', 'samara', NULL, NULL, 'cash', '2017-07-05 20:00:00+00', '2017-11-30 20:00:00+00', 'Europe/Samara', 'asymptotic_formula', '{"asymp": 113800, "cost_norm": 152000, "numerator": 1686000, "max_commission_percent": 1138}', 0, 60000000, '{"bcd": 300, "p_max": 600, "p_min": 420, "u_max": 600, "u_min": 120}', '{"acp": 0, "agp": 1, "hiring": {"extra_percent": 0, "max_age_in_seconds": 0, "extra_percent_with_rent": 0}, "taximeter_payment": 4000, "callcenter_commission_percent": 0}', 0, '{"cost": 1500000, "percent": 700}', '[{"value": 800, "marketing_level": ["sticker"]}, {"value": 800, "marketing_level": ["sticker", "lightbox"]}]', 11800, '[]', 4, '2018-08-15 14:36:34.265+00');
INSERT INTO fees.base_rule VALUES ('58b6b516c69b0f6c3da6afad', 'omsk', NULL, NULL, 'cash', '2017-03-01 18:00:00+00', '2017-03-15 21:00:00+00', 'Asia/Omsk', 'asymptotic_formula', '{"asymp": 114500, "cost_norm": 299000, "numerator": 1038000, "max_commission_percent": 1145}', 0, 60000000, '{"bcd": 300, "p_max": 600, "p_min": 420, "u_max": 600, "u_min": 120}', '{"acp": 200, "agp": 1, "hiring": {"extra_percent": 0, "max_age_in_seconds": 0, "extra_percent_with_rent": 0}, "taximeter_payment": 4000, "callcenter_commission_percent": 0}', 0, '{"cost": 1500000, "percent": 700}', '[{"value": 400, "marketing_level": ["co_branding", "lightbox"]}, {"value": 400, "marketing_level": ["sticker"]}, {"value": 400, "marketing_level": ["co_branding"]}, {"value": 400, "marketing_level": ["sticker", "lightbox"]}]', 11800, '[]', 4, '2018-08-15 14:36:29.089+00');
INSERT INTO fees.base_rule VALUES ('58b6b7e1c69b0f6c3da6afb8', 'samara', NULL, NULL, 'corp', '2017-03-01 20:00:00+00', '2017-03-15 21:00:00+00', 'Europe/Samara', 'asymptotic_formula', '{"asymp": 113800, "cost_norm": 152000, "numerator": 1686000, "max_commission_percent": 1138}', 0, 60000000, '{"bcd": 300, "p_max": 600, "p_min": 420, "u_max": 600, "u_min": 120}', '{"acp": 200, "agp": 1, "hiring": {"extra_percent": 0, "max_age_in_seconds": 0, "extra_percent_with_rent": 0}, "taximeter_payment": 4000, "callcenter_commission_percent": 0}', 0, '{"cost": 1500000, "percent": 700}', '[{"value": 400, "marketing_level": ["co_branding", "lightbox"]}, {"value": 400, "marketing_level": ["sticker"]}, {"value": 400, "marketing_level": ["co_branding"]}, {"value": 400, "marketing_level": ["sticker", "lightbox"]}]', 11800, '[]', 4, '2018-08-15 14:36:29.089+00');
INSERT INTO fees.base_rule VALUES ('58b6b800c69b0f4414135323', 'samara', NULL, NULL, 'card', '2017-03-01 20:00:00+00', '2017-03-15 21:00:00+00', 'Europe/Samara', 'asymptotic_formula', '{"asymp": 113800, "cost_norm": 152000, "numerator": 1686000, "max_commission_percent": 1138}', 0, 60000000, '{"bcd": 300, "p_max": 600, "p_min": 420, "u_max": 600, "u_min": 120}', '{"acp": 200, "agp": 1, "hiring": {"extra_percent": 0, "max_age_in_seconds": 0, "extra_percent_with_rent": 0}, "taximeter_payment": 4000, "callcenter_commission_percent": 0}', 0, '{"cost": 1500000, "percent": 700}', '[{"value": 400, "marketing_level": ["co_branding", "lightbox"]}, {"value": 400, "marketing_level": ["sticker"]}, {"value": 400, "marketing_level": ["co_branding"]}, {"value": 400, "marketing_level": ["sticker", "lightbox"]}]', 11800, '[]', 4, '2018-08-15 14:36:29.089+00');
INSERT INTO fees.base_rule VALUES ('58b6b80ac69b0fb5f6079874', 'samara', NULL, NULL, 'cash', '2017-03-01 20:00:00+00', '2017-03-15 21:00:00+00', 'Europe/Samara', 'asymptotic_formula', '{"asymp": 113800, "cost_norm": 152000, "numerator": 1686000, "max_commission_percent": 1138}', 0, 60000000, '{"bcd": 300, "p_max": 600, "p_min": 420, "u_max": 600, "u_min": 120}', '{"acp": 200, "agp": 1, "hiring": {"extra_percent": 0, "max_age_in_seconds": 0, "extra_percent_with_rent": 0}, "taximeter_payment": 4000, "callcenter_commission_percent": 0}', 0, '{"cost": 1500000, "percent": 700}', '[{"value": 400, "marketing_level": ["co_branding", "lightbox"]}, {"value": 400, "marketing_level": ["sticker"]}, {"value": 400, "marketing_level": ["co_branding"]}, {"value": 400, "marketing_level": ["sticker", "lightbox"]}]', 11800, '[]', 4, '2018-08-15 14:36:29.09+00');
INSERT INTO fees.base_rule VALUES ('58c98569b45bfd5fbfe36098', 'omsk', NULL, NULL, 'corp', '2017-03-15 21:00:00+00', '2017-06-15 18:00:00+00', 'Asia/Omsk', 'asymptotic_formula', '{"asymp": 114500, "cost_norm": 299000, "numerator": 1038000, "max_commission_percent": 1145}', 0, 60000000, '{"bcd": 300, "p_max": 600, "p_min": 420, "u_max": 600, "u_min": 120}', '{"acp": 0, "agp": 1, "hiring": {"extra_percent": 0, "max_age_in_seconds": 0, "extra_percent_with_rent": 0}, "taximeter_payment": 4000, "callcenter_commission_percent": 0}', 0, '{"cost": 1500000, "percent": 700}', '[{"value": 400, "marketing_level": ["co_branding", "lightbox"]}, {"value": 400, "marketing_level": ["sticker"]}, {"value": 400, "marketing_level": ["co_branding"]}, {"value": 400, "marketing_level": ["sticker", "lightbox"]}]', 11800, '[]', 4, '2018-08-15 14:36:29.123+00');
INSERT INTO fees.base_rule VALUES ('58c98569b45bfd5fbfe3609b', 'omsk', NULL, NULL, 'card', '2017-03-15 21:00:00+00', '2017-06-15 18:00:00+00', 'Asia/Omsk', 'asymptotic_formula', '{"asymp": 114500, "cost_norm": 299000, "numerator": 1038000, "max_commission_percent": 1145}', 0, 60000000, '{"bcd": 300, "p_max": 600, "p_min": 420, "u_max": 600, "u_min": 120}', '{"acp": 0, "agp": 1, "hiring": {"extra_percent": 0, "max_age_in_seconds": 0, "extra_percent_with_rent": 0}, "taximeter_payment": 4000, "callcenter_commission_percent": 0}', 0, '{"cost": 1500000, "percent": 700}', '[{"value": 400, "marketing_level": ["co_branding", "lightbox"]}, {"value": 400, "marketing_level": ["sticker"]}, {"value": 400, "marketing_level": ["co_branding"]}, {"value": 400, "marketing_level": ["sticker", "lightbox"]}]', 11800, '[]', 4, '2018-08-15 14:36:29.123+00');
INSERT INTO fees.base_rule VALUES ('58c98569b45bfd5fbfe3609e', 'omsk', NULL, NULL, 'cash', '2017-03-15 21:00:00+00', '2017-06-15 18:00:00+00', 'Asia/Omsk', 'asymptotic_formula', '{"asymp": 114500, "cost_norm": 299000, "numerator": 1038000, "max_commission_percent": 1145}', 0, 60000000, '{"bcd": 300, "p_max": 600, "p_min": 420, "u_max": 600, "u_min": 120}', '{"acp": 0, "agp": 1, "hiring": {"extra_percent": 0, "max_age_in_seconds": 0, "extra_percent_with_rent": 0}, "taximeter_payment": 4000, "callcenter_commission_percent": 0}', 0, '{"cost": 1500000, "percent": 700}', '[{"value": 400, "marketing_level": ["co_branding", "lightbox"]}, {"value": 400, "marketing_level": ["sticker"]}, {"value": 400, "marketing_level": ["co_branding"]}, {"value": 400, "marketing_level": ["sticker", "lightbox"]}]', 11800, '[]', 4, '2018-08-15 14:36:29.123+00');
INSERT INTO fees.base_rule VALUES ('595cef2ec69b0ff11abc4abd', 'samara', NULL, NULL, 'card', '2017-07-05 20:00:00+00', '2017-11-30 20:00:00+00', 'Europe/Samara', 'asymptotic_formula', '{"asymp": 113800, "cost_norm": 152000, "numerator": 1686000, "max_commission_percent": 1138}', 0, 60000000, '{"bcd": 300, "p_max": 600, "p_min": 420, "u_max": 600, "u_min": 120}', '{"acp": 0, "agp": 1, "hiring": {"extra_percent": 0, "max_age_in_seconds": 0, "extra_percent_with_rent": 0}, "taximeter_payment": 4000, "callcenter_commission_percent": 0}', 0, '{"cost": 1500000, "percent": 700}', '[{"value": 800, "marketing_level": ["sticker"]}, {"value": 800, "marketing_level": ["sticker", "lightbox"]}]', 11800, '[]', 4, '2018-08-15 14:36:34.265+00');
INSERT INTO fees.base_rule VALUES ('58c9856ab45bfd5fbfe360ec', 'samara', NULL, NULL, 'corp', '2017-03-15 21:00:00+00', '2017-07-02 20:00:00+00', 'Europe/Samara', 'asymptotic_formula', '{"asymp": 113800, "cost_norm": 152000, "numerator": 1686000, "max_commission_percent": 1138}', 0, 60000000, '{"bcd": 300, "p_max": 600, "p_min": 420, "u_max": 600, "u_min": 120}', '{"acp": 0, "agp": 1, "hiring": {"extra_percent": 0, "max_age_in_seconds": 0, "extra_percent_with_rent": 0}, "taximeter_payment": 4000, "callcenter_commission_percent": 0}', 0, '{"cost": 1500000, "percent": 700}', '[{"value": 400, "marketing_level": ["co_branding", "lightbox"]}, {"value": 400, "marketing_level": ["sticker"]}, {"value": 400, "marketing_level": ["co_branding"]}, {"value": 400, "marketing_level": ["sticker", "lightbox"]}]', 11800, '[]', 4, '2018-08-15 14:36:29.126+00');
INSERT INTO fees.base_rule VALUES ('58c9856ab45bfd5fbfe360ef', 'samara', NULL, NULL, 'card', '2017-03-15 21:00:00+00', '2017-07-02 20:00:00+00', 'Europe/Samara', 'asymptotic_formula', '{"asymp": 113800, "cost_norm": 152000, "numerator": 1686000, "max_commission_percent": 1138}', 0, 60000000, '{"bcd": 300, "p_max": 600, "p_min": 420, "u_max": 600, "u_min": 120}', '{"acp": 0, "agp": 1, "hiring": {"extra_percent": 0, "max_age_in_seconds": 0, "extra_percent_with_rent": 0}, "taximeter_payment": 4000, "callcenter_commission_percent": 0}', 0, '{"cost": 1500000, "percent": 700}', '[{"value": 400, "marketing_level": ["co_branding", "lightbox"]}, {"value": 400, "marketing_level": ["sticker"]}, {"value": 400, "marketing_level": ["co_branding"]}, {"value": 400, "marketing_level": ["sticker", "lightbox"]}]', 11800, '[]', 4, '2018-08-15 14:36:29.126+00');
INSERT INTO fees.base_rule VALUES ('58c9856ab45bfd5fbfe360f2', 'samara', NULL, NULL, 'cash', '2017-03-15 21:00:00+00', '2017-07-02 20:00:00+00', 'Europe/Samara', 'asymptotic_formula', '{"asymp": 113800, "cost_norm": 152000, "numerator": 1686000, "max_commission_percent": 1138}', 0, 60000000, '{"bcd": 300, "p_max": 600, "p_min": 420, "u_max": 600, "u_min": 120}', '{"acp": 0, "agp": 1, "hiring": {"extra_percent": 0, "max_age_in_seconds": 0, "extra_percent_with_rent": 0}, "taximeter_payment": 4000, "callcenter_commission_percent": 0}', 0, '{"cost": 1500000, "percent": 700}', '[{"value": 400, "marketing_level": ["co_branding", "lightbox"]}, {"value": 400, "marketing_level": ["sticker"]}, {"value": 400, "marketing_level": ["co_branding"]}, {"value": 400, "marketing_level": ["sticker", "lightbox"]}]', 11800, '[]', 4, '2018-08-15 14:36:29.126+00');
INSERT INTO fees.base_rule VALUES ('594257b7dac625c31f105c59', 'omsk', NULL, NULL, 'corp', '2017-06-15 18:00:00+00', '2018-01-14 18:00:00+00', 'Asia/Omsk', 'asymptotic_formula', '{"asymp": 114500, "cost_norm": 299000, "numerator": 1038000, "max_commission_percent": 1145}', 0, 60000000, '{"bcd": 300, "p_max": 600, "p_min": 420, "u_max": 600, "u_min": 120}', '{"acp": 0, "agp": 1, "hiring": {"extra_percent": 0, "max_age_in_seconds": 0, "extra_percent_with_rent": 0}, "taximeter_payment": 4000, "callcenter_commission_percent": 0}', 0, '{"cost": 1500000, "percent": 700}', '[{"value": 800, "marketing_level": ["co_branding", "lightbox"]}, {"value": 800, "marketing_level": ["sticker"]}, {"value": 800, "marketing_level": ["co_branding"]}, {"value": 800, "marketing_level": ["sticker", "lightbox"]}]', 11800, '[]', 4, '2018-08-15 14:36:29.175+00');
INSERT INTO fees.base_rule VALUES ('594257c8dac625697869d286', 'omsk', NULL, NULL, 'cash', '2017-06-15 18:00:00+00', '2018-01-14 18:00:00+00', 'Asia/Omsk', 'asymptotic_formula', '{"asymp": 114500, "cost_norm": 299000, "numerator": 1038000, "max_commission_percent": 1145}', 0, 60000000, '{"bcd": 300, "p_max": 600, "p_min": 420, "u_max": 600, "u_min": 120}', '{"acp": 0, "agp": 1, "hiring": {"extra_percent": 0, "max_age_in_seconds": 0, "extra_percent_with_rent": 0}, "taximeter_payment": 4000, "callcenter_commission_percent": 0}', 0, '{"cost": 1500000, "percent": 700}', '[{"value": 800, "marketing_level": ["co_branding", "lightbox"]}, {"value": 800, "marketing_level": ["sticker"]}, {"value": 800, "marketing_level": ["co_branding"]}, {"value": 800, "marketing_level": ["sticker", "lightbox"]}]', 11800, '[]', 4, '2018-08-15 14:36:29.175+00');
INSERT INTO fees.base_rule VALUES ('594257d5dac625c9bca55247', 'omsk', NULL, NULL, 'card', '2017-06-15 18:00:00+00', '2018-01-14 18:00:00+00', 'Asia/Omsk', 'asymptotic_formula', '{"asymp": 114500, "cost_norm": 299000, "numerator": 1038000, "max_commission_percent": 1145}', 0, 60000000, '{"bcd": 300, "p_max": 600, "p_min": 420, "u_max": 600, "u_min": 120}', '{"acp": 0, "agp": 1, "hiring": {"extra_percent": 0, "max_age_in_seconds": 0, "extra_percent_with_rent": 0}, "taximeter_payment": 4000, "callcenter_commission_percent": 0}', 0, '{"cost": 1500000, "percent": 700}', '[{"value": 800, "marketing_level": ["co_branding", "lightbox"]}, {"value": 800, "marketing_level": ["sticker"]}, {"value": 800, "marketing_level": ["co_branding"]}, {"value": 800, "marketing_level": ["sticker", "lightbox"]}]', 11800, '[]', 4, '2018-08-15 14:36:29.176+00');
INSERT INTO fees.base_rule VALUES ('5942585cdac6250c490b1c22', 'omsk', NULL, NULL, 'corp', '2018-01-14 18:00:00+00', '2018-01-28 21:00:00+00', 'Asia/Omsk', 'asymptotic_formula', '{"asymp": 114500, "cost_norm": 299000, "numerator": 1038000, "max_commission_percent": 1145}', 0, 60000000, '{"bcd": 300, "p_max": 600, "p_min": 420, "u_max": 600, "u_min": 120}', '{"acp": 0, "agp": 1, "hiring": {"extra_percent": 0, "max_age_in_seconds": 0, "extra_percent_with_rent": 0}, "taximeter_payment": 4000, "callcenter_commission_percent": 0}', 0, '{"cost": 1500000, "percent": 700}', '[{"value": 400, "marketing_level": ["co_branding", "lightbox"]}, {"value": 400, "marketing_level": ["sticker"]}, {"value": 400, "marketing_level": ["co_branding"]}, {"value": 400, "marketing_level": ["sticker", "lightbox"]}]', 11800, '[]', 4, '2018-08-15 14:36:29.176+00');
INSERT INTO fees.base_rule VALUES ('5a057b77dac6258ab27ea7c2', 'elista', NULL, NULL, 'card', '2017-11-10 10:15:00+00', '2018-01-28 21:00:00+00', 'Europe/Moscow', 'fixed_percent', '{"percent": 700}', 0, 60000000, '{"bcd": 300, "p_max": 600, "p_min": 420, "u_max": 600, "u_min": 120}', '{"acp": 0, "agp": 1, "hiring": {"extra_percent": 0, "max_age_in_seconds": 0, "extra_percent_with_rent": 0}, "taximeter_payment": 4000, "callcenter_commission_percent": 0}', 0, '{"cost": 1500000, "percent": 700}', '[]', 11800, '[]', 4, '2018-08-15 14:36:34.31+00');
INSERT INTO fees.base_rule VALUES ('59425867dac6257f11821f3f', 'omsk', NULL, NULL, 'cash', '2018-01-14 18:00:00+00', '2018-01-28 21:00:00+00', 'Asia/Omsk', 'asymptotic_formula', '{"asymp": 114500, "cost_norm": 299000, "numerator": 1038000, "max_commission_percent": 1145}', 0, 60000000, '{"bcd": 300, "p_max": 600, "p_min": 420, "u_max": 600, "u_min": 120}', '{"acp": 0, "agp": 1, "hiring": {"extra_percent": 0, "max_age_in_seconds": 0, "extra_percent_with_rent": 0}, "taximeter_payment": 4000, "callcenter_commission_percent": 0}', 0, '{"cost": 1500000, "percent": 700}', '[{"value": 400, "marketing_level": ["co_branding", "lightbox"]}, {"value": 400, "marketing_level": ["sticker"]}, {"value": 400, "marketing_level": ["co_branding"]}, {"value": 400, "marketing_level": ["sticker", "lightbox"]}]', 11800, '[]', 4, '2018-08-15 14:36:29.176+00');
INSERT INTO fees.base_rule VALUES ('59425872dac6250c490b1c24', 'omsk', NULL, NULL, 'card', '2018-01-14 18:00:00+00', '2018-01-28 21:00:00+00', 'Asia/Omsk', 'asymptotic_formula', '{"asymp": 114500, "cost_norm": 299000, "numerator": 1038000, "max_commission_percent": 1145}', 0, 60000000, '{"bcd": 300, "p_max": 600, "p_min": 420, "u_max": 600, "u_min": 120}', '{"acp": 0, "agp": 1, "hiring": {"extra_percent": 0, "max_age_in_seconds": 0, "extra_percent_with_rent": 0}, "taximeter_payment": 4000, "callcenter_commission_percent": 0}', 0, '{"cost": 1500000, "percent": 700}', '[{"value": 400, "marketing_level": ["co_branding", "lightbox"]}, {"value": 400, "marketing_level": ["sticker"]}, {"value": 400, "marketing_level": ["co_branding"]}, {"value": 400, "marketing_level": ["sticker", "lightbox"]}]', 11800, '[]', 4, '2018-08-15 14:36:29.176+00');
INSERT INTO fees.base_rule VALUES ('59555d06dac625aa919a03a1', 'samara', NULL, NULL, 'corp', '2017-07-02 20:00:00+00', '2017-07-05 20:00:00+00', 'Europe/Samara', 'asymptotic_formula', '{"asymp": 113800, "cost_norm": 152000, "numerator": 1686000, "max_commission_percent": 1138}', 0, 60000000, '{"bcd": 300, "p_max": 600, "p_min": 420, "u_max": 600, "u_min": 120}', '{"acp": 0, "agp": 1, "hiring": {"extra_percent": 0, "max_age_in_seconds": 0, "extra_percent_with_rent": 0}, "taximeter_payment": 4000, "callcenter_commission_percent": 0}', 0, '{"cost": 1500000, "percent": 700}', '[{"value": 800, "marketing_level": ["lightbox"]}, {"value": 800, "marketing_level": ["sticker", "lightbox"]}]', 11800, '[]', 4, '2018-08-15 14:36:29.184+00');
INSERT INTO fees.base_rule VALUES ('59555d19dac625204b445b89', 'samara', NULL, NULL, 'cash', '2017-07-02 20:00:00+00', '2017-07-05 20:00:00+00', 'Europe/Samara', 'asymptotic_formula', '{"asymp": 113800, "cost_norm": 152000, "numerator": 1686000, "max_commission_percent": 1138}', 0, 60000000, '{"bcd": 300, "p_max": 600, "p_min": 420, "u_max": 600, "u_min": 120}', '{"acp": 0, "agp": 1, "hiring": {"extra_percent": 0, "max_age_in_seconds": 0, "extra_percent_with_rent": 0}, "taximeter_payment": 4000, "callcenter_commission_percent": 0}', 0, '{"cost": 1500000, "percent": 700}', '[{"value": 800, "marketing_level": ["lightbox"]}, {"value": 800, "marketing_level": ["sticker", "lightbox"]}]', 11800, '[]', 4, '2018-08-15 14:36:29.184+00');
INSERT INTO fees.base_rule VALUES ('59555d32dac625ebee89686f', 'samara', NULL, NULL, 'card', '2017-07-02 20:00:00+00', '2017-07-05 20:00:00+00', 'Europe/Samara', 'asymptotic_formula', '{"asymp": 113800, "cost_norm": 152000, "numerator": 1686000, "max_commission_percent": 1138}', 0, 60000000, '{"bcd": 300, "p_max": 600, "p_min": 420, "u_max": 600, "u_min": 120}', '{"acp": 0, "agp": 1, "hiring": {"extra_percent": 0, "max_age_in_seconds": 0, "extra_percent_with_rent": 0}, "taximeter_payment": 4000, "callcenter_commission_percent": 0}', 0, '{"cost": 1500000, "percent": 700}', '[{"value": 800, "marketing_level": ["lightbox"]}, {"value": 800, "marketing_level": ["sticker", "lightbox"]}]', 11800, '[]', 4, '2018-08-15 14:36:29.185+00');
INSERT INTO fees.base_rule VALUES ('59555d55dac62510ed7edd1d', 'samara', NULL, NULL, 'corp', '2017-11-30 20:00:00+00', '2018-01-28 21:00:00+00', 'Europe/Samara', 'asymptotic_formula', '{"asymp": 113800, "cost_norm": 152000, "numerator": 1686000, "max_commission_percent": 1138}', 0, 60000000, '{"bcd": 300, "p_max": 600, "p_min": 420, "u_max": 600, "u_min": 120}', '{"acp": 0, "agp": 1, "hiring": {"extra_percent": 0, "max_age_in_seconds": 0, "extra_percent_with_rent": 0}, "taximeter_payment": 4000, "callcenter_commission_percent": 0}', 0, '{"cost": 1500000, "percent": 700}', '[{"value": 500, "marketing_level": ["sticker"]}, {"value": 500, "marketing_level": ["sticker", "lightbox"]}]', 11800, '[]', 4, '2018-08-15 14:36:29.185+00');
INSERT INTO fees.base_rule VALUES ('59555d67dac625aa919a03a6', 'samara', NULL, NULL, 'cash', '2017-11-30 20:00:00+00', '2018-01-28 21:00:00+00', 'Europe/Samara', 'asymptotic_formula', '{"asymp": 113800, "cost_norm": 152000, "numerator": 1686000, "max_commission_percent": 1138}', 0, 60000000, '{"bcd": 300, "p_max": 600, "p_min": 420, "u_max": 600, "u_min": 120}', '{"acp": 0, "agp": 1, "hiring": {"extra_percent": 0, "max_age_in_seconds": 0, "extra_percent_with_rent": 0}, "taximeter_payment": 4000, "callcenter_commission_percent": 0}', 0, '{"cost": 1500000, "percent": 700}', '[{"value": 500, "marketing_level": ["sticker"]}, {"value": 500, "marketing_level": ["sticker", "lightbox"]}]', 11800, '[]', 4, '2018-08-15 14:36:29.185+00');
INSERT INTO fees.base_rule VALUES ('59555d72dac62510ed7edd1f', 'samara', NULL, NULL, 'card', '2017-11-30 20:00:00+00', '2018-01-28 21:00:00+00', 'Europe/Samara', 'asymptotic_formula', '{"asymp": 113800, "cost_norm": 152000, "numerator": 1686000, "max_commission_percent": 1138}', 0, 60000000, '{"bcd": 300, "p_max": 600, "p_min": 420, "u_max": 600, "u_min": 120}', '{"acp": 0, "agp": 1, "hiring": {"extra_percent": 0, "max_age_in_seconds": 0, "extra_percent_with_rent": 0}, "taximeter_payment": 4000, "callcenter_commission_percent": 0}', 0, '{"cost": 1500000, "percent": 700}', '[{"value": 500, "marketing_level": ["sticker"]}, {"value": 500, "marketing_level": ["sticker", "lightbox"]}]', 11800, '[]', 4, '2018-08-15 14:36:29.185+00');
INSERT INTO fees.base_rule VALUES ('5a057b82dac625fb19a901da', 'elista', NULL, NULL, 'cash', '2017-11-10 10:15:00+00', '2018-01-28 21:00:00+00', 'Europe/Moscow', 'fixed_percent', '{"percent": 700}', 0, 60000000, '{"bcd": 300, "p_max": 600, "p_min": 420, "u_max": 600, "u_min": 120}', '{"acp": 0, "agp": 1, "hiring": {"extra_percent": 0, "max_age_in_seconds": 0, "extra_percent_with_rent": 0}, "taximeter_payment": 4000, "callcenter_commission_percent": 0}', 0, '{"cost": 1500000, "percent": 700}', '[]', 11800, '[]', 4, '2018-08-15 14:36:34.31+00');
INSERT INTO fees.base_rule VALUES ('5a057b8bdac6258ab27ea7c5', 'elista', NULL, NULL, 'corp', '2017-11-10 10:15:00+00', '2018-01-28 21:00:00+00', 'Europe/Moscow', 'fixed_percent', '{"percent": 700}', 0, 60000000, '{"bcd": 300, "p_max": 600, "p_min": 420, "u_max": 600, "u_min": 120}', '{"acp": 0, "agp": 1, "hiring": {"extra_percent": 0, "max_age_in_seconds": 0, "extra_percent_with_rent": 0}, "taximeter_payment": 4000, "callcenter_commission_percent": 0}', 0, '{"cost": 1500000, "percent": 700}', '[]', 11800, '[]', 4, '2018-08-15 14:36:34.31+00');
INSERT INTO fees.base_rule VALUES ('5a74448edac625f2c239c635', 'samara', NULL, NULL, 'corp', '2018-02-04 20:00:00+00', '2018-03-22 21:00:00+00', 'Europe/Samara', 'asymptotic_formula', '{"asymp": 113800, "cost_norm": 152000, "numerator": 1686000, "max_commission_percent": 1138}', 0, 150000000, '{"bcd": 300, "p_max": 600, "p_min": 420, "u_max": 600, "u_min": 120}', '{"acp": 0, "agp": 1, "hiring": {"extra_percent": 200, "max_age_in_seconds": 15552000, "extra_percent_with_rent": 400}, "taximeter_payment": 10000, "callcenter_commission_percent": 0}', 0, '{"cost": 1500000, "percent": 700}', '[{"value": 300, "marketing_level": ["sticker"]}, {"value": 300, "marketing_level": ["sticker", "lightbox"]}]', 11800, '[]', 4, '2018-08-15 14:36:39.541+00');
INSERT INTO fees.base_rule VALUES ('5a7444c2dac625d48521931a', 'samara', NULL, NULL, 'cash', '2018-02-04 20:00:00+00', '2018-03-22 21:00:00+00', 'Europe/Samara', 'asymptotic_formula', '{"asymp": 113800, "cost_norm": 152000, "numerator": 1686000, "max_commission_percent": 1138}', 0, 150000000, '{"bcd": 300, "p_max": 600, "p_min": 420, "u_max": 600, "u_min": 120}', '{"acp": 0, "agp": 1, "hiring": {"extra_percent": 200, "max_age_in_seconds": 15552000, "extra_percent_with_rent": 400}, "taximeter_payment": 10000, "callcenter_commission_percent": 0}', 0, '{"cost": 1500000, "percent": 700}', '[{"value": 300, "marketing_level": ["sticker"]}, {"value": 300, "marketing_level": ["sticker", "lightbox"]}]', 11800, '[]', 4, '2018-08-15 14:36:39.541+00');
INSERT INTO fees.base_rule VALUES ('5a7444d4dac625dd6f7b6038', 'samara', NULL, NULL, 'card', '2018-02-04 20:00:00+00', '2018-03-22 21:00:00+00', 'Europe/Samara', 'asymptotic_formula', '{"asymp": 113800, "cost_norm": 152000, "numerator": 1686000, "max_commission_percent": 1138}', 0, 150000000, '{"bcd": 300, "p_max": 600, "p_min": 420, "u_max": 600, "u_min": 120}', '{"acp": 0, "agp": 1, "hiring": {"extra_percent": 200, "max_age_in_seconds": 15552000, "extra_percent_with_rent": 400}, "taximeter_payment": 10000, "callcenter_commission_percent": 0}', 0, '{"cost": 1500000, "percent": 700}', '[{"value": 300, "marketing_level": ["sticker"]}, {"value": 300, "marketing_level": ["sticker", "lightbox"]}]', 11800, '[]', 4, '2018-08-15 14:36:39.541+00');
INSERT INTO fees.base_rule VALUES ('5a745cf3dac6258e4568b7f0', 'omsk', NULL, NULL, 'corp', '2018-02-04 18:00:00+00', '2018-03-22 21:00:00+00', 'Asia/Omsk', 'asymptotic_formula', '{"asymp": 114500, "cost_norm": 299000, "numerator": 1038000, "max_commission_percent": 1145}', 0, 150000000, '{"bcd": 300, "p_max": 600, "p_min": 420, "u_max": 600, "u_min": 120}', '{"acp": 0, "agp": 1, "hiring": {"extra_percent": 200, "max_age_in_seconds": 15552000, "extra_percent_with_rent": 400}, "taximeter_payment": 10000, "callcenter_commission_percent": 0}', 0, '{"cost": 1500000, "percent": 700}', '[{"value": 200, "marketing_level": ["co_branding", "lightbox"]}, {"value": 200, "marketing_level": ["sticker"]}, {"value": 200, "marketing_level": ["co_branding"]}, {"value": 200, "marketing_level": ["sticker", "lightbox"]}]', 11800, '[]', 4, '2018-08-15 14:36:39.545+00');
INSERT INTO fees.base_rule VALUES ('5a745cfcdac6252b527c2ada', 'omsk', NULL, NULL, 'card', '2018-02-04 18:00:00+00', '2018-03-22 21:00:00+00', 'Asia/Omsk', 'asymptotic_formula', '{"asymp": 114500, "cost_norm": 299000, "numerator": 1038000, "max_commission_percent": 1145}', 0, 150000000, '{"bcd": 300, "p_max": 600, "p_min": 420, "u_max": 600, "u_min": 120}', '{"acp": 0, "agp": 1, "hiring": {"extra_percent": 200, "max_age_in_seconds": 15552000, "extra_percent_with_rent": 400}, "taximeter_payment": 10000, "callcenter_commission_percent": 0}', 0, '{"cost": 1500000, "percent": 700}', '[{"value": 200, "marketing_level": ["co_branding", "lightbox"]}, {"value": 200, "marketing_level": ["sticker"]}, {"value": 200, "marketing_level": ["co_branding"]}, {"value": 200, "marketing_level": ["sticker", "lightbox"]}]', 11800, '[]', 4, '2018-08-15 14:36:39.545+00');
INSERT INTO fees.base_rule VALUES ('5a745d06dac62545379a5644', 'omsk', NULL, NULL, 'cash', '2018-02-04 18:00:00+00', '2018-03-22 21:00:00+00', 'Asia/Omsk', 'asymptotic_formula', '{"asymp": 114500, "cost_norm": 299000, "numerator": 1038000, "max_commission_percent": 1145}', 0, 150000000, '{"bcd": 300, "p_max": 600, "p_min": 420, "u_max": 600, "u_min": 120}', '{"acp": 0, "agp": 1, "hiring": {"extra_percent": 200, "max_age_in_seconds": 15552000, "extra_percent_with_rent": 400}, "taximeter_payment": 10000, "callcenter_commission_percent": 0}', 0, '{"cost": 1500000, "percent": 700}', '[{"value": 200, "marketing_level": ["co_branding", "lightbox"]}, {"value": 200, "marketing_level": ["sticker"]}, {"value": 200, "marketing_level": ["co_branding"]}, {"value": 200, "marketing_level": ["sticker", "lightbox"]}]', 11800, '[]', 4, '2018-08-15 14:36:39.545+00');
INSERT INTO fees.base_rule VALUES ('5bac955e8f19ceed7f743df7', 'samara', NULL, NULL, 'card', '2018-09-30 20:00:00+00', '2019-01-01 00:00:00+00', 'Europe/Samara', 'fixed_percent', '{"percent": 1200}', 0, 150000000, '{"bcd": 300, "p_max": 600, "p_min": 420, "u_max": 600, "u_min": 120}', '{"acp": 0, "agp": 0, "hiring": {"extra_percent": 200, "max_age_in_seconds": 15552000, "extra_percent_with_rent": 400}, "taximeter_payment": 10000, "callcenter_commission_percent": 200}', 0, '{"cost": 1500000, "percent": 700}', '[]', 11800, '[]', 4, '2018-09-27 08:31:26.634+00');
INSERT INTO fees.base_rule VALUES ('5bac95648f19ceed7f743df9', 'samara', NULL, NULL, 'cash', '2018-09-30 20:00:00+00', '2019-01-01 00:00:00+00', 'Europe/Samara', 'fixed_percent', '{"percent": 1200}', 0, 150000000, '{"bcd": 300, "p_max": 600, "p_min": 420, "u_max": 600, "u_min": 120}', '{"acp": 0, "agp": 0, "hiring": {"extra_percent": 200, "max_age_in_seconds": 15552000, "extra_percent_with_rent": 400}, "taximeter_payment": 10000, "callcenter_commission_percent": 200}', 0, '{"cost": 1500000, "percent": 700}', '[]', 11800, '[]', 4, '2018-09-27 08:31:32.769+00');
INSERT INTO fees.base_rule VALUES ('5bac956b8f19ceed2d713168', 'samara', NULL, NULL, 'corp', '2018-09-30 20:00:00+00', '2019-01-01 00:00:00+00', 'Europe/Samara', 'fixed_percent', '{"percent": 1200}', 0, 150000000, '{"bcd": 300, "p_max": 600, "p_min": 420, "u_max": 600, "u_min": 120}', '{"acp": 0, "agp": 0, "hiring": {"extra_percent": 200, "max_age_in_seconds": 15552000, "extra_percent_with_rent": 400}, "taximeter_payment": 10000, "callcenter_commission_percent": 200}', 0, '{"cost": 1500000, "percent": 700}', '[]', 11800, '[]', 4, '2018-09-27 08:31:39.412+00');
INSERT INTO fees.base_rule VALUES ('5bac96778f19ce4673c8880d', 'omsk', NULL, NULL, 'card', '2018-09-30 18:00:00+00', '2019-01-01 00:00:00+00', 'Asia/Omsk', 'fixed_percent', '{"percent": 1193}', 0, 150000000, '{"bcd": 300, "p_max": 600, "p_min": 420, "u_max": 600, "u_min": 120}', '{"acp": 0, "agp": 0, "hiring": {"extra_percent": 200, "max_age_in_seconds": 15552000, "extra_percent_with_rent": 400}, "taximeter_payment": 10000, "callcenter_commission_percent": 200}', 0, '{"cost": 1500000, "percent": 700}', '[]', 11800, '[]', 4, '2018-09-27 08:36:07.305+00');
INSERT INTO fees.base_rule VALUES ('5bac96838f19ce4673c8880f', 'omsk', NULL, NULL, 'cash', '2018-09-30 18:00:00+00', '2019-01-01 00:00:00+00', 'Asia/Omsk', 'fixed_percent', '{"percent": 1193}', 0, 150000000, '{"bcd": 300, "p_max": 600, "p_min": 420, "u_max": 600, "u_min": 120}', '{"acp": 0, "agp": 0, "hiring": {"extra_percent": 200, "max_age_in_seconds": 15552000, "extra_percent_with_rent": 400}, "taximeter_payment": 10000, "callcenter_commission_percent": 200}', 0, '{"cost": 1500000, "percent": 700}', '[]', 11800, '[]', 4, '2018-09-27 08:36:19.358+00');
INSERT INTO fees.base_rule VALUES ('5bac968d8f19ceed2d713170', 'omsk', NULL, NULL, 'corp', '2018-09-30 18:00:00+00', '2019-01-01 00:00:00+00', 'Asia/Omsk', 'fixed_percent', '{"percent": 1193}', 0, 150000000, '{"bcd": 300, "p_max": 600, "p_min": 420, "u_max": 600, "u_min": 120}', '{"acp": 0, "agp": 0, "hiring": {"extra_percent": 200, "max_age_in_seconds": 15552000, "extra_percent_with_rent": 400}, "taximeter_payment": 10000, "callcenter_commission_percent": 200}', 0, '{"cost": 1500000, "percent": 700}', '[]', 11800, '[]', 4, '2018-09-27 08:36:29.019+00');
INSERT INTO fees.base_rule VALUES ('5caf65178f19ce4685c1e6a6', 'moscow', 'econom', NULL, 'card', '2019-04-11 21:00:00+00', '2999-12-31 21:00:00+00', 'Europe/Moscow', 'fixed_percent', '{"percent": 1800}', 0, 150000000, '{"bcd": 300, "p_max": 600, "p_min": 420, "u_max": 0, "u_min": 0}', '{"acp": 0, "agp": 0, "hiring": {"extra_percent": 200, "max_age_in_seconds": 15552000, "extra_percent_with_rent": 400}, "taximeter_payment": 55000, "callcenter_commission_percent": 100}', NULL, '{"cost": 8000000, "percent": 1100}', '[]', 12000, '[]', 4, '2019-04-11 16:02:31.591+00');
INSERT INTO fees.base_rule VALUES ('5caf65178f19ce4685c1e6a8', 'moscow', 'econom', NULL, 'cash', '2019-04-11 21:00:00+00', '2999-12-31 21:00:00+00', 'Europe/Moscow', 'fixed_percent', '{"percent": 1800}', 0, 150000000, '{"bcd": 300, "p_max": 600, "p_min": 420, "u_max": 0, "u_min": 0}', '{"acp": 0, "agp": 0, "hiring": {"extra_percent": 200, "max_age_in_seconds": 15552000, "extra_percent_with_rent": 400}, "taximeter_payment": 55000, "callcenter_commission_percent": 100}', NULL, '{"cost": 8000000, "percent": 1100}', '[]', 12000, '[]', 4, '2019-04-11 16:02:31.591+00');
INSERT INTO fees.base_rule VALUES ('5cc2f01a0c69ff5fe649b62d', 'omsk', NULL, NULL, 'corp', '2019-05-06 18:00:00+00', '2999-12-31 21:00:00+00', 'Asia/Omsk', 'fixed_percent', '{"percent": 1343}', 0, 150000000, '{"bcd": 300, "p_max": 600, "p_min": 420, "u_max": 0, "u_min": 0}', '{"acp": 0, "agp": 0, "hiring": {"extra_percent": 200, "max_age_in_seconds": 15552000, "extra_percent_with_rent": 400}, "taximeter_payment": 10000, "callcenter_commission_percent": 200}', 0, '{"cost": 1500000, "percent": 1343}', '[]', 12000, '[]', 4, '2019-04-26 11:48:42.851+00');
INSERT INTO fees.base_rule VALUES ('5cc2f01a0c69ff5fe649b62e', 'omsk', NULL, NULL, 'card', '2019-05-06 18:00:00+00', '2999-12-31 21:00:00+00', 'Asia/Omsk', 'fixed_percent', '{"percent": 1343}', 0, 150000000, '{"bcd": 300, "p_max": 600, "p_min": 420, "u_max": 0, "u_min": 0}', '{"acp": 0, "agp": 0, "hiring": {"extra_percent": 200, "max_age_in_seconds": 15552000, "extra_percent_with_rent": 400}, "taximeter_payment": 10000, "callcenter_commission_percent": 200}', 0, '{"cost": 1500000, "percent": 1343}', '[]', 12000, '[]', 4, '2019-04-26 11:48:42.851+00');
INSERT INTO fees.base_rule VALUES ('5cc2f01a0c69ff5fe649b62f', 'omsk', NULL, NULL, 'cash', '2019-05-06 18:00:00+00', '2999-12-31 21:00:00+00', 'Asia/Omsk', 'fixed_percent', '{"percent": 1343}', 0, 150000000, '{"bcd": 300, "p_max": 600, "p_min": 420, "u_max": 0, "u_min": 0}', '{"acp": 0, "agp": 0, "hiring": {"extra_percent": 200, "max_age_in_seconds": 15552000, "extra_percent_with_rent": 400}, "taximeter_payment": 10000, "callcenter_commission_percent": 200}', 0, '{"cost": 1500000, "percent": 1343}', '[]', 12000, '[]', 4, '2019-04-26 11:48:42.852+00');
INSERT INTO fees.base_rule VALUES ('5cc2f2f10c69ff5feec1ff6c', 'samara', NULL, NULL, 'corp', '2019-05-06 20:00:00+00', '2999-12-31 21:00:00+00', 'Europe/Samara', 'fixed_percent', '{"percent": 1350}', 0, 150000000, '{"bcd": 300, "p_max": 600, "p_min": 420, "u_max": 0, "u_min": 0}', '{"acp": 0, "agp": 0, "hiring": {"extra_percent": 200, "max_age_in_seconds": 15552000, "extra_percent_with_rent": 400}, "taximeter_payment": 10000, "callcenter_commission_percent": 200}', 0, '{"cost": 1500000, "percent": 1350}', '[]', 12000, '[]', 4, '2019-04-26 12:00:49.8+00');
INSERT INTO fees.base_rule VALUES ('5cc2f2f10c69ff5feec1ff6e', 'samara', NULL, NULL, 'card', '2019-05-06 20:00:00+00', '2999-12-31 21:00:00+00', 'Europe/Samara', 'fixed_percent', '{"percent": 1350}', 0, 150000000, '{"bcd": 300, "p_max": 600, "p_min": 420, "u_max": 0, "u_min": 0}', '{"acp": 0, "agp": 0, "hiring": {"extra_percent": 200, "max_age_in_seconds": 15552000, "extra_percent_with_rent": 400}, "taximeter_payment": 10000, "callcenter_commission_percent": 200}', 0, '{"cost": 1500000, "percent": 1350}', '[]', 12000, '[]', 4, '2019-04-26 12:00:49.801+00');
INSERT INTO fees.base_rule VALUES ('5cc2f2f10c69ff5feec1ff70', 'samara', NULL, NULL, 'cash', '2019-05-06 20:00:00+00', '2999-12-31 21:00:00+00', 'Europe/Samara', 'fixed_percent', '{"percent": 1350}', 0, 150000000, '{"bcd": 300, "p_max": 600, "p_min": 420, "u_max": 0, "u_min": 0}', '{"acp": 0, "agp": 0, "hiring": {"extra_percent": 200, "max_age_in_seconds": 15552000, "extra_percent_with_rent": 400}, "taximeter_payment": 10000, "callcenter_commission_percent": 200}', 0, '{"cost": 1500000, "percent": 1350}', '[]', 12000, '[]', 4, '2019-04-26 12:00:49.801+00');


--
-- Data for Name: base_rule_draft; Type: TABLE DATA; Schema: fees; Owner: sibilla
--



--
-- Data for Name: category; Type: TABLE DATA; Schema: fees; Owner: sibilla
--



--
-- Data for Name: category_account; Type: TABLE DATA; Schema: fees; Owner: sibilla
--



--
-- Data for Name: draft_category; Type: TABLE DATA; Schema: fees; Owner: sibilla
--



--
-- Data for Name: draft_category_account; Type: TABLE DATA; Schema: fees; Owner: sibilla
--



--
-- Data for Name: draft_rebate_rule; Type: TABLE DATA; Schema: fees; Owner: sibilla
--



--
-- Data for Name: rebate_rule; Type: TABLE DATA; Schema: fees; Owner: sibilla
--



--
-- Data for Name: draft_rebate_rule_to_close; Type: TABLE DATA; Schema: fees; Owner: sibilla
--



--
-- Data for Name: draft_rule; Type: TABLE DATA; Schema: fees; Owner: sibilla
--



--
-- Data for Name: rule; Type: TABLE DATA; Schema: fees; Owner: sibilla
--

INSERT INTO fees.rule VALUES ('e2bb228f-c942-4862-99df-a1aeed699b12', 'taximeter', 'elista', '', '2019-01-01 00:00:00+00', '2119-01-01 00:00:00+00', 4, '2022-01-19 15:06:26.83309+00', '{"fee": "1.0"}', '2022-01-19 15:06:26.83309+00');
INSERT INTO fees.rule VALUES ('3dcd7730-003b-4bbd-ac8e-2777f14e4d36', 'taximeter', 'elista', '', '2019-01-01 00:00:00+00', '2119-01-01 00:00:00+00', 4, '2022-01-19 15:06:26.83309+00', '{"fee": "1.0"}', '2022-01-19 15:06:26.83309+00');
INSERT INTO fees.rule VALUES ('d5fbeec2-551f-4834-b200-84baaf383236', 'taximeter', 'elista', '', '2019-01-01 00:00:00+00', '2119-01-01 00:00:00+00', 4, '2022-01-19 15:06:26.83309+00', '{"fee": "1.0"}', '2022-01-19 15:06:26.83309+00');
INSERT INTO fees.rule VALUES ('23340dd2-a828-46cc-92a9-58c31a9802e5', 'taximeter', 'moscow', 'econom', '2019-04-11 21:00:00+00', '2119-04-11 21:00:00+00', 4, '2022-01-19 15:06:26.83309+00', '{"fee": "5.5"}', '2022-01-19 15:06:26.83309+00');
INSERT INTO fees.rule VALUES ('fd5d4a20-b270-424f-b9c8-3c341a662607', 'taximeter', 'moscow', 'econom', '2019-04-11 21:00:00+00', '2119-04-11 21:00:00+00', 4, '2022-01-19 15:06:26.83309+00', '{"fee": "5.5"}', '2022-01-19 15:06:26.83309+00');
INSERT INTO fees.rule VALUES ('2a93957b-0ec6-4ee5-9691-c46094cce34f', 'taximeter', 'omsk', '', '2019-05-06 18:00:00+00', '2119-05-06 18:00:00+00', 4, '2022-01-19 15:06:26.83309+00', '{"fee": "1.0"}', '2022-01-19 15:06:26.83309+00');
INSERT INTO fees.rule VALUES ('4dffbb8f-3f5a-4cd6-9ff2-6cad77256a71', 'taximeter', 'omsk', '', '2019-05-06 18:00:00+00', '2119-05-06 18:00:00+00', 4, '2022-01-19 15:06:26.83309+00', '{"fee": "1.0"}', '2022-01-19 15:06:26.83309+00');
INSERT INTO fees.rule VALUES ('2d5e42da-dd6a-4d5a-892f-aaf953ce5359', 'taximeter', 'omsk', '', '2019-05-06 18:00:00+00', '2119-05-06 18:00:00+00', 4, '2022-01-19 15:06:26.83309+00', '{"fee": "1.0"}', '2022-01-19 15:06:26.83309+00');
INSERT INTO fees.rule VALUES ('10e41989-bedd-4114-8976-38f5efa94bc1', 'taximeter', 'samara', '', '2019-05-06 20:00:00+00', '2119-05-06 20:00:00+00', 4, '2022-01-19 15:06:26.83309+00', '{"fee": "1.0"}', '2022-01-19 15:06:26.83309+00');
INSERT INTO fees.rule VALUES ('f5255233-0778-4fe6-bf68-e76044e93f5c', 'taximeter', 'samara', '', '2019-05-06 20:00:00+00', '2119-05-06 20:00:00+00', 4, '2022-01-19 15:06:26.83309+00', '{"fee": "1.0"}', '2022-01-19 15:06:26.83309+00');
INSERT INTO fees.rule VALUES ('5dbdbc00-fc67-471e-aa66-2f6271840252', 'taximeter', 'samara', '', '2019-05-06 20:00:00+00', '2119-05-06 20:00:00+00', 4, '2022-01-19 15:06:26.83309+00', '{"fee": "1.0"}', '2022-01-19 15:06:26.83309+00');


--
-- Data for Name: draft_rule_to_close; Type: TABLE DATA; Schema: fees; Owner: sibilla
--



--
-- Data for Name: rebate_rule_change_log; Type: TABLE DATA; Schema: fees; Owner: sibilla
--



--
-- Data for Name: rule_change_log; Type: TABLE DATA; Schema: fees; Owner: sibilla
--

INSERT INTO fees.rule_change_log VALUES (1, 'e2bb228f-c942-4862-99df-a1aeed699b12', '2022-01-19 15:06:26.83309+00', 'maksimzubkov', 'TAXIBILLING-6144', '4', 'Migrate taximeter rules from Mongo', '', '2022-01-19 15:06:26.83309+00');
INSERT INTO fees.rule_change_log VALUES (2, '3dcd7730-003b-4bbd-ac8e-2777f14e4d36', '2022-01-19 15:06:26.83309+00', 'maksimzubkov', 'TAXIBILLING-6144', '4', 'Migrate taximeter rules from Mongo', '', '2022-01-19 15:06:26.83309+00');
INSERT INTO fees.rule_change_log VALUES (3, 'd5fbeec2-551f-4834-b200-84baaf383236', '2022-01-19 15:06:26.83309+00', 'maksimzubkov', 'TAXIBILLING-6144', '4', 'Migrate taximeter rules from Mongo', '', '2022-01-19 15:06:26.83309+00');
INSERT INTO fees.rule_change_log VALUES (4, '23340dd2-a828-46cc-92a9-58c31a9802e5', '2022-01-19 15:06:26.83309+00', 'maksimzubkov', 'TAXIBILLING-6144', '4', 'Migrate taximeter rules from Mongo', '', '2022-01-19 15:06:26.83309+00');
INSERT INTO fees.rule_change_log VALUES (5, 'fd5d4a20-b270-424f-b9c8-3c341a662607', '2022-01-19 15:06:26.83309+00', 'maksimzubkov', 'TAXIBILLING-6144', '4', 'Migrate taximeter rules from Mongo', '', '2022-01-19 15:06:26.83309+00');
INSERT INTO fees.rule_change_log VALUES (6, '2a93957b-0ec6-4ee5-9691-c46094cce34f', '2022-01-19 15:06:26.83309+00', 'maksimzubkov', 'TAXIBILLING-6144', '4', 'Migrate taximeter rules from Mongo', '', '2022-01-19 15:06:26.83309+00');
INSERT INTO fees.rule_change_log VALUES (7, '4dffbb8f-3f5a-4cd6-9ff2-6cad77256a71', '2022-01-19 15:06:26.83309+00', 'maksimzubkov', 'TAXIBILLING-6144', '4', 'Migrate taximeter rules from Mongo', '', '2022-01-19 15:06:26.83309+00');
INSERT INTO fees.rule_change_log VALUES (8, '2d5e42da-dd6a-4d5a-892f-aaf953ce5359', '2022-01-19 15:06:26.83309+00', 'maksimzubkov', 'TAXIBILLING-6144', '4', 'Migrate taximeter rules from Mongo', '', '2022-01-19 15:06:26.83309+00');
INSERT INTO fees.rule_change_log VALUES (9, '10e41989-bedd-4114-8976-38f5efa94bc1', '2022-01-19 15:06:26.83309+00', 'maksimzubkov', 'TAXIBILLING-6144', '4', 'Migrate taximeter rules from Mongo', '', '2022-01-19 15:06:26.83309+00');
INSERT INTO fees.rule_change_log VALUES (10, 'f5255233-0778-4fe6-bf68-e76044e93f5c', '2022-01-19 15:06:26.83309+00', 'maksimzubkov', 'TAXIBILLING-6144', '4', 'Migrate taximeter rules from Mongo', '', '2022-01-19 15:06:26.83309+00');
INSERT INTO fees.rule_change_log VALUES (11, '5dbdbc00-fc67-471e-aa66-2f6271840252', '2022-01-19 15:06:26.83309+00', 'maksimzubkov', 'TAXIBILLING-6144', '4', 'Migrate taximeter rules from Mongo', '', '2022-01-19 15:06:26.83309+00');


--
-- Data for Name: rule_fine_code; Type: TABLE DATA; Schema: fees; Owner: sibilla
--



--
-- Data for Name: rule_hiring_type; Type: TABLE DATA; Schema: fees; Owner: sibilla
--



--
-- Data for Name: rule_min_max_cost; Type: TABLE DATA; Schema: fees; Owner: sibilla
--



--
-- Data for Name: rule_payment_type; Type: TABLE DATA; Schema: fees; Owner: sibilla
--

INSERT INTO fees.rule_payment_type VALUES (1, 'e2bb228f-c942-4862-99df-a1aeed699b12', 'corp', '2022-01-19 15:06:26.83309+00');
INSERT INTO fees.rule_payment_type VALUES (2, '3dcd7730-003b-4bbd-ac8e-2777f14e4d36', 'card', '2022-01-19 15:06:26.83309+00');
INSERT INTO fees.rule_payment_type VALUES (3, 'd5fbeec2-551f-4834-b200-84baaf383236', 'cash', '2022-01-19 15:06:26.83309+00');
INSERT INTO fees.rule_payment_type VALUES (4, '23340dd2-a828-46cc-92a9-58c31a9802e5', 'card', '2022-01-19 15:06:26.83309+00');
INSERT INTO fees.rule_payment_type VALUES (5, 'fd5d4a20-b270-424f-b9c8-3c341a662607', 'cash', '2022-01-19 15:06:26.83309+00');
INSERT INTO fees.rule_payment_type VALUES (6, '2a93957b-0ec6-4ee5-9691-c46094cce34f', 'corp', '2022-01-19 15:06:26.83309+00');
INSERT INTO fees.rule_payment_type VALUES (7, '4dffbb8f-3f5a-4cd6-9ff2-6cad77256a71', 'card', '2022-01-19 15:06:26.83309+00');
INSERT INTO fees.rule_payment_type VALUES (8, '2d5e42da-dd6a-4d5a-892f-aaf953ce5359', 'cash', '2022-01-19 15:06:26.83309+00');
INSERT INTO fees.rule_payment_type VALUES (9, '10e41989-bedd-4114-8976-38f5efa94bc1', 'corp', '2022-01-19 15:06:26.83309+00');
INSERT INTO fees.rule_payment_type VALUES (10, 'f5255233-0778-4fe6-bf68-e76044e93f5c', 'card', '2022-01-19 15:06:26.83309+00');
INSERT INTO fees.rule_payment_type VALUES (11, '5dbdbc00-fc67-471e-aa66-2f6271840252', 'cash', '2022-01-19 15:06:26.83309+00');


--
-- Data for Name: rule_tag; Type: TABLE DATA; Schema: fees; Owner: sibilla
--



--
-- Data for Name: withdraw_from_driver_account; Type: TABLE DATA; Schema: fees; Owner: sibilla
--



--
-- Name: category_account_id_seq; Type: SEQUENCE SET; Schema: fees; Owner: sibilla
--

SELECT pg_catalog.setval('fees.category_account_id_seq', 1, false);


--
-- Name: draft_category_account_id_seq; Type: SEQUENCE SET; Schema: fees; Owner: sibilla
--

SELECT pg_catalog.setval('fees.draft_category_account_id_seq', 1, false);


--
-- Name: draft_rebate_rule_to_close_id_seq; Type: SEQUENCE SET; Schema: fees; Owner: sibilla
--

SELECT pg_catalog.setval('fees.draft_rebate_rule_to_close_id_seq', 1, false);


--
-- Name: draft_spec_id_seq; Type: SEQUENCE SET; Schema: fees; Owner: sibilla
--

SELECT pg_catalog.setval('fees.draft_spec_id_seq', 4, true);


--
-- Name: rebate_rule_change_log_id_seq; Type: SEQUENCE SET; Schema: fees; Owner: sibilla
--

SELECT pg_catalog.setval('fees.rebate_rule_change_log_id_seq', 1, false);


--
-- Name: rule_change_log_id_seq; Type: SEQUENCE SET; Schema: fees; Owner: sibilla
--

SELECT pg_catalog.setval('fees.rule_change_log_id_seq', 11, true);


--
-- Name: rule_fine_code_id_seq; Type: SEQUENCE SET; Schema: fees; Owner: sibilla
--

SELECT pg_catalog.setval('fees.rule_fine_code_id_seq', 1, false);


--
-- Name: rule_hiring_type_id_seq; Type: SEQUENCE SET; Schema: fees; Owner: sibilla
--

SELECT pg_catalog.setval('fees.rule_hiring_type_id_seq', 1, false);


--
-- Name: rule_min_max_cost_id_seq; Type: SEQUENCE SET; Schema: fees; Owner: sibilla
--

SELECT pg_catalog.setval('fees.rule_min_max_cost_id_seq', 1, false);


--
-- Name: rule_payment_type_id_seq; Type: SEQUENCE SET; Schema: fees; Owner: sibilla
--

SELECT pg_catalog.setval('fees.rule_payment_type_id_seq', 11, true);


--
-- Name: rule_tag_id_seq; Type: SEQUENCE SET; Schema: fees; Owner: sibilla
--

SELECT pg_catalog.setval('fees.rule_tag_id_seq', 1, false);


--
-- Name: withdraw_from_driver_account_id_seq; Type: SEQUENCE SET; Schema: fees; Owner: sibilla
--

SELECT pg_catalog.setval('fees.withdraw_from_driver_account_id_seq', 1, false);


--
-- PostgreSQL database dump complete
--

