UPDATE catalog_wms.depots
SET root_category_id = 'd9ef3613-c0ed-40d2-9fdc-3eed67f55aae',
    assortment_id = '63d5c9a4-7f11-47d8-8510-578d70ad149dASTMNT',
    price_list_id = 'a9aef011-11c5-44bf-a41b-6e5002365f7ePRLIST';

-- Category tree
-- TODO Remove unused categories
INSERT INTO catalog_wms.categories(category_id, status, name, description, rank, parent_id, images, legal_restrictions)
VALUES
('d9ef3613-c0ed-40d2-9fdc-3eed67f55aae', 'active', 'Корень 1', 'Корневая категория', 0, null, array[]::text[], array[]::text[]),
('61d24b27-0e8e-4173-a861-95c87802972f', 'active', 'Яйца', 'Яйца', 97, '73fa0267-8519-485a-9e06-5e18a9a7514c', '{}', '{}'),
('884d1dec-b1d8-4638-bbc3-1b9d2c14787e', 'active', 'Нарезка мясная', 'Нарезка мясная', 329, '0c1e6ad8-1e85-47b8-97b0-f9b5744af651', '{}', '{}'),
('95d6e467-8fab-4517-bcea-27f1f681fc20', 'active', 'Пена, гель и лосьон для бритья', 'Пена, гель и лосьон для бритья', 437, '3ed92744-d410-45c5-828b-539ab31ef03f', '{}', '{}'),
('702b36b8-7519-4d55-bd17-bd37a785a821', 'active', 'Колготки', 'Колготки', 439, '46556304-77e5-404b-8a94-5f7a78c20b39', '{}', '{}'),
('b5c31303-803c-41a8-bd17-efb189bf4891', 'active', 'Густые йогурты', 'Густые йогурты', 330, 'ddda0ac0-aa9f-4fdc-b5b6-a3369ffa87f6', '{}', '{}'),
('a6dae09f-49fd-4f7c-bd25-7c908dc7ccad', 'active', 'Гели для стирки', 'Гели для стирки', 331, '05cd9b49-b605-4c20-8a4b-78b69aad2fd6', '{}', '{}'),
('d69d121a-2e27-425c-bd32-988051b2e162', 'active', 'Смузи', 'Смузи', 333, '73fa0267-8519-485a-9e06-5e18a9a7514c', '{}', '{}'),
('b2605572-1a5e-4ce4-8130-a4af62d42a00', 'active', 'Йогурт в баночке', 'Йогурт в баночке', 22, '0c1e6ad8-1e85-47b8-97b0-f9b5744af651', '{}', '{}'),
('98559e71-8f18-49e4-8188-8d54d1c708d5', 'active', 'Зубные нити', 'Зубные нити', 23, '46556304-77e5-404b-8a94-5f7a78c20b39', '{}', '{}'),
('aa84b838-a0cf-4f58-819a-8df42fb59eda', 'active', 'Кремы для обуви', 'Кремы для обуви', 5, 'f1907be0-221e-4964-8b5e-7dbdfc8b8af4', '{}', '{}'),
('c9a31976-3410-4afd-976d-bb974b333fb2', 'active', 'Зубные щетки и пасты', 'Зубные щетки и пасты', 72, 'd84b6947-0132-471e-9d27-4f4aee591515', '{}', '{}'),
('3c624cb6-d163-4137-9798-0197441024a9', 'active', 'Тампоны', 'Тампоны', 73, '46556304-77e5-404b-8a94-5f7a78c20b39', '{}', '{}'),
('2f0bac58-9420-45c2-81aa-cda02cc97ad0', 'active', 'Питьевые йогурты', 'Питьевые йогурты', 6, 'ddda0ac0-aa9f-4fdc-b5b6-a3369ffa87f6', '{}', '{}'),
('c88ed40d-1999-4489-81cb-54be655e7d02', 'active', 'Ремонт', 'Ремонт', 15, 'fd63c068-c562-44b6-af07-7d2a36bbbe2b', '{}', '{}'),
('ecaa8d7d-6c94-41ed-81fd-05362ca8f829', 'active', 'Творожная масса', 'Творожная масса', 203, 'ddda0ac0-aa9f-4fdc-b5b6-a3369ffa87f6', '{}', '{}'),
('d04a4a86-84f0-4077-82c8-313ecf298231', 'active', 'Прокладки', 'Прокладки', 16, 'f1907be0-221e-4964-8b5e-7dbdfc8b8af4', '{}', '{}'),
('03336923-0089-475b-8326-e148690db6e7', 'active', 'Грейпфрутовый сок', 'Грейпфрутовый сок', 190, '121634d3-50d6-478d-876a-6d5d7011135a', '{}', '{}'),
('8e432ff5-eb88-46b9-b94b-9b4798fa57b4', 'active', 'Аптечка', 'Аптечка', 297, 'd9ef3613-c0ed-40d2-9fdc-3eed67f55aae', '{}', '{}'),
('03a472d8-f9aa-4637-b84e-5bfa31ebdc8a', 'active', 'Травяной чай в пакетиках', 'Травяной чай в пакетиках', 304, '66661aa9-0507-420e-8902-07b1fe418800', '{}', '{}'),
('ea028766-1f26-4df6-b854-94bdcd7a402f', 'active', 'Консервы', 'Консервы', 305, '0c1e6ad8-1e85-47b8-97b0-f9b5744af651', '{}', '{}'),
('83beb852-0782-4111-b857-b7b98c01433c', 'active', 'А еще у нас есть дыня', 'А еще у нас есть дыня', 306, '84b441c9-6449-4bd4-89df-efdb7ea205f0', '{}', '{}'),
('9889d418-4f51-4eef-b8a7-0b0571563de4', 'active', 'Соевый соус', 'Соевый соус', 317, '89df660b-bfa9-4bd1-952e-bb64f3aadef0', '{}', '{}'),
('5e8211c3-932a-44c1-94ae-992c8b1586f1', 'active', 'Тесты на беременность', 'Тесты на беременность', 60, '8e432ff5-eb88-46b9-b94b-9b4798fa57b4', '{}', '{}'),
('caa784ff-cf66-4870-94d2-14ddcae02b31', 'active', 'Арбузы', 'Арбузы', 313, '84b441c9-6449-4bd4-89df-efdb7ea205f0', '{}', '{}'),
('52a0c6e3-268d-4384-94d2-da95accfd36b', 'active', 'Сухарики и гренки', 'Сухарики и гренки', 314, 'd18381fd-adaa-406b-a687-1d3c4e64a7af', '{}', '{}'),
('6a716512-c533-4e40-9f47-c3a7cf8bf8b9', 'active', 'Мусс', 'Мусс', 86, '0c1e6ad8-1e85-47b8-97b0-f9b5744af651', '{}', '{}'),
('c4e382eb-f975-4a23-bd83-0f4569e20706', 'active', 'Дезодоранты', 'Дезодоранты', 334, '46556304-77e5-404b-8a94-5f7a78c20b39', '{}', '{}'),
('0457f8b5-d183-445f-bdad-201f11eb8554', 'active', 'Замороженная пицца', 'Замороженная пицца', 335, 'dacaed86-fcd0-46de-aeed-b30b7266736b', '{}', '{}'),
('a3de11c3-48e1-4605-bdae-36e5b1dc7fc3', 'active', 'Кофе в капсулах', 'Кофе в капсулах', 336, '73fa0267-8519-485a-9e06-5e18a9a7514c', '{}', '{}'),
('369f721d-96a4-4d3d-bde0-21f88034bc60', 'active', 'Творог', 'Творог', 142, '73fa0267-8519-485a-9e06-5e18a9a7514c', '{}', '{}'),
('c54c1a5c-8712-458a-becd-1a0f8e0edb2c', 'active', 'Вафли', 'Вафли', 337, '555a6e32-6177-4ac1-aeb3-ba0f9991d2e2', '{}', '{}'),
('d13d5552-15ee-45ea-a8e7-9fe8d2794e9d', 'active', 'Чебуреки', 'Чебуреки', 104, 'dacaed86-fcd0-46de-aeed-b30b7266736b', '{}', '{}'),
('84b8864a-3b7c-4ec2-bf7b-47e67bef814b', 'active', 'В брикетах и контейнерах', 'В брикетах и контейнерах', 341, '77ba3a6d-dfbd-4422-aa98-2c2ce592bf35', '{}', '{}'),
('6c2dd1f9-7dd6-404e-bf86-de3108677352', 'active', 'Стерилизованное молоко', 'Стерилизованное молоко', 342, 'ddda0ac0-aa9f-4fdc-b5b6-a3369ffa87f6', '{}', '{}'),
('05cd9b49-b605-4c20-8a4b-78b69aad2fd6', 'active', 'Для дома', 'Для дома', 257, 'd9ef3613-c0ed-40d2-9fdc-3eed67f55aae', '{""}', '{}'),
('65a6ed95-f496-4f8e-9057-5cdc7f7c4da5', 'active', 'Кондиционеры для белья', 'Кондиционеры для белья', 282, '05cd9b49-b605-4c20-8a4b-78b69aad2fd6', '{}', '{}'),
('9c0fa88e-3773-40b2-ad5a-aa973b50e25e', 'active', 'Дождевики', 'Дождевики', 122, '4754455a-6b51-422d-bd16-72a1cad5007c', '{}', '{}'),
('29b0afc9-82fd-403e-bdfa-65e7b90d5be0', 'active', 'Тесты на беременность', 'Тесты на беременность', 143, '46556304-77e5-404b-8a94-5f7a78c20b39', '{}', '{}'),
('849b4ba5-a84b-47e0-becb-2bdf15e7cd57', 'active', 'Презервативы', 'Презервативы', 187, '46556304-77e5-404b-8a94-5f7a78c20b39', '{}', '{}'),
('c331c0f4-c8fd-4323-8c39-496d032bad44', 'active', 'В рожках', 'В рожках', 118, '77ba3a6d-dfbd-4422-aa98-2c2ce592bf35', '{}', '{}'),
('7f47a962-33b0-45f7-9036-f70f606da442', 'active', 'Хлебцы и соломка', 'Хлебцы и соломка', 280, 'd18381fd-adaa-406b-a687-1d3c4e64a7af', '{}', '{}'),
('0fe003c5-97ec-4bcf-9037-f1801fa81f89', 'active', 'Батарейки', 'Батарейки', 281, '28fcd6e9-6253-411a-808c-575bde83aff5', '{}', '{}'),
('4a20b900-354a-4ac3-9063-bc106cd33040', 'active', 'Пятновыводители и отбеливатели', 'Пятновыводители и отбеливатели', 283, '05cd9b49-b605-4c20-8a4b-78b69aad2fd6', '{}', '{}'),
('4f7d5cd7-105c-47b8-90a2-a79d586c4d67', 'active', 'Виноградный сок', 'Виноградный сок', 284, '121634d3-50d6-478d-876a-6d5d7011135a', '{}', '{}'),
('1653d7b2-162b-4d84-9931-559c6f27760e', 'active', 'Овощи консервированные', 'Овощи консервированные', 213, '0c1e6ad8-1e85-47b8-97b0-f9b5744af651', '{}', '{}'),
('8ca72b47-9cc8-45d8-994f-99856d7d72d5', 'active', 'Презервативы', 'Презервативы', 399, 'fd63c068-c562-44b6-af07-7d2a36bbbe2b', '{}', '{}'),
('659bb7ea-72e3-4b28-99a8-d9abe8c73f39', 'active', 'Квас', 'Квас', 400, 'f4b2af78-93f3-4f9e-b252-cd220c1a0392', '{}', '{}'),
('6b8f81b8-c892-4a9d-99b6-f828d4a0a300', 'active', 'Яйцо перепелиное', 'Яйцо перепелиное', 401, '0c1e6ad8-1e85-47b8-97b0-f9b5744af651', '{}', '{}'),
('c84bdfc6-e3bb-4b4d-9b8b-ddd7bf31a611', 'active', 'Напитки', 'Напитки', 413, '0c1e6ad8-1e85-47b8-97b0-f9b5744af651', '{}', '{}'),
('fb74b06e-3c02-4d2c-99d5-77b34be04289', 'active', 'Соль', 'Соль', 403, '82fb55b8-2820-45dd-a30e-86e5342a4f95', '{}', '{}'),
('913523f3-474a-4edc-9a01-020e6b5772b1', 'active', 'Энергетики', 'Энергетики', 404, 'f4b2af78-93f3-4f9e-b252-cd220c1a0392', '{}', '{}'),
('9d944a39-9803-40a3-9a14-68aa4aa43653', 'active', 'Пена и гель для бритья', 'Пена и гель для бритья', 405, '46556304-77e5-404b-8a94-5f7a78c20b39', '{}', '{}'),
('26351457-43b8-4437-a435-edc42eb1607f', 'active', 'Schweppes', 'Schweppes', 265, 'f4b2af78-93f3-4f9e-b252-cd220c1a0392', '{}', '{}'),
('3b8086c1-c67f-4d07-80f7-28c620013cf9', 'active', 'Кетчуп', 'Кетчуп', 29, '89df660b-bfa9-4bd1-952e-bb64f3aadef0', '{}', '{}'),
('68999dd6-168c-4dde-8a5d-784145dcb9e4', 'active', 'Уксус', 'Уксус', 39, '89df660b-bfa9-4bd1-952e-bb64f3aadef0', '{}', '{}'),
('289f1eec-25bf-4179-b591-b8b23df1cb84', 'active', 'Колготки', 'Колготки', 380, 'f1907be0-221e-4964-8b5e-7dbdfc8b8af4', '{""}', '{}'),
('0e16b80e-4414-4681-b59b-a0ff22d198fc', 'active', 'Для чая', 'Для чая', 381, '66661aa9-0507-420e-8902-07b1fe418800', '{}', '{}'),
('ddda0ac0-aa9f-4fdc-b5b6-a3369ffa87f6', 'active', 'Молочное и яйца', 'Молочное и яйца', 384, 'd9ef3613-c0ed-40d2-9fdc-3eed67f55aae', '{""}', '{}'),
('da907e0a-d2d0-4bec-b5ed-b3f0ae2862d2', 'active', 'Яйца', 'Яйца', 385, 'ddda0ac0-aa9f-4fdc-b5b6-a3369ffa87f6', '{}', '{}'),
('78cc9a52-4703-47da-b5f6-8dc7a473ee78', 'active', 'Средства для уборки квартиры', 'Средства для уборки квартиры', 296, '05cd9b49-b605-4c20-8a4b-78b69aad2fd6', '{}', '{}'),
('7dd055ce-6738-4799-b6a1-e0981267248d', 'active', 'Ополаскиватели для рта', 'Ополаскиватели для рта', 300, '46556304-77e5-404b-8a94-5f7a78c20b39', '{}', '{}'),
('faf27939-e82f-4bf7-b6c1-fe5767f9584f', 'active', 'Средства от насекомых', 'Средства от насекомых', 301, '46556304-77e5-404b-8a94-5f7a78c20b39', '{}', '{}'),
('eeff57ce-0348-4e0e-b6cd-24269b2a5bc4', 'active', 'Бритвы и кассеты', 'Бритвы и кассеты', 302, '3ed92744-d410-45c5-828b-539ab31ef03f', '{}', '{}'),
('f14e4b71-17c5-4270-b721-20e71c4045e3', 'active', 'Попкорн', 'Попкорн', 165, 'd18381fd-adaa-406b-a687-1d3c4e64a7af', '{}', '{}'),
('543af1b2-f97d-4d37-8039-a5f6b3dcd26d', 'active', 'Йогурт питьевой', 'Йогурт питьевой', 231, '0c1e6ad8-1e85-47b8-97b0-f9b5744af651', '{}', '{}'),
('4aa52449-9ac4-4b53-805b-7e1431320ae5', 'active', 'Для рисования', 'Для рисования', 232, '8cde1ff5-8c37-4c4e-957f-36bd387c2fc8', '{}', '{}'),
('cce22ac7-ee44-4708-805e-05d6fa8b36b0', 'active', 'Салфетки и туалетная бумага', 'Салфетки и туалетная бумага', 233, 'd84b6947-0132-471e-9d27-4f4aee591515', '{}', '{}'),
('628b57af-5706-49e4-80a5-7febd6ec4a08', 'active', 'Антистатик', 'Антистатик', 21, '05cd9b49-b605-4c20-8a4b-78b69aad2fd6', '{}', '{}'),
('dd263d88-4bde-413a-80e7-2298499292a2', 'active', 'Пластыри, вата, бинты', 'Пластыри, вата, бинты', 14, '8e432ff5-eb88-46b9-b94b-9b4798fa57b4', '{}', '{}'),
('e2d5c7ae-7d5d-4c21-8128-f620c6df7e62', 'active', 'Соль, сахар и специи', 'Соль, сахар и специи', 75, 'd9ef3613-c0ed-40d2-9fdc-3eed67f55aae', '{}', '{}'),
('b3e60287-1e1a-4ffa-8141-a621d6f071b7', 'active', 'Вода', 'Вода', 30, '66661aa9-0507-420e-8902-07b1fe418800', '{}', '{}'),
('3ed92744-d410-45c5-828b-539ab31ef03f', 'active', 'Для мужчин', 'Для мужчин', 8, 'd9ef3613-c0ed-40d2-9fdc-3eed67f55aae', '{}', '{}'),
('b97f983b-b84c-4a49-836b-4c567a4d8dee', 'active', 'Белковые батончики', 'Белковые батончики', 191, 'c15d6c0a-5006-4d74-947f-daab7ab7a7d7', '{}', '{}'),
('bb4f0f0e-d69b-4b84-83b9-7382a9720e93', 'active', 'Шампуни', 'Шампуни', 192, '4754455a-6b51-422d-bd16-72a1cad5007c', '{}', '{}'),
('1515f9e3-b6de-4ceb-8450-169c3dd5390a', 'active', 'Низколактозное молоко', 'Низколактозное молоко', 3, 'ddda0ac0-aa9f-4fdc-b5b6-a3369ffa87f6', '{}', '{}'),
('d3916156-5f7d-457b-8490-89feecdae623', 'active', 'Стиральные порошки', 'Стиральные порошки', 254, '05cd9b49-b605-4c20-8a4b-78b69aad2fd6', '{}', '{}'),
('b4651cf6-98e0-4233-84bd-fdd18bdd14e1', 'active', 'Наггетсы куриные', 'Наггетсы куриные', 255, 'dacaed86-fcd0-46de-aeed-b30b7266736b', '{}', '{}'),
('1ab4c940-77fc-446b-8503-e0454e28f7a6', 'active', 'Семечки', 'Семечки', 4, 'd18381fd-adaa-406b-a687-1d3c4e64a7af', '{}', '{}'),
('5912c62b-6ecf-4c8f-858a-66b99bd3ce70', 'active', 'Тампоны', 'Тампоны', 9, 'f1907be0-221e-4964-8b5e-7dbdfc8b8af4', '{}', '{}'),
('5b6f407f-f3af-467e-85b0-a6fa42650fb0', 'active', 'Соль', 'Соль', 169, 'e2d5c7ae-7d5d-4c21-8128-f620c6df7e62', '{}', '{}'),
('2dd45cca-9260-4423-85b9-19f895820d3e', 'active', 'Зарядки', 'Зарядки', 10, '28fcd6e9-6253-411a-808c-575bde83aff5', '{}', '{}'),
('5ce12b28-5bba-442b-85f4-f04eee670c21', 'active', 'Сахар', 'Сахар', 11, '66661aa9-0507-420e-8902-07b1fe418800', '{}', '{}'),
('807df810-1036-4a4e-860d-619f3cb09491', 'active', 'Для пельменей', 'Для пельменей', 235, 'dacaed86-fcd0-46de-aeed-b30b7266736b', '{}', '{}'),
('a8b5e0c0-7be3-43b5-862b-d52422607d04', 'active', 'Листовой жасминовый чай', 'Листовой жасминовый чай', 236, '66661aa9-0507-420e-8902-07b1fe418800', '{}', '{}'),
('feb2779b-8b4a-43ba-8693-1b02e16cebf8', 'active', 'Макароны', 'Макароны', 237, '82fb55b8-2820-45dd-a30e-86e5342a4f95', '{}', '{}'),
('95c6fbb1-153d-4160-869b-fe2d0bb18a5a', 'active', 'Питьевые йогурты', 'Питьевые йогурты', 238, '73fa0267-8519-485a-9e06-5e18a9a7514c', '{}', '{}'),
('60aa5f0d-7c0e-4b3e-86e0-b11d7e156080', 'active', 'Мармелад', 'Мармелад', 239, 'c15d6c0a-5006-4d74-947f-daab7ab7a7d7', '{}', '{}'),
('0cd87020-8b90-4c6a-86f5-39db18cfeaec', 'active', 'Ягоды и фрукты', 'Ягоды и фрукты', 240, '73fa0267-8519-485a-9e06-5e18a9a7514c', '{}', '{}'),
('8d56feb2-0265-4e69-8713-f35b5fb44148', 'active', 'Хлеб в пакетах', 'Хлеб в пакетах', 241, 'a3d183c5-dd06-434b-97af-05015d85ebd9', '{}', '{}'),
('121634d3-50d6-478d-876a-6d5d7011135a', 'active', 'Напитки', 'Напитки', 242, 'c15d6c0a-5006-4d74-947f-daab7ab7a7d7', '{}', '{}'),
('5c98edb3-f7e7-42ec-877e-a35fc9e471b4', 'active', 'Котлеты', 'Котлеты', 243, 'dacaed86-fcd0-46de-aeed-b30b7266736b', '{}', '{}'),
('769f9894-6181-4f94-87e9-6f348ff14db9', 'active', 'Актимель', 'Актимель', 32, 'ddda0ac0-aa9f-4fdc-b5b6-a3369ffa87f6', '{}', '{}'),
('7a7d3cd4-4a65-4abc-880d-d1a2f987396d', 'active', 'Цветы', 'Цветы', 33, '9d9092df-91f4-4174-94e1-e36bd64da09c', '{}', '{}'),
('458772ee-2a63-49ac-8812-7f19c9373b09', 'active', 'Pepsi', 'Pepsi', 34, 'f4b2af78-93f3-4f9e-b252-cd220c1a0392', '{}', '{}'),
('582e268f-4c7a-4d8f-881d-f74c40782b2b', 'active', 'Черный чай в пакетиках', 'Черный чай в пакетиках', 256, '66661aa9-0507-420e-8902-07b1fe418800', '{}', '{}'),
('ba461555-5794-4843-884c-6fb64aebfcce', 'active', 'Овощи и грибы', 'Овощи и грибы', 35, 'ea028766-1f26-4df6-b854-94bdcd7a402f', '{}', '{}'),
('0b8c6b60-e596-4973-88b8-1f203b0f16a1', 'active', 'Масло', 'Масло', 12, '0c1e6ad8-1e85-47b8-97b0-f9b5744af651', '{}', '{}'),
('9fd71048-8a3f-4d5f-88b8-4b2290e1da07', 'active', 'Жевательная резинка', 'Жевательная резинка', 13, 'fd63c068-c562-44b6-af07-7d2a36bbbe2b', '{}', '{}'),
('4383a21c-a537-49ca-88d6-60e94a1e1c9c', 'active', 'Батончик злаковый', 'Батончик злаковый', 356, '0c1e6ad8-1e85-47b8-97b0-f9b5744af651', '{}', '{}'),
('777faa5e-d182-4d11-88f5-d3ed120b2056', 'active', 'Кремы и лосьоны для кожи', 'Кремы и лосьоны для кожи', 357, '46556304-77e5-404b-8a94-5f7a78c20b39', '{}', '{}'),
('34dce9c0-03e1-419d-8909-288ef73bbace', 'active', 'Печенье', 'Печенье', 36, 'd84b6947-0132-471e-9d27-4f4aee591515', '{}', '{}'),
('7ccc377c-7fca-426c-8929-dda5471ce2bf', 'active', 'Хлопья', 'Хлопья', 19, '82fb55b8-2820-45dd-a30e-86e5342a4f95', '{}', '{}'),
('44e72505-5bc2-40e7-892d-cd14de9cd914', 'active', 'Носки', 'Носки', 37, '3ed92744-d410-45c5-828b-539ab31ef03f', '{}', '{}'),
('8f4a70f9-d236-4a47-8930-05228d91235d', 'active', 'Презервативы', 'Презервативы', 20, '4754455a-6b51-422d-bd16-72a1cad5007c', '{}', '{}'),
('a2ce340f-0744-4f7b-8936-a26ebcdf7802', 'active', 'Веганская колбаса', 'Веганская колбаса', 24, '32072f69-20ff-4594-9f03-86bb47321775', '{}', '{}'),
('b1ddc20b-226b-4620-8937-b006236e85ad', 'active', 'Маринованные овощи', 'Маринованные овощи', 25, '32072f69-20ff-4594-9f03-86bb47321775', '{}', '{}'),
('1af52498-989e-409c-8a1b-381ecd8d45e1', 'active', 'Кексы и пряники', 'Кексы и пряники', 28, '555a6e32-6177-4ac1-aeb3-ba0f9991d2e2', '{}', '{}'),
('af723324-4ff3-48fa-8a26-4abdaccb5f93', 'active', 'Белый шоколад', 'Белый шоколад', 38, '555a6e32-6177-4ac1-aeb3-ba0f9991d2e2', '{}', '{}'),
('46556304-77e5-404b-8a94-5f7a78c20b39', 'active', 'Гигиена', 'Гигиена', 359, 'd9ef3613-c0ed-40d2-9fdc-3eed67f55aae', '{""}', '{}'),
('c960920d-ce7d-4606-8a9b-12e833b2e89d', 'active', 'Нарезки', 'Нарезки', 244, '0c1e6ad8-1e85-47b8-97b0-f9b5744af651', '{}', '{}'),
('9aa663e1-65ba-4116-8aca-76c13deb06de', 'active', 'Лук и чеснок', 'Лук и чеснок', 245, '5453a4ed-c879-4aae-9eed-81189e6f452c', '{}', '{}'),
('a13ce379-4936-4505-8ace-f60ff63a1271', 'active', 'Зеленый чай в пакетиках', 'Зеленый чай в пакетиках', 360, '66661aa9-0507-420e-8902-07b1fe418800', '{}', '{}'),
('14f851fd-2433-4f9b-8afd-9b53cf8d359b', 'active', 'Картошка, свекла, морковь', 'Картошка, свекла, морковь', 361, '5453a4ed-c879-4aae-9eed-81189e6f452c', '{}', '{}'),
('0ac176b5-2e09-4764-8b25-39816dd3d838', 'active', 'Овощи', 'Овощи', 258, '5453a4ed-c879-4aae-9eed-81189e6f452c', '{}', '{}'),
('5973712c-3fa8-4d38-8b5b-833463bb0743', 'active', 'Колготки', 'Колготки', 362, '4754455a-6b51-422d-bd16-72a1cad5007c', '{""}', '{}'),
('f1907be0-221e-4964-8b5e-7dbdfc8b8af4', 'active', 'Очень надо!', 'Очень надо!', 40, 'd9ef3613-c0ed-40d2-9fdc-3eed67f55aae', '{""}', ARRAY['RU_18+']),
('1334a296-5036-4e6d-8bb8-e9b10bd58b7d', 'active', 'Мясное пюре', 'Мясное пюре', 52, 'd84b6947-0132-471e-9d27-4f4aee591515', '{}', '{}'),
('65f6920a-cc09-412a-8bc5-5ad01592b710', 'active', 'Соки', 'Соки', 53, 'd84b6947-0132-471e-9d27-4f4aee591515', '{}', '{}'),
('e3d67472-bf63-46c3-8bfa-9796928db9b0', 'active', 'Молоко и биолакт', 'Молоко и биолакт', 41, 'd84b6947-0132-471e-9d27-4f4aee591515', '{}', '{}'),
('639018e2-72cd-4b27-8c26-93d91100df1a', 'active', 'Кофе в зернах', 'Кофе в зернах', 42, '66661aa9-0507-420e-8902-07b1fe418800', '{}', '{}'),
('3c23e37c-841b-4347-8c3f-1789c9cb2d9a', 'active', 'Пастеризованное молоко', 'Пастеризованное молоко', 119, '73fa0267-8519-485a-9e06-5e18a9a7514c', '{}', '{}'),
('b4bd9df3-3d5b-4398-8ca8-0ea05d6990ac', 'active', 'Для лепки', 'Для лепки', 120, '8cde1ff5-8c37-4c4e-957f-36bd387c2fc8', '{}', '{}'),
('f8d8a5e8-62e6-4d55-8cc1-a03502d56119', 'active', 'На завтрак', 'На завтрак', 43, '35f95549-e0af-4166-af77-d097f961e8c2', '{}', '{}'),
('6115a552-42db-416e-8cca-2aac3714251a', 'active', 'Чебуреки', 'Чебуреки', 44, '0c1e6ad8-1e85-47b8-97b0-f9b5744af651', '{}', '{}'),
('e839a06f-658a-4c43-8ce0-b095df01b1c2', 'active', 'Кофе', 'Кофе', 45, '73fa0267-8519-485a-9e06-5e18a9a7514c', '{}', '{}'),
('91b7984c-3ec8-409a-8d05-f57e6c2302fd', 'active', 'Бритвы', 'Бритвы', 46, '46556304-77e5-404b-8a94-5f7a78c20b39', '{}', '{}'),
('8bae24a3-0378-4d37-8d0d-c22a0f2d06ba', 'active', 'Молоко пастеризованное', 'Молоко пастеризованное', 259, '0c1e6ad8-1e85-47b8-97b0-f9b5744af651', '{}', '{}'),
('5ac65e82-462f-4825-8d20-d855a878aab6', 'active', 'Ряженка', 'Ряженка', 260, '73fa0267-8519-485a-9e06-5e18a9a7514c', '{}', '{}'),
('faac6a62-f693-42a6-8d57-d056654358f0', 'active', 'Вода', 'Вода', 248, 'd84b6947-0132-471e-9d27-4f4aee591515', '{}', '{}'),
('0e335da2-85b0-451e-8d73-cd4dc91c5cc5', 'active', 'Какао', 'Какао', 250, '66661aa9-0507-420e-8902-07b1fe418800', '{}', '{}'),
('19bd8a0c-003b-4c78-8da1-7b80fb45807e', 'active', 'Вам могут потребоваться салфетки', 'Вам могут потребоваться салфетки', 251, '3d05bfc5-4b36-4efb-8e90-1f9878976916', '{}', '{}'),
('f4137f43-b8fb-469d-8db1-2e66ac5876fb', 'active', 'Листовой черный чай', 'Листовой черный чай', 252, '66661aa9-0507-420e-8902-07b1fe418800', '{}', '{}'),
('0a961868-6211-45bd-8dc1-d4df582862e8', 'active', 'В пенал', 'В пенал', 253, '8cde1ff5-8c37-4c4e-957f-36bd387c2fc8', '{}', '{}'),
('d42eb25d-3cd4-472e-8dd2-75cac73baed3', 'active', 'Масло сливочное', 'Масло сливочное', 261, '0c1e6ad8-1e85-47b8-97b0-f9b5744af651', '{}', '{}'),
('5419e828-7c09-4049-8df1-13011c1e398c', 'active', 'Фруктовые батончики', 'Фруктовые батончики', 262, 'c15d6c0a-5006-4d74-947f-daab7ab7a7d7', '{}', '{}'),
('2b7c218a-a678-435e-8e2a-2a65ba05a3df', 'active', 'Леденцы', 'Леденцы', 47, 'fd63c068-c562-44b6-af07-7d2a36bbbe2b', '{}', '{}'),
('f4fd005b-b2f4-46cc-8e3a-0eff6f958f3e', 'active', 'Пастеризованное молоко', 'Пастеризованное молоко', 48, 'ddda0ac0-aa9f-4fdc-b5b6-a3369ffa87f6', '{}', '{}'),
('3d05bfc5-4b36-4efb-8e90-1f9878976916', 'active', 'Арбузы по 129₽', 'Арбузы по 129₽', 49, 'd9ef3613-c0ed-40d2-9fdc-3eed67f55aae', '{}', '{}'),
('20e26a0b-4afc-4681-8e98-8e10f0222af6', 'active', 'Творог', 'Творог', 50, '0c1e6ad8-1e85-47b8-97b0-f9b5744af651', '{}', '{}'),
('3756d409-7c0c-4225-8ea1-70e7abe683d0', 'active', 'Цветы', 'Цветы', 51, '8cde1ff5-8c37-4c4e-957f-36bd387c2fc8', '{}', '{}'),
('a10eeeb3-3331-4a5a-8ea1-b74aa5482b0d', 'active', 'Батончики', 'Батончики', 0, '77ba3a6d-dfbd-4422-aa98-2c2ce592bf35', '{}', '{}'),
('036b8393-d685-498d-8ea8-f9ca92089132', 'active', 'Оливковое масло', 'Оливковое масло', 1, '89df660b-bfa9-4bd1-952e-bb64f3aadef0', '{}', '{}'),
('1b210671-e374-463b-8ecb-69a90a5d26bf', 'active', 'Грушевый сок', 'Грушевый сок', 2, '121634d3-50d6-478d-876a-6d5d7011135a', '{}', '{}'),
('fc40568a-5602-44a6-8ed2-fed1ce6d8be7', 'active', 'Для бритья', 'Для бритья', 307, '4754455a-6b51-422d-bd16-72a1cad5007c', '{}', '{}'),
('f2a14318-6f65-4aab-8f5f-86158566ef6a', 'active', 'Мёд', 'Мёд', 308, '555a6e32-6177-4ac1-aeb3-ba0f9991d2e2', '{}', '{}'),
('45e5e50e-774b-42c7-8f67-01b428879ad2', 'active', 'Замороженные овощи', 'Замороженные овощи', 278, 'dacaed86-fcd0-46de-aeed-b30b7266736b', '{}', '{}'),
('e88e7246-cb90-456a-8fce-002723c53833', 'active', 'Кофе в капсулах', 'Кофе в капсулах', 279, '66661aa9-0507-420e-8902-07b1fe418800', '{}', '{}'),
('9ecb478f-5108-456d-90ab-77895bbd4975', 'active', 'Растворимый кофе', 'Растворимый кофе', 285, '66661aa9-0507-420e-8902-07b1fe418800', '{}', '{}'),
('ff1496d3-a7c2-4726-90ab-d5e6a4039df8', 'active', 'Детские стиральные порошки', 'Детские стиральные порошки', 309, '05cd9b49-b605-4c20-8a4b-78b69aad2fd6', '{}', '{}'),
('cc64b2e3-7806-4035-90c6-ca286b372e76', 'active', 'Ананасовый сок', 'Ананасовый сок', 310, '121634d3-50d6-478d-876a-6d5d7011135a', '{}', '{}'),
('618dc893-7dab-45d0-90d4-db416417ec51', 'active', 'Конфеты и шоколадки', 'Конфеты и шоколадки', 311, 'fd63c068-c562-44b6-af07-7d2a36bbbe2b', '{}', '{}'),
('fd692231-67cd-40da-915a-5f1c74ea009c', 'active', 'Творог', 'Творог', 312, 'ddda0ac0-aa9f-4fdc-b5b6-a3369ffa87f6', '{}', '{}'),
('a74304d4-2054-408f-91c1-f0f4abe0c6f3', 'active', 'Шампуни', 'Шампуни', 62, '46556304-77e5-404b-8a94-5f7a78c20b39', '{}', '{}'),
('644899d1-edd3-4961-91c3-55dbcf1d6078', 'active', 'Выпечка', 'Выпечка', 63, 'a3d183c5-dd06-434b-97af-05015d85ebd9', '{}', '{}'),
('c7966bcf-8471-4494-91e7-621441845487', 'active', 'Салфетки и носовые платки', 'Салфетки и носовые платки', 64, '46556304-77e5-404b-8a94-5f7a78c20b39', '{}', '{}'),
('c73e2446-3e17-41aa-91ff-cdaa8920293d', 'active', 'Шоколадные батончики', 'Шоколадные батончики', 389, '555a6e32-6177-4ac1-aeb3-ba0f9991d2e2', '{}', '{}'),
('30128b89-0a31-4d9f-9228-2659293a3860', 'active', 'Яйцо куриное', 'Яйцо куриное', 65, '0c1e6ad8-1e85-47b8-97b0-f9b5744af651', '{}', '{}'),
('d9d1c339-ba79-4223-925c-651b111232a8', 'active', 'Сорбет', 'Сорбет', 66, '77ba3a6d-dfbd-4422-aa98-2c2ce592bf35', '{}', '{}'),
('3e667bf2-09c9-4beb-9293-39e562146d07', 'active', 'Томатный сок', 'Томатный сок', 54, '121634d3-50d6-478d-876a-6d5d7011135a', '{}', '{}'),
('0bce52b8-75af-4ac7-92b9-c95fdd371234', 'active', 'Тетрадки в линейку', 'Тетрадки в линейку', 204, '8cde1ff5-8c37-4c4e-957f-36bd387c2fc8', '{}', '{}'),
('82e6a388-e4dd-4761-9302-87655f41017a', 'active', 'Орехи', 'Орехи', 55, 'd18381fd-adaa-406b-a687-1d3c4e64a7af', '{}', '{}'),
('1927fbf3-70cf-4b10-9304-3f1384772d28', 'active', 'Вам могут потребоваться салфетки', 'Вам могут потребоваться салфетки', 56, '84b441c9-6449-4bd4-89df-efdb7ea205f0', '{}', '{}'),
('b1eba091-b227-436c-9328-503a641d57a0', 'active', 'Кассеты для бритв', 'Кассеты для бритв', 344, '46556304-77e5-404b-8a94-5f7a78c20b39', '{}', '{}'),
('7c3c6db9-e649-4335-9359-0b0c845655ef', 'active', 'Кефир', 'Кефир', 345, 'd84b6947-0132-471e-9d27-4f4aee591515', '{}', '{}'),
('829639b2-e1da-4d59-9391-f793e5b2e46c', 'active', 'Одноразовая посуда', 'Одноразовая посуда', 346, '05cd9b49-b605-4c20-8a4b-78b69aad2fd6', '{}', '{}'),
('c070f440-3953-46ef-9419-39ccc5be32c2', 'active', 'Дезодоранты', 'Дезодоранты', 347, '3ed92744-d410-45c5-828b-539ab31ef03f', '{}', '{}'),
('b8bf8bac-743a-4b23-942d-04c8858c4c50', 'active', 'Пастила', 'Пастила', 348, '555a6e32-6177-4ac1-aeb3-ba0f9991d2e2', '{}', '{}'),
('8ac417e6-a371-466f-9444-49d1344207e7', 'active', 'Творожный сыр', 'Творожный сыр', 57, '73fa0267-8519-485a-9e06-5e18a9a7514c', '{}', '{}'),
('aaf92c1d-0d42-48ac-9449-2bd4f72a3704', 'active', 'Канцтовары', 'Канцтовары', 170, '28fcd6e9-6253-411a-808c-575bde83aff5', '{}', '{}'),
('2e8a909d-c069-4518-9450-12a9606f25b3', 'active', 'Сухофрукты', 'Сухофрукты', 58, 'd18381fd-adaa-406b-a687-1d3c4e64a7af', '{}', '{}'),
('c15d6c0a-5006-4d74-947f-daab7ab7a7d7', 'active', 'Фитнес', 'Фитнес', 59, 'd9ef3613-c0ed-40d2-9fdc-3eed67f55aae', '{""}', '{}'),
('cd041e4c-9313-4a61-9487-4a1b36a2867b', 'active', 'Ультрапастеризованное молоко', 'Ультрапастеризованное молоко', 220, '73fa0267-8519-485a-9e06-5e18a9a7514c', '{}', '{}'),
('98fe2690-49ac-46db-9499-62063294a603', 'active', 'Зубные щетки', 'Зубные щетки', 221, '46556304-77e5-404b-8a94-5f7a78c20b39', '{}', '{}'),
('9d9092df-91f4-4174-94e1-e36bd64da09c', 'active', 'Цветы', 'Цветы', 67, 'd9ef3613-c0ed-40d2-9fdc-3eed67f55aae', '{""}', '{}'),
('89df660b-bfa9-4bd1-952e-bb64f3aadef0', 'active', 'Масло и соусы', 'Масло и соусы', 315, 'd9ef3613-c0ed-40d2-9fdc-3eed67f55aae', '{""}', '{}'),
('8b8b1ed2-cff0-4214-954c-fff736d201d2', 'active', 'Томатная паста', 'Томатная паста', 61, '89df660b-bfa9-4bd1-952e-bb64f3aadef0', '{}', '{}'),
('bbbc98bf-d73a-4481-955a-afc640bf1bfe', 'active', 'Наггетсы и морепродукты', 'Наггетсы и морепродукты', 68, 'dacaed86-fcd0-46de-aeed-b30b7266736b', '{}', '{}'),
('8cde1ff5-8c37-4c4e-957f-36bd387c2fc8', 'active', 'Для школы', 'Для школы', 69, 'd9ef3613-c0ed-40d2-9fdc-3eed67f55aae', '{""}', '{}'),
('38be02fc-541b-44fb-958b-70ddc12c0d3d', 'active', 'Туалетная бумага', 'Туалетная бумага', 70, '46556304-77e5-404b-8a94-5f7a78c20b39', '{}', '{}'),
('85fa0bc7-69f2-4a80-95a3-5c2ab52e7edf', 'active', 'Starbucks', 'Starbucks', 171, '66661aa9-0507-420e-8902-07b1fe418800', '{}', '{}'),
('d1b89e19-d0c4-4737-95c0-2712097d0fc1', 'active', 'Чипсы', 'Чипсы', 172, 'd18381fd-adaa-406b-a687-1d3c4e64a7af', '{}', '{}'),
('5100dee2-19dd-43ba-95ef-8bc914ef0302', 'active', 'Йогурты', 'Йогурты', 205, '0c1e6ad8-1e85-47b8-97b0-f9b5744af651', '{}', '{}'),
('240dc35f-065a-4073-95f0-9c24893d0308', 'active', 'Замороженные ягоды', 'Замороженные ягоды', 206, 'dacaed86-fcd0-46de-aeed-b30b7266736b', '{}', '{}'),
('8f28feb6-d78b-4ccf-9600-26f45b3a3427', 'active', 'Удлинители', 'Удлинители', 207, '28fcd6e9-6253-411a-808c-575bde83aff5', '{}', '{}'),
('ad8d4317-978a-445d-9633-2c9ad127b7a9', 'active', 'Гранола и мюсли', 'Гранола и мюсли', 208, 'c15d6c0a-5006-4d74-947f-daab7ab7a7d7', '{}', '{}'),
('ee12eee7-f4f3-47c4-964d-192bc344b132', 'active', 'Салфетки для экрана', 'Салфетки для экрана', 222, '28fcd6e9-6253-411a-808c-575bde83aff5', '{}', '{}'),
('9a242735-9105-4542-967d-cf5f1b152fe0', 'active', 'Презервативы', 'Презервативы', 350, '3ed92744-d410-45c5-828b-539ab31ef03f', '{}', '{}'),
('d0530415-76ae-49e8-9691-8bb502170ed8', 'active', 'Рыбные палочки', 'Рыбные палочки', 351, '0c1e6ad8-1e85-47b8-97b0-f9b5744af651', '{}', '{}'),
('46400e1b-bd06-4b35-96de-c0b577041dce', 'active', 'Когда дождь', 'Когда дождь', 352, 'f1907be0-221e-4964-8b5e-7dbdfc8b8af4', '{}', '{}'),
('4deed493-d433-49dd-96ee-ae1b6aae75e0', 'active', 'Пастила', 'Пастила', 364, '0c1e6ad8-1e85-47b8-97b0-f9b5744af651', '{}', '{}'),
('60eb2f9c-17c1-46c3-9719-29b40cad9200', 'active', 'Мороженое в рожке', 'Мороженое в рожке', 223, '0c1e6ad8-1e85-47b8-97b0-f9b5744af651', '{}', '{}'),
('6c86d987-5527-4d25-9737-e8a99c3e356d', 'active', 'Носовые платки', 'Носовые платки', 71, '8e432ff5-eb88-46b9-b94b-9b4798fa57b4', '{}', '{}'),
('0092d5f5-2b76-49fe-9739-cda4fdfd2793', 'active', 'Вареники', 'Вареники', 224, 'dacaed86-fcd0-46de-aeed-b30b7266736b', '{}', '{}'),
('a3d183c5-dd06-434b-97af-05015d85ebd9', 'active', 'Хлеб', 'Хлеб', 76, 'd9ef3613-c0ed-40d2-9fdc-3eed67f55aae', '{""}', '{}'),
('e9091e62-13ae-47fd-97c0-cf9ea0385e92', 'active', 'Презервативы', 'Презервативы', 225, 'f1907be0-221e-4964-8b5e-7dbdfc8b8af4', '{""}', ARRAY['RU_18+']),
('6c26e81e-4ce4-4de2-980f-30098e6952dc', 'active', 'Апельсиновый сок', 'Апельсиновый сок', 77, '121634d3-50d6-478d-876a-6d5d7011135a', '{}', '{}'),
('668e5e90-67d9-43b4-9816-620c654b9b3f', 'active', 'Сливки', 'Сливки', 365, '66661aa9-0507-420e-8902-07b1fe418800', '{}', '{}'),
('395341cc-ace4-42e1-9819-5315c467e355', 'active', 'Баточник детский', 'Баточник детский', 366, '0c1e6ad8-1e85-47b8-97b0-f9b5744af651', '{}', '{}'),
('8f355485-9e48-4c43-9825-b7b9ac64e370', 'active', 'Ультрапастеризованное молоко', 'Ультрапастеризованное молоко', 78, 'ddda0ac0-aa9f-4fdc-b5b6-a3369ffa87f6', '{}', '{}'),
('46e53709-46dc-4b6a-9840-d150443378cc', 'active', 'Печенье', 'Печенье', 80, '0c1e6ad8-1e85-47b8-97b0-f9b5744af651', '{}', '{}'),
('f1441ffa-abee-49c5-9876-eb042c8a9857', 'active', 'Взбитые сливки', 'Взбитые сливки', 210, 'ddda0ac0-aa9f-4fdc-b5b6-a3369ffa87f6', '{}', '{}'),
('3e1cedb9-6845-4e2c-98c4-2bba6d344f43', 'active', 'Fanta', 'Fanta', 211, 'f4b2af78-93f3-4f9e-b252-cd220c1a0392', '{}', '{}'),
('14c9e2be-da2e-4969-98fe-fe8283c00127', 'active', 'Вафли', 'Вафли', 212, '0c1e6ad8-1e85-47b8-97b0-f9b5744af651', '{}', '{}'),
('05822098-929c-4b1b-99c9-33aeb4001e8a', 'active', 'Starbucks', 'Starbucks', 402, '121634d3-50d6-478d-876a-6d5d7011135a', '{}', '{}'),
('b66219d7-086b-4292-9a5f-8b185f2b1bd0', 'active', 'Сосиски', 'Сосиски', 214, 'dacaed86-fcd0-46de-aeed-b30b7266736b', '{}', '{}'),
('187cf6ad-4694-4024-9a79-3a1aef82d8d9', 'active', 'Зубные пасты', 'Зубные пасты', 406, '46556304-77e5-404b-8a94-5f7a78c20b39', '{}', '{}'),
('8fd8c5ec-c864-4a3f-9a7e-da6b2334e5f6', 'active', 'Цитрусовые', 'Цитрусовые', 407, '5453a4ed-c879-4aae-9eed-81189e6f452c', '{}', '{}'),
('c7c20456-3540-4fbe-9aba-9e1aec7f6214', 'active', 'Душистая зелень', 'Душистая зелень', 408, '5453a4ed-c879-4aae-9eed-81189e6f452c', '{}', '{}'),
('536dab51-5729-4787-9af0-d16f38c08ee8', 'active', 'Газированная вода', 'Газированная вода', 410, '1d498659-caa5-44de-b6e9-1ec8ba0de0ad', '{}', '{}'),
('2b08a51c-f922-4903-9af8-aee53267b813', 'active', 'Носки', 'Носки', 411, 'f1907be0-221e-4964-8b5e-7dbdfc8b8af4', '{}', '{}'),
('1a9f21cc-4132-4aa3-9b4c-0c599cdb0338', 'active', 'Безалкогольное пиво', 'Безалкогольное пиво', 412, '121634d3-50d6-478d-876a-6d5d7011135a', '{}', '{}'),
('017b3fbe-6ea9-4f97-9b8d-6826bdf444a0', 'active', 'Крупы', 'Крупы', 215, '82fb55b8-2820-45dd-a30e-86e5342a4f95', '{}', '{}'),
('dd61161a-f4ab-4475-9b99-354e971881fa', 'active', 'Кокосовая вода', 'Кокосовая вода', 414, '121634d3-50d6-478d-876a-6d5d7011135a', '{}', '{}'),
('0e5ac7ec-b4ea-4535-9bdc-5b367a753ddb', 'active', 'Хлебцы', 'Хлебцы', 415, 'c15d6c0a-5006-4d74-947f-daab7ab7a7d7', '{}', '{}'),
('544d05c1-2c4c-4091-9c1d-894374688dd5', 'active', 'Масло', 'Масло', 416, '73fa0267-8519-485a-9e06-5e18a9a7514c', '{}', '{}'),
('12abb9b5-a2d0-49c6-9c20-58909759041b', 'active', 'Сухая смесь', 'Сухая смесь', 417, 'd84b6947-0132-471e-9d27-4f4aee591515', '{}', '{}'),
('3e888dfc-aec7-41b7-9c56-a322d9dd520a', 'active', 'Сметана', 'Сметана', 418, '35f95549-e0af-4166-af77-d097f961e8c2', '{}', '{}'),
('e6755a0d-465d-4697-9cf9-a366766b7972', 'active', 'Сметана', 'Сметана', 419, 'ddda0ac0-aa9f-4fdc-b5b6-a3369ffa87f6', '{}', '{}'),
('065ecbdc-c021-457f-9d6e-c546083050e9', 'active', 'Лампочки', 'Лампочки', 196, 'fd63c068-c562-44b6-af07-7d2a36bbbe2b', '{}', '{}'),
('a9809dbd-9a8c-4a10-9d8e-bceff2460a9a', 'active', 'Холодный чай', 'Холодный чай', 197, '121634d3-50d6-478d-876a-6d5d7011135a', '{}', '{}'),
('cc6ca1b1-96c1-471a-9da8-12e3a20d025a', 'active', 'Колбаса вареная', 'Колбаса вареная', 177, '0c1e6ad8-1e85-47b8-97b0-f9b5744af651', '{}', '{}'),
('ab714a7b-eb1a-4aed-9db6-cf2d03208554', 'active', 'Для выпечки', 'Для выпечки', 82, '82fb55b8-2820-45dd-a30e-86e5342a4f95', '{}', '{}'),
('73fa0267-8519-485a-9e06-5e18a9a7514c', 'active', 'Завтрак', 'Завтрак', 173, 'd9ef3613-c0ed-40d2-9fdc-3eed67f55aae', '{""}', '{}'),
('87a3b536-45c4-4804-9e1a-b22f9651f7e3', 'active', 'Стерилизованное молоко', 'Стерилизованное молоко', 174, '73fa0267-8519-485a-9e06-5e18a9a7514c', '{}', '{}'),
('d251f74f-a5d0-4007-9e49-da7c0e0b18a4', 'active', 'Торты', 'Торты', 175, '555a6e32-6177-4ac1-aeb3-ba0f9991d2e2', '{}', '{}'),
('e36803a2-5ed4-406e-9ea7-99036d97cc27', 'active', 'Мёд', 'Мёд', 83, '66661aa9-0507-420e-8902-07b1fe418800', '{}', '{}'),
('273358e7-7652-435c-9eb0-e6005ba3cdc3', 'active', 'Для мытья посуды', 'Для мытья посуды', 198, '05cd9b49-b605-4c20-8a4b-78b69aad2fd6', '{}', '{}'),
('4d3e9cf6-6d3e-4167-9ee0-d9ea0d41db77', 'active', 'Муссы', 'Муссы', 178, '0c1e6ad8-1e85-47b8-97b0-f9b5744af651', '{}', '{}'),
('b30ff0c3-c5c0-482a-9ee7-1ebde49363b5', 'active', 'Яблочный сок', 'Яблочный сок', 199, '121634d3-50d6-478d-876a-6d5d7011135a', '{}', '{}'),
('c5eb1613-4e64-40ea-9eec-1d5d2e2ffd50', 'active', 'Выпечка', 'Выпечка', 216, '35f95549-e0af-4166-af77-d097f961e8c2', '{}', '{}'),
('5453a4ed-c879-4aae-9eed-81189e6f452c', 'active', 'Овощи и фрукты', 'Овощи и фрукты', 218, 'd9ef3613-c0ed-40d2-9fdc-3eed67f55aae', '{"https://eda.yandex/images/1380157/a22d399c8195f1067a5db2dc8e5173da.jpg"}', '{}'),
('a1d8757c-8c80-4b4b-9eff-1013e9ca6258', 'active', 'Овощное пюре', 'Овощное пюре', 219, 'd84b6947-0132-471e-9d27-4f4aee591515', '{}', '{}'),
('32072f69-20ff-4594-9f03-86bb47321775', 'active', 'На хлеб', 'На хлеб', 390, 'd9ef3613-c0ed-40d2-9fdc-3eed67f55aae', '{}', '{}'),
('fba4a0f5-d3ea-4da5-9f27-e2d432c8a35e', 'active', 'Стирка', 'Стирка', 200, 'd84b6947-0132-471e-9d27-4f4aee591515', '{}', '{}'),
('6fe9d2af-ad1a-4124-9f39-3d03c33f236b', 'active', 'Ряженка', 'Ряженка', 84, 'ddda0ac0-aa9f-4fdc-b5b6-a3369ffa87f6', '{}', '{}'),
('fa514690-b182-4d98-9f3a-fa949cee488e', 'active', 'Лампочки', 'Лампочки', 85, '28fcd6e9-6253-411a-808c-575bde83aff5', '{}', '{}'),
('987552fd-5693-4b96-a0b6-b3ad8063e902', 'active', 'Подгузники-трусики', 'Подгузники-трусики', 87, 'd84b6947-0132-471e-9d27-4f4aee591515', '{}', '{}'),
('99ac7b1f-1d9b-4a37-a118-1a16e6ea6904', 'active', 'Грибы', 'Грибы', 263, '5453a4ed-c879-4aae-9eed-81189e6f452c', '{}', '{}'),
('f104d487-1944-449d-a157-c0270decb2c8', 'active', 'Spite', 'Spite', 88, 'f4b2af78-93f3-4f9e-b252-cd220c1a0392', '{}', '{}'),
('e7434b00-2116-4874-a219-617a992d4dac', 'active', 'Шейки', 'Шейки', 423, 'c15d6c0a-5006-4d74-947f-daab7ab7a7d7', '{}', '{}'),
('3278dc6a-655b-4c34-a29f-399f0088b093', 'active', 'Плавленый сыр', 'Плавленый сыр', 424, '73fa0267-8519-485a-9e06-5e18a9a7514c', '{}', '{}'),
('8b349f02-4270-402f-a2a3-eaa46c566664', 'active', 'Сахар и сахарозаменитель', 'Сахар и сахарозаменитель', 425, '82fb55b8-2820-45dd-a30e-86e5342a4f95', '{}', '{}'),
('6e7b6a62-12e6-4922-a2c5-0c8e30ca258b', 'active', 'Оливки', 'Оливки', 426, '0c1e6ad8-1e85-47b8-97b0-f9b5744af651', '{}', '{}'),
('f3f0af2c-b581-4f94-a2ce-2395e286736f', 'active', 'Nutella', 'Nutella', 427, '555a6e32-6177-4ac1-aeb3-ba0f9991d2e2', '{}', '{}'),
('c997fca2-bed4-4f8c-a2cf-26dc10d2910a', 'active', 'Шампуни', 'Шампуни', 428, '3ed92744-d410-45c5-828b-539ab31ef03f', '{}', '{}'),
('9e313b04-f921-48b2-a300-e4df827d6263', 'active', 'Вода негазированная 19л', 'Вода негазированная 19л', 429, '1d498659-caa5-44de-b6e9-1ec8ba0de0ad', '{}', '{}'),
('82fb55b8-2820-45dd-a30e-86e5342a4f95', 'active', 'Макароны, крупы, мука', 'Макароны, крупы, мука', 430, 'd9ef3613-c0ed-40d2-9fdc-3eed67f55aae', '{}', '{}'),
('98ce00a0-b433-41ba-a316-400a70bfca0b', 'active', 'Сок апельсиновый', 'Сок апельсиновый', 431, '0c1e6ad8-1e85-47b8-97b0-f9b5744af651', '{}', '{}'),
('368868b3-6844-4846-a3d8-6a7b5454fa9a', 'active', 'Говядина из «Мираторга»', 'Говядина из «Мираторга»', 89, 'e8822eb7-3d75-46b3-af42-b668227f5a37', '{}', '{}'),
('836ef54b-58c0-43be-a3ff-8a2eaadd9afa', 'active', 'Консервы рыбные', 'Консервы рыбные', 90, '0c1e6ad8-1e85-47b8-97b0-f9b5744af651', '{}', '{}'),
('756e7ef3-cde2-43fa-a406-432279cb78a9', 'active', 'Колбаса и ветчина', 'Колбаса и ветчина', 91, 'e8822eb7-3d75-46b3-af42-b668227f5a37', '{}', '{}'),
('716a386b-1d10-48b8-a432-ebf2b4b637aa', 'active', 'Детская вода', 'Детская вода', 264, '1d498659-caa5-44de-b6e9-1ec8ba0de0ad', '{}', '{}'),
('db6630d2-0489-4353-a495-c9bf017c05ad', 'active', 'Мороженое в стаканчике', 'Мороженое в стаканчике', 92, '0c1e6ad8-1e85-47b8-97b0-f9b5744af651', '{}', '{}'),
('694d5070-0737-4d85-a49b-4e6c292ca022', 'active', 'Вишневный сок', 'Вишневный сок', 93, '121634d3-50d6-478d-876a-6d5d7011135a', '{}', '{}'),
('6d7af9a5-ee46-4183-a4be-ee1fcbf3a81d', 'active', 'Детские соки', 'Детские соки', 99, '121634d3-50d6-478d-876a-6d5d7011135a', '{}', '{}'),
('8892145e-a1b7-4ebf-a4d2-43d6f15e5a1b', 'active', 'Плавленый сыр', 'Плавленый сыр', 100, '32072f69-20ff-4594-9f03-86bb47321775', '{}', '{}'),
('dd664520-07f8-48e0-a57a-9e8eb610826a', 'active', 'Для собак', 'Для собак', 101, '478d9c68-ff0d-40c2-a828-7a8c7e6a5fb0', '{}', '{}'),
('cbafd4cc-e1a3-4ac7-a5ba-ada6092fa2da', 'active', 'Для хот-догов', 'Для хот-догов', 266, 'dacaed86-fcd0-46de-aeed-b30b7266736b', '{}', '{}'),
('a4bce913-4c68-4477-a5cf-dd23698516b2', 'active', 'Для посудомойки', 'Для посудомойки', 267, '05cd9b49-b605-4c20-8a4b-78b69aad2fd6', '{}', '{}'),
('f15f4d88-fd12-4c3e-a5da-73366f2a2f9f', 'active', 'Кукурузные палочки', 'Кукурузные палочки', 246, 'd18381fd-adaa-406b-a687-1d3c4e64a7af', '{}', '{}'),
('7aceeb7c-2e27-4478-a682-0991a20f94ba', 'active', 'Тампоны', 'Тампоны', 94, '4754455a-6b51-422d-bd16-72a1cad5007c', '{}', '{}'),
('894c49a3-80a0-4b47-a696-6462bb47dadf', 'active', 'Смузи', 'Смузи', 145, '0c1e6ad8-1e85-47b8-97b0-f9b5744af651', '{}', '{}'),
('15b65947-3aef-4cbe-a6c2-0fba400f3770', 'active', 'Фрукты', 'Фрукты', 363, 'ea028766-1f26-4df6-b854-94bdcd7a402f', '{}', '{}'),
('5e0e4913-2ae4-41a3-a6dd-e28b51d9e281', 'active', 'Морская капуста', 'Морская капуста', 95, 'd18381fd-adaa-406b-a687-1d3c4e64a7af', '{}', '{}'),
('24dc5307-c6d9-4518-a70d-9ff1b3a950d6', 'active', 'Зелень', 'Зелень', 109, '5453a4ed-c879-4aae-9eed-81189e6f452c', '{}', '{}'),
('04c9c506-9cea-4c1a-a70f-71d6068feb6c', 'active', 'Хлебцы', 'Хлебцы', 110, '73fa0267-8519-485a-9e06-5e18a9a7514c', '{}', '{}'),
('34de0f67-48ab-4e76-a743-f0415b3be78c', 'active', 'Зонты', 'Зонты', 392, '4754455a-6b51-422d-bd16-72a1cad5007c', '{}', '{}'),
('5f52f832-bb30-4625-a74e-e0895bf7e905', 'active', 'Колбаса и бекон', 'Колбаса и бекон', 146, '73fa0267-8519-485a-9e06-5e18a9a7514c', '{}', '{}'),
('f8ffdcc2-2881-44e4-a754-e021dba973d4', 'active', 'Фруктовое пюре', 'Фруктовое пюре', 161, 'd84b6947-0132-471e-9d27-4f4aee591515', '{}', '{}'),
('f99e8b86-025d-4a6d-a83d-22420396b02f', 'active', 'Луковые кольца', 'Луковые кольца', 179, 'd18381fd-adaa-406b-a687-1d3c4e64a7af', '{}', '{}'),
('ff148a81-aba2-4df4-a84f-570f5f6790e1', 'active', 'Твердое мыло', 'Твердое мыло', 96, '46556304-77e5-404b-8a94-5f7a78c20b39', '{}', '{}'),
('050e09bd-8278-46ed-a864-279fd7cb4b3d', 'active', 'Kinder', 'Kinder', 98, '555a6e32-6177-4ac1-aeb3-ba0f9991d2e2', '{}', '{}'),
('3a94c6ac-bc4b-4abf-a864-41c1ff8de7af', 'active', 'Сухие завтраки', 'Сухие завтраки', 102, '73fa0267-8519-485a-9e06-5e18a9a7514c', '{}', '{}'),
('cae43e6d-4a51-4fa4-a8c2-3797794ac02c', 'active', 'Полутвердый сыр', 'Полутвердый сыр', 103, '32072f69-20ff-4594-9f03-86bb47321775', '{}', '{}'),
('d70ec4ef-f92e-476e-a8f0-a7fd4936bfc9', 'active', 'Батончик фруктовый', 'Батончик фруктовый', 209, '0c1e6ad8-1e85-47b8-97b0-f9b5744af651', '{}', '{}'),
('f6d2505d-b962-4347-a908-3e1ec05ee378', 'active', 'Гели для душа', 'Гели для душа', 180, '46556304-77e5-404b-8a94-5f7a78c20b39', '{}', '{}'),
('1eefe841-2448-4501-a90f-bfbf54d7c332', 'active', 'Другие полезные вещи', 'Другие полезные вещи', 247, '8cde1ff5-8c37-4c4e-957f-36bd387c2fc8', '{}', '{}'),
('5073d795-4e42-48a3-a916-df0ee087fa36', 'active', 'Мясные снеки', 'Мясные снеки', 370, 'd18381fd-adaa-406b-a687-1d3c4e64a7af', '{}', '{}'),
('f9a05c91-08df-41e6-a92d-8c8867e1ca00', 'active', 'Если дождь', 'Если дождь', 105, '3ed92744-d410-45c5-828b-539ab31ef03f', '{}', '{}'),
('bd28ca57-34a3-4886-a997-87ea6ebf4ee2', 'active', 'Бисквиты', 'Бисквиты', 106, '555a6e32-6177-4ac1-aeb3-ba0f9991d2e2', '{}', '{}'),
('64be54d0-e453-4b44-a99f-cbc4dd9468c1', 'active', 'Кефир', 'Кефир', 107, 'ddda0ac0-aa9f-4fdc-b5b6-a3369ffa87f6', '{}', '{}'),
('558d2903-053c-48cd-a9db-e8dc7f07c5ee', 'active', 'Суп', 'Суп', 268, '35f95549-e0af-4166-af77-d097f961e8c2', '{}', '{}'),
('ba52d01a-0772-4b3c-a9e1-a21d530dc297', 'active', 'Яйца', 'Яйца', 181, '0c1e6ad8-1e85-47b8-97b0-f9b5744af651', '{}', '{}'),
('77ba3a6d-dfbd-4422-aa98-2c2ce592bf35', 'active', 'Мороженое', 'Мороженое', 183, '0c1e6ad8-1e85-47b8-97b0-f9b5744af651', '{}', '{}'),
('6596d275-b7d7-4f22-aaa5-4755d4cd6213', 'active', 'Сгущенное молоко', 'Сгущенное молоко', 184, 'ddda0ac0-aa9f-4fdc-b5b6-a3369ffa87f6', '{}', '{}'),
('4a78d221-ddff-432a-aaa9-93b0935990d0', 'active', 'Квас', 'Квас', 185, '0c1e6ad8-1e85-47b8-97b0-f9b5744af651', '{}', '{}'),
('bec02437-13f4-4f6c-aad4-9fbb5ede9e64', 'active', 'Прокладки', 'Прокладки', 228, '46556304-77e5-404b-8a94-5f7a78c20b39', '{}', '{}'),
('c55d11a6-5f11-443a-ab05-bdb520ed0950', 'active', 'Хумус', 'Хумус', 269, '32072f69-20ff-4594-9f03-86bb47321775', '{}', '{}'),
('9ea6b67d-3338-44e8-ab12-1d8487857d68', 'active', 'Крем под подгузники', 'Крем под подгузники', 393, 'd84b6947-0132-471e-9d27-4f4aee591515', '{}', '{}'),
('9ab19c65-374a-4437-ab29-e3210e8b8f81', 'active', 'Молотый кофе', 'Молотый кофе', 270, '66661aa9-0507-420e-8902-07b1fe418800', '{}', '{}'),
('04414aeb-a4bd-47ec-ab2b-a66098a3d5b3', 'active', 'Актимель', 'Актимель', 108, '73fa0267-8519-485a-9e06-5e18a9a7514c', '{}', '{}'),
('402212cc-4f22-472e-ab31-8700df8559ce', 'active', 'Сахар и сахарозаменители', 'Сахар и сахарозаменители', 353, 'e2d5c7ae-7d5d-4c21-8128-f620c6df7e62', '{}', '{}'),
('b7934071-5b6c-4f8e-ab48-2d6289faa3ac', 'active', 'Канцтовары', 'Канцтовары', 112, 'fd63c068-c562-44b6-af07-7d2a36bbbe2b', '{}', '{}'),
('5f71bcc1-bf9f-4b17-ab4a-4d8bb078b78a', 'active', 'Масса творожная', 'Масса творожная', 113, '0c1e6ad8-1e85-47b8-97b0-f9b5744af651', '{}', '{}'),
('ce656db1-206a-4567-ab6b-a764f03b17c7', 'active', 'Другие лимонады', 'Другие лимонады', 229, 'f4b2af78-93f3-4f9e-b252-cd220c1a0392', '{}', '{}'),
('3da56780-14dc-4467-ab7e-0a501b2b0e5a', 'active', 'Зерно творожное', 'Зерно творожное', 230, '0c1e6ad8-1e85-47b8-97b0-f9b5744af651', '{}', '{}'),
('161db763-0574-46da-ab9b-812aad1cc9a1', 'active', 'Салфетки', 'Салфетки', 150, '73fa0267-8519-485a-9e06-5e18a9a7514c', '{}', '{}'),
('5f0d4f44-d323-4154-aba6-e63367da927b', 'active', 'Мягкие сыры', 'Мягкие сыры', 151, '73fa0267-8519-485a-9e06-5e18a9a7514c', '{}', '{}'),
('0f92f502-8b6d-4d4d-abbc-623abea12640', 'active', 'Рыбные продукты замороженные', 'Рыбные продукты замороженные', 152, '0c1e6ad8-1e85-47b8-97b0-f9b5744af651', '{}', '{}'),
('a0bc96e3-0c54-4c32-ac1c-a2debdf9a041', 'active', 'Овощи', 'Овощи', 394, '73fa0267-8519-485a-9e06-5e18a9a7514c', '{}', '{}'),
('efbfe6f4-f32c-4a98-ac2f-e21ea5f44417', 'active', 'Персиковый сок', 'Персиковый сок', 114, '121634d3-50d6-478d-876a-6d5d7011135a', '{}', '{}'),
('07ae63cb-89df-4a28-ac5a-02dcd75723ba', 'active', 'Паштеты', 'Паштеты', 115, '32072f69-20ff-4594-9f03-86bb47321775', '{}', '{}'),
('2877206d-38c9-44f4-acea-e37d109fecb2', 'active', 'Рыба', 'Рыба', 116, 'ea028766-1f26-4df6-b854-94bdcd7a402f', '{}', '{}'),
('2562ad73-4867-410e-ad28-fad9770fdef5', 'active', 'Мягкий сыр', 'Мягкий сыр', 121, '32072f69-20ff-4594-9f03-86bb47321775', '{}', '{}'),
('0d32d267-2fca-42da-ad32-6d367e2720bb', 'active', 'Крем для рук', 'Крем для рук', 117, '46556304-77e5-404b-8a94-5f7a78c20b39', '{}', '{}'),
('6f598f29-1baa-4cb5-ad7f-20478c7cbc64', 'active', 'Сушки', 'Сушки', 186, '555a6e32-6177-4ac1-aeb3-ba0f9991d2e2', '{}', '{}'),
('b06f5dfb-39bf-482f-ad9f-b61d990e5287', 'active', 'А еще у нас есть дыня', 'А еще у нас есть дыня', 153, '3d05bfc5-4b36-4efb-8e90-1f9878976916', '{}', '{}'),
('0b5a7d69-6312-4213-adb8-96a49950b43a', 'active', 'Крекеры', 'Крекеры', 155, 'd18381fd-adaa-406b-a687-1d3c4e64a7af', '{}', '{}'),
('5e8b8214-ce2b-4c9c-adc6-88b5a0aec608', 'active', 'Суп в пакетиках', 'Суп в пакетиках', 156, 'dacaed86-fcd0-46de-aeed-b30b7266736b', '{}', '{}'),
('3c73a423-6810-472e-add5-716b921e9893', 'active', 'Салаты', 'Салаты', 292, '35f95549-e0af-4166-af77-d097f961e8c2', '{}', '{}'),
('401827d0-ac3e-4c64-ae46-1f80da6c890d', 'active', 'Дезодоранты', 'Дезодоранты', 293, '4754455a-6b51-422d-bd16-72a1cad5007c', '{}', '{}'),
('1b4eea07-edbe-4d90-ae57-2e9e3f38dd62', 'active', 'Жидкое мыло', 'Жидкое мыло', 294, '46556304-77e5-404b-8a94-5f7a78c20b39', '{}', '{}'),
('18c1070c-8d4b-424c-ae83-dd04eee16022', 'active', 'Пастеризованное молоко', 'Пастеризованное молоко', 295, '0c1e6ad8-1e85-47b8-97b0-f9b5744af651', '{}', '{}'),
('555a6e32-6177-4ac1-aeb3-ba0f9991d2e2', 'active', 'Сладкое', 'Сладкое', 157, '0c1e6ad8-1e85-47b8-97b0-f9b5744af651', '{}', '{}'),
('559d3329-77a5-4f3b-aed0-e8e860cbf26e', 'active', 'Смузи', 'Смузи', 123, 'c15d6c0a-5006-4d74-947f-daab7ab7a7d7', '{}', '{}'),
('51ac067d-1bf5-4b5d-af63-294c0780066a', 'active', 'Низколактозное молоко', 'Низколактозное молоко', 354, '73fa0267-8519-485a-9e06-5e18a9a7514c', '{}', '{}'),
('35f95549-e0af-4166-af77-d097f961e8c2', 'active', 'Готовая еда', 'Готовая еда', 355, '73fa0267-8519-485a-9e06-5e18a9a7514c', '{}', '{}'),
('d69d0293-bc9d-41ae-af87-9a9e3aa3d26f', 'active', 'Фрукты', 'Фрукты', 125, '5453a4ed-c879-4aae-9eed-81189e6f452c', '{}', '{}'),
('a964bccf-6015-461c-af90-3c2f6e8f2843', 'active', 'Мягкие сыры', 'Мягкие сыры', 126, 'ddda0ac0-aa9f-4fdc-b5b6-a3369ffa87f6', '{}', '{}'),
('dfd9797f-7fd3-4407-af9a-ccee525629b9', 'active', 'Виноградный сок', 'Виноградный сок', 127, '5453a4ed-c879-4aae-9eed-81189e6f452c', '{}', '{}'),
('1b16f535-5837-4cbf-affb-8f842dc09183', 'active', 'Манговый сок', 'Манговый сок', 128, '121634d3-50d6-478d-876a-6d5d7011135a', '{}', '{}'),
('aba8b6be-2022-47c1-b028-c18b76d48bae', 'active', 'Горчица и хрен', 'Горчица и хрен', 129, '89df660b-bfa9-4bd1-952e-bb64f3aadef0', '{}', '{}'),
('b1855367-b63d-4ce4-b08f-ff06b6eb5843', 'active', 'Для кошек', 'Для кошек', 371, '478d9c68-ff0d-40c2-a828-7a8c7e6a5fb0', '{}', '{}'),
('efdaeb9b-960f-4247-b0b5-1f93ba820dac', 'active', 'Морсы', 'Морсы', 271, '121634d3-50d6-478d-876a-6d5d7011135a', '{}', '{}'),
('1157a46d-730b-4299-b0d2-c987802c3e96', 'active', 'Кефир', 'Кефир', 272, '0c1e6ad8-1e85-47b8-97b0-f9b5744af651', '{}', '{}'),
('a2c38dbe-34a6-4bf7-b0f6-753b949cc317', 'active', 'Экзотические фрукты', 'Экзотические фрукты', 273, '5453a4ed-c879-4aae-9eed-81189e6f452c', '{}', '{}'),
('2401b026-485b-406d-b114-f98f49912e0a', 'active', 'Свежий хлеб', 'Свежий хлеб', 274, '73fa0267-8519-485a-9e06-5e18a9a7514c', '{}', '{}'),
('a0f7ae04-6671-422d-b169-af6caf72811b', 'active', 'Варенье', 'Варенье', 275, '555a6e32-6177-4ac1-aeb3-ba0f9991d2e2', '{}', '{}'),
('bc877db1-773e-40d3-b17d-53f4eee2f794', 'active', 'Молочный шоколад', 'Молочный шоколад', 276, '555a6e32-6177-4ac1-aeb3-ba0f9991d2e2', '{}', '{}'),
('76e78250-4a70-43fa-b185-8c8b8ab88ee9', 'active', 'Мини-круассаны', 'Мини-круассаны', 277, '555a6e32-6177-4ac1-aeb3-ba0f9991d2e2', '{}', '{}'),
('b42c6e32-a05c-45e8-b1be-027cab5b0f1c', 'active', 'Сухофрукты', 'Сухофрукты', 372, '555a6e32-6177-4ac1-aeb3-ba0f9991d2e2', '{}', '{}'),
('6c42685b-03ce-48cf-b1e3-e3ef07d83e63', 'active', 'Подгузники', 'Подгузники', 373, 'd84b6947-0132-471e-9d27-4f4aee591515', '{}', '{}'),
('0408c698-2d73-46c8-b20c-64e800476ef5', 'active', 'Специи', 'Специи', 375, 'e2d5c7ae-7d5d-4c21-8128-f620c6df7e62', '{}', '{}'),
('98aba252-a952-4817-b21c-341c4426636b', 'active', 'Бумага и картон', 'Бумага и картон', 395, '8cde1ff5-8c37-4c4e-957f-36bd387c2fc8', '{}', '{}'),
('e1918069-a39b-463a-b23f-5c930cd678cb', 'active', 'Сметана', 'Сметана', 396, '0c1e6ad8-1e85-47b8-97b0-f9b5744af651', '{}', '{}'),
('1d702d85-909c-4d41-b242-62180fb68ff6', 'active', 'Ватные диски и палочки', 'Ватные диски и палочки', 397, '46556304-77e5-404b-8a94-5f7a78c20b39', '{""}', '{}'),
('f4b2af78-93f3-4f9e-b252-cd220c1a0392', 'active', 'Газировка', 'Газировка', 398, 'd9ef3613-c0ed-40d2-9fdc-3eed67f55aae', '{""}', '{}'),
('c825b11b-021b-4153-b26f-dbcc1ab9b525', 'active', 'Сливки', 'Сливки', 382, 'ddda0ac0-aa9f-4fdc-b5b6-a3369ffa87f6', '{}', '{}'),
('3e1ae012-0685-4407-b2b2-d21c724c3765', 'active', 'Детское молоко', 'Детское молоко', 383, 'ddda0ac0-aa9f-4fdc-b5b6-a3369ffa87f6', '{}', '{}'),
('49d38792-d160-4ebe-b2c3-7d4b75a105d8', 'active', 'Мясо из «Мираторга»', 'Мясо из «Мираторга»', 286, 'dacaed86-fcd0-46de-aeed-b30b7266736b', '{}', '{}'),
('5464c3ec-4b7b-4b87-b2f1-5bf2656663ab', 'active', 'Средства для загара', 'Средства для загара', 287, '46556304-77e5-404b-8a94-5f7a78c20b39', '{}', '{}'),
('9ae1d6b3-3f74-4002-b2f1-adce3232f5d7', 'active', 'Пельмени', 'Пельмени', 288, 'dacaed86-fcd0-46de-aeed-b30b7266736b', '{}', '{}'),
('0a7fa393-55d0-4a8f-b2f7-607b8034cdaf', 'active', 'Для хранения и запекания', 'Для хранения и запекания', 289, '05cd9b49-b605-4c20-8a4b-78b69aad2fd6', '{}', '{}'),
('2fd7bc6b-cdf8-48c0-b335-a8fb7f38a534', 'active', 'Другие соусы', 'Другие соусы', 290, '89df660b-bfa9-4bd1-952e-bb64f3aadef0', '{}', '{}'),
('90b5e374-0673-4d56-b388-9a98da4475c1', 'active', 'Ремонт', 'Ремонт', 291, '28fcd6e9-6253-411a-808c-575bde83aff5', '{}', '{}'),
('ae616391-87ab-439e-b393-b12465300289', 'active', 'Злаковые батончики', 'Злаковые батончики', 182, 'c15d6c0a-5006-4d74-947f-daab7ab7a7d7', '{}', '{}'),
('9d3c110f-1a2b-4605-b3d1-e89ed3d1f12e', 'active', 'Сосиски', 'Сосиски', 130, '0c1e6ad8-1e85-47b8-97b0-f9b5744af651', '{}', '{}'),
('d84b6947-0132-471e-9d27-4f4aee591515', 'active', 'Для детей', 'Для детей', 81, 'd9ef3613-c0ed-40d2-9fdc-3eed67f55aae', '{""}', '{}'),
('25f58723-580c-4380-aee5-add9f6985044', 'active', 'Мультифрукт', 'Мультифрукт', 158, '121634d3-50d6-478d-876a-6d5d7011135a', '{}', '{}'),
('dacaed86-fcd0-46de-aeed-b30b7266736b', 'active', 'Почти готово', 'Почти готово', 159, 'd9ef3613-c0ed-40d2-9fdc-3eed67f55aae', '{""}', '{}'),
('fd63c068-c562-44b6-af07-7d2a36bbbe2b', 'active', 'На кассе', 'На кассе', 160, 'd9ef3613-c0ed-40d2-9fdc-3eed67f55aae', '{}', '{}'),
('e8822eb7-3d75-46b3-af42-b668227f5a37', 'active', 'Мясо', 'Мясо', 124, 'd9ef3613-c0ed-40d2-9fdc-3eed67f55aae', '{""}', '{}'),
('29bfb9a1-80b9-46d5-b3d6-3c41febdf92d', 'active', 'Обложки', 'Обложки', 131, '8cde1ff5-8c37-4c4e-957f-36bd387c2fc8', '{}', '{}'),
('68f090a9-0307-4e43-b3d8-3c56735b2691', 'active', 'Паштет', 'Паштет', 132, '0c1e6ad8-1e85-47b8-97b0-f9b5744af651', '{}', '{}'),
('3e929798-2d13-4736-b4af-e256d4a65927', 'active', 'Гранола и мюсли', 'Гранола и мюсли', 137, '73fa0267-8519-485a-9e06-5e18a9a7514c', '{}', '{}'),
('9d24f07b-3ef5-494a-b4b1-954f7da5fdae', 'active', 'Кремы для обуви', 'Кремы для обуви', 163, '05cd9b49-b605-4c20-8a4b-78b69aad2fd6', '{}', '{}'),
('3f299d11-88f7-4475-b4bf-656bb745fac5', 'active', 'Второе блюдо', 'Второе блюдо', 164, '0c1e6ad8-1e85-47b8-97b0-f9b5744af651', '{}', '{}'),
('29367a23-366b-4a38-b4f1-3384e078dbe7', 'active', 'Второе', 'Второе', 376, '35f95549-e0af-4166-af77-d097f961e8c2', '{}', '{}'),
('91f6bb8e-4926-4ab6-b513-fd8654b10898', 'active', 'Дневники', 'Дневники', 377, '8cde1ff5-8c37-4c4e-957f-36bd387c2fc8', '{}', '{}'),
('798d0d73-d769-4aa1-b56b-c23056863533', 'active', 'Сливки', 'Сливки', 378, '0c1e6ad8-1e85-47b8-97b0-f9b5744af651', '{}', '{}'),
('316d30d8-33ef-4325-b588-b83256e849a8', 'active', 'Колбаса и ветчина', 'Колбаса и ветчина', 379, '32072f69-20ff-4594-9f03-86bb47321775', '{}', '{}'),
('1d498659-caa5-44de-b6e9-1ec8ba0de0ad', 'active', 'Вода', 'Вода', 303, 'd9ef3613-c0ed-40d2-9fdc-3eed67f55aae', '{""}', '{}'),
('07784874-5a26-4a80-b729-0fb25eb933bb', 'active', 'Хлеб и масло', 'Хлеб и масло', 166, '32072f69-20ff-4594-9f03-86bb47321775', '{}', '{}'),
('2610ead2-85c5-4459-b74a-b6d036a87d41', 'active', 'Носки', 'Носки', 167, '46556304-77e5-404b-8a94-5f7a78c20b39', '{}', '{}'),
('ec0d69aa-46a5-47df-b74b-b64d7dad6f46', 'active', 'Молочные коктейли', 'Молочные коктейли', 168, 'ddda0ac0-aa9f-4fdc-b5b6-a3369ffa87f6', '{}', '{}'),
('e351f5e5-3afc-4fd0-b751-e2d60b6bf840', 'active', 'Вяленая рыба', 'Вяленая рыба', 139, 'd18381fd-adaa-406b-a687-1d3c4e64a7af', '{}', '{}'),
('304cff1e-c22a-4980-b77d-c6e32743c56b', 'active', 'Лапша', 'Лапша', 140, 'dacaed86-fcd0-46de-aeed-b30b7266736b', '{}', '{}'),
('b09680df-f8d7-4ee1-b7a5-15c5bb097959', 'active', 'Закуски', 'Закуски', 141, '35f95549-e0af-4166-af77-d097f961e8c2', '{}', '{}'),
('c3c69627-1685-4ece-b7d9-6c64b16f6ebe', 'active', 'Тетрадки в клетку', 'Тетрадки в клетку', 386, '8cde1ff5-8c37-4c4e-957f-36bd387c2fc8', '{}', '{}'),
('5eebed31-5691-40a0-b8aa-4b23de50377e', 'active', 'Капуста', 'Капуста', 318, '5453a4ed-c879-4aae-9eed-81189e6f452c', '{}', '{}'),
('c74315e1-ad65-4692-b912-8e5ba163a903', 'active', 'Майонез', 'Майонез', 319, '89df660b-bfa9-4bd1-952e-bb64f3aadef0', '{}', '{}'),
('6e4da33d-8a4e-46e7-b915-c34b406534c4', 'active', 'Леденцы', 'Леденцы', 320, '555a6e32-6177-4ac1-aeb3-ba0f9991d2e2', '{}', '{}'),
('83157374-01ba-42f0-b944-76831bde0222', 'active', 'Тряпки и губки', 'Тряпки и губки', 321, '05cd9b49-b605-4c20-8a4b-78b69aad2fd6', '{}', '{}'),
('c4472e14-7011-45c6-b9d3-5245a0857a3a', 'active', 'Курица', 'Курица', 298, 'e8822eb7-3d75-46b3-af42-b668227f5a37', '{}', '{}'),
('e3c766ac-8bdc-4b02-ba02-04334730306d', 'active', 'Мешки для мусора', 'Мешки для мусора', 299, '05cd9b49-b605-4c20-8a4b-78b69aad2fd6', '{}', '{}'),
('ffd8aade-0f87-4eea-ba12-711a63a138e3', 'active', 'Сырки', 'Сырки', 387, '73fa0267-8519-485a-9e06-5e18a9a7514c', '{}', '{}'),
('aeeb6159-82fd-4361-ba9a-5a8093fb5d7b', 'active', 'Батарейки', 'Батарейки', 322, 'fd63c068-c562-44b6-af07-7d2a36bbbe2b', '{}', '{}'),
('852e3a5c-824f-4993-baaa-3c0a1260175f', 'active', 'Пеналы', 'Пеналы', 323, '8cde1ff5-8c37-4c4e-957f-36bd387c2fc8', '{}', '{}'),
('0b76f047-cce0-459b-baaa-f650ddb46568', 'active', 'Выпечка', 'Выпечка', 324, '555a6e32-6177-4ac1-aeb3-ba0f9991d2e2', '{}', '{}'),
('b626e32b-7b47-4e22-bbdc-c9400a708c2d', 'active', 'Полутвердые и твердые сыры', 'Полутвердые и твердые сыры', 433, '73fa0267-8519-485a-9e06-5e18a9a7514c', '{}', '{}'),
('4754455a-6b51-422d-bd16-72a1cad5007c', 'active', 'Для женщин', 'Для женщин', 438, 'd9ef3613-c0ed-40d2-9fdc-3eed67f55aae', '{""}', '{}'),
('7cf5974a-34ce-490a-bd2b-7215b68191c0', 'active', 'Творог', 'Творог', 332, 'd84b6947-0132-471e-9d27-4f4aee591515', '{}', '{}'),
('0a3266d0-3e26-4d03-bf04-d03bb2ee2828', 'active', 'В стаканчике', 'В стаканчике', 338, '77ba3a6d-dfbd-4422-aa98-2c2ce592bf35', '{}', '{}'),
('9fe5cc00-2503-4965-bf17-32c4f92afc50', 'active', 'Листовой зеленый чай', 'Листовой зеленый чай', 339, '66661aa9-0507-420e-8902-07b1fe418800', '{}', '{}'),
('e3fef1a6-403d-409f-bf6b-cd0435c5ee7c', 'active', 'Йогурты в баночках', 'Йогурты в баночках', 340, 'd84b6947-0132-471e-9d27-4f4aee591515', '{}', '{}'),
('1d1566df-bd00-43f0-bf96-e3584b58b4a9', 'active', 'Если дождь', 'Если дождь', 343, 'fd63c068-c562-44b6-af07-7d2a36bbbe2b', '{}', '{}'),
('66661aa9-0507-420e-8902-07b1fe418800', 'active', 'Чай и кофе', 'Чай и кофе', 358, 'd9ef3613-c0ed-40d2-9fdc-3eed67f55aae', '{""}', '{}'),
('ec33a837-30a1-4108-89a2-30e428ace885', 'active', 'Густые йогурты', 'Густые йогурты', 26, '73fa0267-8519-485a-9e06-5e18a9a7514c', '{}', '{}'),
('84b441c9-6449-4bd4-89df-efdb7ea205f0', 'active', 'Арбузы по 149₽', 'Арбузы по 149₽', 27, 'd9ef3613-c0ed-40d2-9fdc-3eed67f55aae', '{}', '{}'),
('bb3175f3-35c4-4ae9-8d68-9707633223cd', 'active', 'Сливки для кофе', 'Сливки для кофе', 249, '73fa0267-8519-485a-9e06-5e18a9a7514c', '{}', '{}'),
('3947e017-3b0e-46d6-b411-57664446534b', 'active', 'Негазированная вода', 'Негазированная вода', 133, '1d498659-caa5-44de-b6e9-1ec8ba0de0ad', '{}', '{}'),
('1552b1cc-43c2-4a92-b43b-53d61d10c4a3', 'active', 'Маслины', 'Маслины', 134, 'ea028766-1f26-4df6-b854-94bdcd7a402f', '{}', '{}'),
('7295c488-17f6-4538-b490-e9d9447cbc6c', 'active', 'Мука', 'Мука', 135, '82fb55b8-2820-45dd-a30e-86e5342a4f95', '{}', '{}'),
('0b079bb7-3b4b-4254-b494-6eaefd7a62a1', 'active', 'Сливочный сыр', 'Сливочный сыр', 136, '32072f69-20ff-4594-9f03-86bb47321775', '{}', '{}'),
('28fcd6e9-6253-411a-808c-575bde83aff5', 'active', 'Для техники', 'Для техники', 234, 'd9ef3613-c0ed-40d2-9fdc-3eed67f55aae', '{}', '{}'),
('f64f7253-f30a-4a4b-83d2-b02416a62beb', 'active', 'Выпечка', 'Выпечка', 193, '73fa0267-8519-485a-9e06-5e18a9a7514c', '{}', '{}'),
('df064997-1f4b-4299-83e4-1b55149cf613', 'active', 'Начос и соусы', 'Начос и соусы', 194, 'd18381fd-adaa-406b-a687-1d3c4e64a7af', '{}', '{}'),
('be2be23a-2eb5-449a-83ec-30011622d586', 'active', 'Батончик шоколадный', 'Батончик шоколадный', 217, '0c1e6ad8-1e85-47b8-97b0-f9b5744af651', '{}', '{}'),
('2da577ad-49f0-4153-83f6-73a73243a96b', 'active', 'Арбузы', 'Арбузы', 17, '3d05bfc5-4b36-4efb-8e90-1f9878976916', '{}', '{}'),
('9421f841-6b6e-4cd7-8424-873fd97f6291', 'active', 'Салфетки и полотенца', 'Салфетки и полотенца', 18, '05cd9b49-b605-4c20-8a4b-78b69aad2fd6', '{}', '{}'),
('d18381fd-adaa-406b-a687-1d3c4e64a7af', 'active', 'Снеки', 'Снеки', 369, '0c1e6ad8-1e85-47b8-97b0-f9b5744af651', '{}', '{}'),
('6e06bd97-d9a3-45f8-b1e4-3a68de24d9f5', 'active', 'Печенье', 'Печенье', 374, '555a6e32-6177-4ac1-aeb3-ba0f9991d2e2', '{}', '{}'),
('570f1902-bf48-4139-bbbc-e60f6623cf80', 'active', 'Для пасты', 'Для пасты', 154, '82fb55b8-2820-45dd-a30e-86e5342a4f95', '{}', '{}'),
('28f82241-d747-4747-bab4-46d187fbec14', 'active', 'Мытье', 'Мытье', 325, 'd84b6947-0132-471e-9d27-4f4aee591515', '{}', '{}'),
('cb53da92-dfac-410f-bb46-1054c6d79640', 'active', 'Coca-Cola', 'Coca-Cola', 328, 'f4b2af78-93f3-4f9e-b252-cd220c1a0392', '{}', '{}'),
('06f37db3-cc63-4514-81ad-1c0b2b3a9412', 'active', 'Твердый сыр', 'Твердый сыр', 7, '32072f69-20ff-4594-9f03-86bb47321775', '{}', '{}'),
('4dd9619e-6d2c-43dd-8248-321b0142f7d4', 'active', 'Сырки', 'Сырки', 31, 'ddda0ac0-aa9f-4fdc-b5b6-a3369ffa87f6', '{}', '{}'),
('581034ae-e6b2-4421-82df-94d692496bae', 'active', 'Мармелад', 'Мармелад', 440, '0c1e6ad8-1e85-47b8-97b0-f9b5744af651', '{}', '{}'),
('647f9904-3e34-4074-82fc-e154347d91bf', 'active', 'Вареники', 'Вареники', 188, '0c1e6ad8-1e85-47b8-97b0-f9b5744af651', '{}', '{}'),
('507eebfc-70d6-4c77-8326-c3de1ea81d78', 'active', 'Масло', 'Масло', 189, 'ddda0ac0-aa9f-4fdc-b5b6-a3369ffa87f6', '{}', '{}'),
('4ae988ec-d3b3-4c03-9aec-fba41620541d', 'active', 'Хлопья', 'Хлопья', 409, '73fa0267-8519-485a-9e06-5e18a9a7514c', '{}', '{}'),
('5d4673a2-df76-4dee-9655-edff1aa284f5', 'active', 'Подсолнечное масло', 'Подсолнечное масло', 349, '89df660b-bfa9-4bd1-952e-bb64f3aadef0', '{}', '{}'),
('0c1e6ad8-1e85-47b8-97b0-f9b5744af651', 'active', 'Вкусвилл', 'Вкусвилл', 74, 'd9ef3613-c0ed-40d2-9fdc-3eed67f55aae', '{""}', '{}'),
('86b14a72-6f4d-475b-a1d8-8358a7edfb15', 'active', 'Соленая рыба', 'Соленая рыба', 420, '32072f69-20ff-4594-9f03-86bb47321775', '{}', '{}'),
('aae9d268-1cbd-4d09-a1fd-d17d7d860632', 'active', 'Пельмени', 'Пельмени', 421, '0c1e6ad8-1e85-47b8-97b0-f9b5744af651', '{}', '{}'),
('c4f846bc-89c8-46a8-a213-392a1a169040', 'active', 'Тесты на беременность', 'Тесты на беременность', 422, '4754455a-6b51-422d-bd16-72a1cad5007c', '{}', '{}'),
('5e5495d3-47bd-4abd-ba1c-dfa60f1d0577', 'active', 'Освежители воздуха', 'Освежители воздуха', 388, '46556304-77e5-404b-8a94-5f7a78c20b39', '{}', '{}'),
('6ee0e2b7-91d7-4e24-9f68-4edb901d3fdb', 'active', 'Свежий хлеб', 'Свежий хлеб', 201, 'a3d183c5-dd06-434b-97af-05015d85ebd9', '{}', '{}'),
('ce2f391c-9025-4670-9f8c-a25ae0d2faf5', 'active', 'Безалкогольное пиво', 'Безалкогольное пиво', 367, 'f4b2af78-93f3-4f9e-b252-cd220c1a0392', '{}', '{}'),
('ffad97a6-3d30-4570-a31a-b665ef54e3b7', 'active', 'Ягоды', 'Ягоды', 432, '5453a4ed-c879-4aae-9eed-81189e6f452c', '{}', '{}'),
('83c8ad67-7c19-47c9-be13-4d7a1c2bb567', 'active', 'Капсулы для стирки', 'Капсулы для стирки', 144, '05cd9b49-b605-4c20-8a4b-78b69aad2fd6', '{}', '{}'),
('63e469cc-12af-4fe9-be94-a785a27726c5', 'active', 'Эскимо', 'Эскимо', 176, '77ba3a6d-dfbd-4422-aa98-2c2ce592bf35', '{}', '{}'),
('c3f9f304-cb81-4d76-9fb5-1f7e7ea2cc3f', 'active', 'Каши', 'Каши', 391, 'd84b6947-0132-471e-9d27-4f4aee591515', '{}', '{}'),
('83e0bc0c-65fd-4ae2-9fba-5f4aabddf303', 'active', 'Пеленки', 'Пеленки', 202, 'd84b6947-0132-471e-9d27-4f4aee591515', '{}', '{}'),
('38c15a3c-38f4-400a-a0a3-2d48dca49b40', 'active', 'Сэндвичи', 'Сэндвичи', 368, '35f95549-e0af-4166-af77-d097f961e8c2', '{}', '{}'),
('fac97415-0fb0-4242-b717-b9306e3a6be9', 'active', 'Салаты', 'Салаты', 138, '5453a4ed-c879-4aae-9eed-81189e6f452c', '{""}', '{}'),
('86b28a81-2686-488e-9827-6f70dc06fd8f', 'active', 'Закуски', 'Закуски', 79, '0c1e6ad8-1e85-47b8-97b0-f9b5744af651', '{}', '{}'),
('755b0a9a-e2b2-40bc-986b-e714fcd2bca5', 'active', 'Злаковые батончики', 'Злаковые батончики', 195, '73fa0267-8519-485a-9e06-5e18a9a7514c', '{}', '{}'),
('a9a2450f-cbbd-45dd-97e2-e55509386acc', 'active', 'Вода газированная', 'Вода газированная', 226, '0c1e6ad8-1e85-47b8-97b0-f9b5744af651', '{}', '{}'),
('dfe6810c-bea1-4e4b-97f3-3bf3e018888d', 'active', 'Конфеты', 'Конфеты', 227, '555a6e32-6177-4ac1-aeb3-ba0f9991d2e2', '{}', '{}'),
('4361d252-0a7b-4bf5-a75e-8d7a72f5bee4', 'active', 'Блинчики', 'Блинчики', 162, 'dacaed86-fcd0-46de-aeed-b30b7266736b', '{}', '{}'),
('8a5f0f63-c83f-40de-a766-ff1d092db247', 'active', 'Ягодный сок', 'Ягодный сок', 147, '121634d3-50d6-478d-876a-6d5d7011135a', '{}', '{}'),
('97e5f5c0-e576-41a6-a799-d929ea814af2', 'active', 'Газированная вода', 'Газированная вода', 148, '0c1e6ad8-1e85-47b8-97b0-f9b5744af651', '{}', '{}'),
('a4939603-cff1-4647-a7b6-05edcaef55bb', 'active', 'Баранки', 'Баранки', 149, 'd18381fd-adaa-406b-a687-1d3c4e64a7af', '{}', '{}'),
('478d9c68-ff0d-40c2-a828-7a8c7e6a5fb0', 'active', 'Для животных', 'Для животных', 111, 'd9ef3613-c0ed-40d2-9fdc-3eed67f55aae', '{}', '{}'),
('ffbe6b48-01e6-4aa9-bc46-2929a4734214', 'active', 'Пирожные', 'Пирожные', 434, '555a6e32-6177-4ac1-aeb3-ba0f9991d2e2', '{}', '{}'),
('6c450319-7f93-47dc-bc5a-7d4b7d426f34', 'active', 'Темный шоколад', 'Темный шоколад', 435, '555a6e32-6177-4ac1-aeb3-ba0f9991d2e2', '{}', '{}'),
('37ac96f7-239b-47f1-bc8f-55a57358e97f', 'active', 'Мармелад', 'Мармелад', 436, '555a6e32-6177-4ac1-aeb3-ba0f9991d2e2', '{}', '{}'),
('22671ca8-84b4-4bb2-bb39-6a7275f67125', 'active', 'Зефир', 'Зефир', 326, '555a6e32-6177-4ac1-aeb3-ba0f9991d2e2', '{}', '{}'),
('8c35f741-0e36-4f51-bb44-9b5d775a672e', 'active', 'Презервативы', 'Презервативы', 327, '8e432ff5-eb88-46b9-b94b-9b4798fa57b4', '{}', '{}'),
('6ed94528-3627-46c7-bb6a-0e53e6ac5cc5', 'active', 'Для одежды и обуви', 'Для одежды и обуви', 316, 'fd63c068-c562-44b6-af07-7d2a36bbbe2b', '{}', '{}')
;


INSERT INTO catalog_wms.goods(product_id, status, external_id, title, long_title, description, rank, amount_unit, amount, images, legal_restrictions, pfc, ingredients)
VALUES
('89cc6837-cb1e-11e9-b7ff-ac1f6b8569b3', 'active', 2903, 'Арбуз', 'Арбуз, 5 кг', 'Арбуз, 5 кг', 97, 'кг', 5.0000, '{}', '{}', '{}', '{}'),
('88b4b661-aa33-11e9-b7ff-ac1f6b8569b3', 'active', 2657, 'Дыня', 'Дыня, 3,5 кг', 'Дыня, 3,5 кг', 88, 'кг', 3.5000, '{}', '{}', '{}', '{}'),
('d36ff36d-cb3c-11e9-b7ff-ac1f6b8569b3', 'active', 2883, 'Батат', 'Батат, 500 г', 'Батат, 500 г', 58, 'г', 500.0000, '{}', '{}', '{}', '{}'),
('fd11cae7-877e-11e9-b7ff-ac1f6b8569b3', 'active', 2149, 'Борщ «Братья Караваевы»', 'Борщ «Братья Караваевы», 250 г', 'Борщ «Братья Караваевы», 250 г', 28, 'г', 250.0000, '{}', '{}', '{}', '{}'),
('fd11caea-877e-11e9-b7ff-ac1f6b8569b3', 'active', 2152, 'Пожарская котлета «Братья Караваевы»', 'Котлета пожарская «Братья Караваевы», 200 г', 'Котлета пожарская «Братья Караваевы», 200 г', 15, 'г', 200.0000, '{}', '{}', '{}', '{}'),
('ddec7f73-689f-11e9-b7fd-ac1f6b8566c7', 'active', 1642, '«Окское» белые C1', 'Яйцо куриное С1 белое ОКСКОЕ 10 шт', 'Яйцо куриное С1 белое ОКСКОЕ 10 шт', 139, 'шт', 10.0000, '{}', '{}', ARRAY[('fat', '100')::catalog_wms.key_value_pair, ('calories', '100')::catalog_wms.key_value_pair]::catalog_wms.key_value_pair[], '{}'),
('fd11cae3-877e-11e9-b7ff-ac1f6b8569b3', 'active', 2145, 'Пирожки с капустой (2 шт), «Братья Караваевы»', 'Пирожок с капустой «Братья Караваевы» (2 шт), 90 г', 'Пирожок с капустой «Братья Караваевы» (2 шт), 90 г', 146, 'г', 90.0000, '{"https://storage.yandexcloud.net/lavka/i/sku/2090/2090000300284/1.jpg"}', '{}', '{}', '{}'),
('62a03ba5-c417-11e9-b7ff-ac1f6b8569b3', 'active', 2770, 'Букет микс', 'Букет в плёнке Velvet flowers хризантема одноголовая, роза, альстромерия, 1 шт', 'Букет в плёнке Velvet flowers хризантема одноголовая, роза, альстромерия, 1 шт', 80, 'шт', 11.0000, '{"https://storage.yandexcloud.net/lavka/i/sku/4680/4680018086737/1.jpg"}', '{}', '{}', '{}'),
('0326d81b-877f-11e9-b7ff-ac1f6b8569b3', 'active', 2168, 'Пирожное «Картошка» «Братья Караваевы» 2 шт', 'Картошка «Братья Караваевы» 2 шт,', 'Картошка «Братья Караваевы» 2 шт,', 105, 'г', 140.0000, '{}', '{}', '{}', '{}'),
('d25f1b11-b792-11e9-b7ff-ac1f6b8569b3', 'active', 2732, 'Дыня «Колхозница»', 'Дыня Колхозница Узбекистан MOSCOWFRESH 1,2 кг', 'Дыня Колхозница Узбекистан MOSCOWFRESH 1,2 кг', 134, 'кг', 1.2000, '{}', '{}', '{}', '{}'),
('88b4b636-aa33-11e9-b7ff-ac1f6b8569b3', 'active', 2607, '«Карат» «Дружба» 45%', 'Сыр плавленный «Карат» «Дружба», 45%, 200 г', 'Сыр плавленный «Карат» «Дружба», 45%, 200 г', 37, 'г', 200.0000, '{}', '{}', '{}', '{}'),
('34b274e2-a7b2-11e9-b7ff-ac1f6b8569b3', 'active', 2534, 'Baker House «Трюфель» шоколад', 'Торт Baker House «Трюфель» шоколадный, 350 г', 'Торт Baker House «Трюфель» шоколадный, 350 г', 92, 'г', 350.0000, '{}', '{}', '{}', '{}'),
('2bca17b7-a9f5-11e9-b7ff-ac1f6b8569b3', 'active', 2708, 'Флейта инжир-грецкий орех «Хлеб Насущный»', 'Изделия булочные «Флейта» с инжиром и грецким орехом, 110 г', 'Изделия булочные «Флейта» с инжиром и грецким орехом, 110 г', 71, 'г', 110.0000, '{}', '{}', '{}', '{}'),
('9a269bfd-77ff-11e9-b7ff-ac1f6b8566c7', 'active', 1894, 'Hochland 60% с зеленью', 'Сыр Hochland творожный пастообразный с зеленью 60%, 140 г', 'Сыр Hochland творожный пастообразный с зеленью 60%, 140 г', 112, 'г', 140.0000, '{}', '{}', '{}', '{}'),
('3aac0e3d-a7b2-11e9-b7ff-ac1f6b8569b3', 'active', 2552, 'Стриплойн «Мираторг» мраморный', 'Стейк стриплойн из говядины охлажденный МИРАТОРГ 640 г', 'Стейк стриплойн из говядины охлажденный МИРАТОРГ 640 г', 33, 'г', 640.0000, '{}', '{}', '{}', '{}'),
('941a2f7e-77ff-11e9-b7ff-ac1f6b8566c7', 'active', 1860, 'Twinings Green tea', 'Чай пакетированный зеленый с лимоном TWININGS 50 шт', 'Чай пакетированный зеленый с лимоном TWININGS 50 шт', 104, 'шт', 50.0000, '{}', '{}', '{}', '{}'),
('b3a00adb-689f-11e9-b7fd-ac1f6b8566c7', 'active', 1343, '«Тема» говядина с гречкой', 'Мясное пюре «Тема» говядина с гречкой, 100 г', 'Мясное пюре «Тема» говядина с гречкой, 100 г', 126, 'г', 100.0000, '{}', '{}', '{}', '{}'),
('b3a00af4-689f-11e9-b7fd-ac1f6b8566c7', 'active', 1370, '«Распак» ванильный', 'Сахар «Распак» ванильный, 1 кг', 'Сахар «Распак» ванильный, 1 кг', 127, 'кг', 1.0000, '{}', '{}', '{}', '{}'),
('7efcb4a7-7828-11e9-b7ff-ac1f6b8566c7', 'active', 1040, 'Святой источник', 'Минеральная вода «Святой источник» газированная, 330 мл', 'Минеральная вода «Святой источник» газированная, 330 мл', 78, 'мл', 330.0000, '{}', '{}', '{}', '{}'),
('fd11caf2-877e-11e9-b7ff-ac1f6b8569b3', 'active', 2161, 'Завиток с изюмом «Братья Караваевы»', 'Завиток с изюмом «Братья Караваевы», 70 г', 'Завиток с изюмом «Братья Караваевы», 70 г', 3, 'г', 70.0000, '{}', '{}', '{}', '{}'),
('0326d819-877f-11e9-b7ff-ac1f6b8569b3', 'active', 2166, 'Творожное кольцо «Братья Караваевы»', 'Творожное кольцо «Братья Караваевы», 1 шт', 'Творожное кольцо «Братья Караваевы», 1 шт', 18, 'г', 130.0000, '{"https://storage.yandexcloud.net/lavka/i/sku/2090/2090000300030/1.jpg"}', '{}', '{}', '{}'),
('fd11cae0-877e-11e9-b7ff-ac1f6b8569b3', 'active', 2142, 'Сэндвич баклажан-козий сыр «Братья Караваевы»', 'Бутер баклажан гриль, козий сыр «Братья Караваевы», 125 г', 'Бутер баклажан гриль, козий сыр «Братья Караваевы», 125 г', 143, 'г', 125.0000, '{}', '{}', '{}', '{}'),
('fd11cae9-877e-11e9-b7ff-ac1f6b8569b3', 'active', 2151, 'Паровые котлетки из индейки (3шт) «Братья Караваевы»', 'Котлеты из индейки паровые «Братья Караваевы» (3 шт), 250 г', 'Котлеты из индейки паровые «Братья Караваевы» (3 шт), 250 г', 14, 'г', 150.0000, '{"https://storage.yandexcloud.net/lavka/i/sku/2100/2100089919373/1.jpg"}', '{}', '{}', '{}'),
('95710d4f-689f-11e9-b7fd-ac1f6b8566c7', 'active', 1145, '«Домик в деревне» 3,2%', 'Кефир «Домик в деревне» 3,2% категория А, 1 л', 'Кефир «Домик в деревне» 3,2% категория А, 1 л', 56, 'л', 1.0000, '{}', '{}', '{}', '{}'),
('0326d81a-877f-11e9-b7ff-ac1f6b8569b3', 'active', 2167, 'Медовик «Братья Караваевы»', 'Медовый «Братья Караваевы», 1 шт', 'Медовый «Братья Караваевы», 1 шт', 19, 'шт', 1.0000, '{}', '{}', '{}', '{}'),
('fd11cadf-877e-11e9-b7ff-ac1f6b8569b3', 'active', 2141, 'Сэндвич овощи гриль-лосось «Братья Караваевы»', 'Бутер овощи гриль, маринованный лосось «Братья Караваевы», 115 г', 'Бутер овощи гриль, маринованный лосось «Братья Караваевы», 115 г', 142, 'г', 115.0000, '{}', '{}', '{}', '{}'),
('0326d81f-877f-11e9-b7ff-ac1f6b8569b3', 'active', 2172, 'Свекольная булочка «Братья Караваевы» 2 шт', 'Булочка свекольная «Братья Караваевы» 2 шт, 90 г', 'Булочка свекольная «Братья Караваевы» 2 шт, 90 г', 108, 'г', 90.0000, '{}', '{}', '{}', '{}'),
('fd11cae1-877e-11e9-b7ff-ac1f6b8569b3', 'active', 2143, 'Сэндвич курица-яйца, «Братья Караваевы»', 'Бутер цезарь, куриная грудка, яйцо «Братья Караваевы» 120 г', 'Бутер цезарь, куриная грудка, яйцо «Братья Караваевы» 120 г', 144, 'г', 120.0000, '{}', '{}', '{}', '{}'),
('bfcc9a42-689f-11e9-b7fd-ac1f6b8566c7', 'active', 1424, '«Рублевский» рублёвские', 'Сосиски «Рублевский» рублёвские, 480 г', 'Сосиски «Рублевский» рублёвские, 480 г', 44, 'г', 480.0000, '{}', '{}', '{}', '{}'),
('fd11cadb-877e-11e9-b7ff-ac1f6b8569b3', 'active', 2137, 'Овсяная каша «Братья Караваевы»', 'Каша овсяная «Братья Караваевы», 240 г', 'Каша овсяная «Братья Караваевы», 240 г', 140, 'г', 240.0000, '{}', '{}', '{}', '{}'),
('b9b79020-689f-11e9-b7fd-ac1f6b8566c7', 'active', 1423, '«Рублевский» докторские', 'Сосиски «Рублевский» докторские, 480 г', 'Сосиски «Рублевский» докторские, 480 г', 12, 'г', 480.0000, '{}', '{}', '{}', '{}'),
('c5c9cc7c-689f-11e9-b7fd-ac1f6b8566c7', 'active', 1486, '«Простоквашино» 2%', 'Творог «Простоквашино» 2%, 220 г', 'Творог «Простоквашино» 2%, 220 г', 131, 'г', 220.0000, '{}', '{}', '{}', '{}'),
('fd11caee-877e-11e9-b7ff-ac1f6b8569b3', 'active', 2157, 'Гречка с овощами «Братья Караваевы»', 'Гречка с овощами «Братья Караваевы», 150 г', 'Гречка с овощами «Братья Караваевы», 150 г', 2, 'г', 150.0000, '{}', '{}', '{}', '{}'),
('34b274e6-a7b2-11e9-b7ff-ac1f6b8569b3', 'active', 2538, 'Corniche «Снежок Mega» маршмеллоу', 'Маршмеллоу Corniche «Снежок Mega», 300 г', 'Маршмеллоу Corniche «Снежок Mega», 300 г', 32, 'г', 300.0000, '{}', '{}', '{}', '{}'),
('34b274db-a7b2-11e9-b7ff-ac1f6b8569b3', 'active', 2526, '«Тимоша» подсолнечный козинак', 'Козинак «Тимоша» подсолнечный, 150 г', 'Козинак «Тимоша» подсолнечный, 150 г', 72, 'г', 150.0000, '{}', '{}', '{}', '{}'),
('fd11cade-877e-11e9-b7ff-ac1f6b8569b3', 'active', 2140, 'Сэндвич блю-чиз-индейка «Братья Караваевы»', 'Бутер блю-чиз, индейка «Братья Караваевы» 115 г', 'Бутер блю-чиз, индейка «Братья Караваевы» 115 г', 141, 'г', 150.0000, '{}', '{}', '{}', '{}'),
('4ece2f9c-94bf-11e9-b7ff-ac1f6b8569b3', 'active', 2347, 'Узбекские лимоны', 'Лимон Узбекистан MOSCOWFRESH 2 шт', 'Лимон Узбекистан MOSCOWFRESH 2 шт', 76, 'шт', 2.0000, '{}', '{}', '{}', '{}'),
('2ea2030c-a7b2-11e9-b7ff-ac1f6b8569b3', 'active', 2474, 'Sheba Pleasure пауч тунец-лосось', 'Корм для кошек Sheba Pleasure влажный с тунцом и лососем пауч, 85 г', 'Корм для кошек Sheba Pleasure влажный с тунцом и лососем пауч, 85 г', 30, 'г', 85.0000, '{}', '{}', '{}', '{}'),
('d36ff352-cb3c-11e9-b7ff-ac1f6b8569b3', 'active', 2864, 'Брусника', 'Брусника, 250 г', 'Брусника, 250 г', 135, 'г', 250.0000, '{}', '{}', '{}', '{}'),
('95710d51-689f-11e9-b7fd-ac1f6b8566c7', 'active', 1147, 'Foco', 'Вода кокосовая Foco, 330 мл', 'Вода кокосовая Foco, 330 мл', 110, 'мл', 330.0000, '{}', '{}', '{}', '{}'),
('198310f0-b1f1-11e9-b7ff-ac1f6b8569b3', 'active', 2573, 'Спрей Garnier 30+', 'Солнцезащитный спрей Garnier Ambre Solaire «Идеальный загар» SPF 30, 200 мл', 'Солнцезащитный спрей Garnier Ambre Solaire «Идеальный загар» SPF 30, 200 мл', 66, 'мл', 200.0000, '{}', '{}', '{}', '{}'),
('b9b7901d-689f-11e9-b7fd-ac1f6b8566c7', 'active', 1420, '«Дымов» докторские', 'Сосиски «Дымов» докторские, 464 г', 'Сосиски «Дымов» докторские, 464 г', 129, 'г', 464.0000, '{}', '{}', '{}', '{}'),
('34b274ee-a7b2-11e9-b7ff-ac1f6b8569b3', 'active', 2546, 'Pomito мякоть томатов', 'Мякоть томатов Pomito, 500 г', 'Мякоть томатов Pomito, 500 г', 74, 'г', 500.0000, '{}', '{}', '{}', '{}'),
('ddec7f85-689f-11e9-b7fd-ac1f6b8566c7', 'active', 1676, 'Pepsi Light', 'Газированный напиток Pepsi Light, 1,5 л', 'Газированный напиток Pepsi Light, 1,5 л', 22, 'л', 1.5000, '{}', '{}', '{}', '{}'),
('3aac0e4c-a7b2-11e9-b7ff-ac1f6b8569b3', 'active', 2567, 'Vittel минеральная столовая', 'Vittel вода минеральная столовая негазированная, 330 мл', 'Vittel вода минеральная столовая негазированная, 330 мл', 35, 'мл', 330.0000, '{}', '{}', '{}', '{}'),
('198310ef-b1f1-11e9-b7ff-ac1f6b8569b3', 'active', 2572, 'Крем Garnier 50+', 'Солнцезащитный крем Garnier Ambre Solaire SPF50+ эксперт защита, 50 мл', 'Солнцезащитный крем Garnier Ambre Solaire SPF50+ эксперт защита, 50 мл', 65, 'мл', 50.0000, '{}', '{}', '{}', '{}'),
('198310f4-b1f1-11e9-b7ff-ac1f6b8569b3', 'active', 2577, 'Аэрозоль OFF! «Экстрим»', 'Аэрозоль от укусов насекомых OFF! «Экстрим», 100 мл', 'Аэрозоль от укусов насекомых OFF! «Экстрим», 100 мл', 67, 'мл', 100.0000, '{}', '{}', '{}', '{}'),
('e3e7857f-689f-11e9-b7fd-ac1f6b8566c7', 'active', 1836, 'Schweppes мохито', 'Газированный напиток Schweppes мохито, 1 шт', 'Газированный напиток Schweppes мохито, 1 шт', 52, 'л', 0.5000, '{}', '{}', '{}', '{}'),
('fd11caed-877e-11e9-b7ff-ac1f6b8569b3', 'active', 2155, 'Картофельное пюре «Братья Караваевы»', 'Картофельное пюре «Братья Караваевы» (дост), 150 г', 'Картофельное пюре «Братья Караваевы» (дост), 150 г', 16, 'г', 150.0000, '{}', '{}', '{}', '{}'),
('941a2f7c-77ff-11e9-b7ff-ac1f6b8566c7', 'active', 1858, 'Twinings Green tea and mint', 'Чай пакетированный зеленый с мятой TWININGS 25 шт', 'Чай пакетированный зеленый с мятой TWININGS 25 шт', 102, 'шт', 25.0000, '{}', '{}', '{}', '{}'),
('8faac5c3-d622-11e9-b7ff-ac1f6b8569b3', 'active', 2912, 'Виноград кишмиш розовый', 'Виноград кишмиш розовый, 500 г', 'Виноград кишмиш розовый, 500 г', 54, 'г', 500.0000, '{}', '{}', '{}', '{}'),
('941a2f7d-77ff-11e9-b7ff-ac1f6b8566c7', 'active', 1859, 'Twinings зеленый жасмин', 'Чай пакетированный зеленый с жасмином TWININGS 25 шт', 'Чай пакетированный зеленый с жасмином TWININGS 25 шт', 103, 'шт', 25.0000, '{}', '{}', '{}', '{}'),
('89cc683a-cb1e-11e9-b7ff-ac1f6b8569b3', 'active', 2904, 'Половина арбуза', 'Половина арбуза, 3 кг', 'Половина арбуза, 3 кг', 98, 'кг', 3.0000, '{}', '{}', '{}', '{}'),
('a17a11d9-689f-11e9-b7fd-ac1f6b8566c7', 'active', 1225, '«Тёма» обогащённое 3,2%', 'Молоко «Тёма» детское обогащённое 3,2%, 200 мл', 'Молоко «Тёма» детское обогащённое 3,2%, 200 мл', 120, 'мл', 200.0000, '{}', '{}', '{}', '{}'),
('fd11cae2-877e-11e9-b7ff-ac1f6b8569b3', 'active', 2144, 'Пирожки с мясом (2 шт), «Братья Караваевы»', 'Пирожок с мясом «Братья Караваевы» (2 шт), 115 г', 'Пирожок с мясом «Братья Караваевы» (2 шт), 115 г', 145, 'г', 115.0000, '{}', '{}', '{}', '{}'),
('0326d818-877f-11e9-b7ff-ac1f6b8569b3', 'active', 2165, 'Трубочка со сгущенкой «Братья Караваевы»', 'Вафельная трубочка со сгущенкой «Братья Караваевы», 1 шт', 'Вафельная трубочка со сгущенкой «Братья Караваевы», 1 шт', 61, 'г', 62.0000, '{}', '{}', '{}', '{}'),
('198310f1-b1f1-11e9-b7ff-ac1f6b8569b3', 'active', 2574, 'Спрей Garnier 50+ детский', 'Спрей солнцезащитный Garnier Ambre Solaire Kids детский анти-песок, 200 мл', 'Спрей солнцезащитный Garnier Ambre Solaire Kids детский анти-песок, 200 мл', 39, 'мл', 200.0000, '{}', '{}', '{}', '{}'),
('198310f3-b1f1-11e9-b7ff-ac1f6b8569b3', 'active', 2576, 'Молочко Garnier алоэ вера', 'Молочко после загара Garnier Ambre Solaire с алоэ вера, 200 мл', 'Молочко после загара Garnier Ambre Solaire с алоэ вера, 200 мл', 41, 'мл', 200.0000, '{}', '{}', '{}', '{}'),
('0326d832-877f-11e9-b7ff-ac1f6b8569b3', 'active', 2191, 'Яйцо LavkaLavka', 'Яйцо куриное «ЛавкаЛавка», 10 шт', 'Яйцо куриное «ЛавкаЛавка», 10 шт', 64, 'шт', 10.0000, '{}', '{}', '{}', '{}'),
('e8bdb396-937e-11e9-b7ff-ac1f6b8569b3', 'active', 2242, 'Gerber овощи с фрикадельками с 12 месяцев', 'Пюре Gerber овощи с фрикадельками из говядины с 12 месяцев, 190 г', 'Пюре Gerber овощи с фрикадельками из говядины с 12 месяцев, 190 г', 23, 'г', 190.0000, '{}', '{}', '{}', '{}'),
('88b4b63b-aa33-11e9-b7ff-ac1f6b8569b3', 'active', 2612, 'Fit Food Vegan Deli Vegan Deli Intense чеддер', 'Нарезка веганская Fit Food Vegan Deli Vegan Deli Intense продукт растительный со вкусом сыра чеддер,', 'Нарезка веганская Fit Food Vegan Deli Vegan Deli Intense продукт растительный со вкусом сыра чеддер,', 83, 'г', 160.0000, '{}', '{}', '{}', '{}'),
('a0251fa3-77ff-11e9-b7ff-ac1f6b8566c7', 'active', 1937, '«Рот Фронт» батончики', 'Конфеты батончик РОТ ФРОНТ 250 г', 'Конфеты батончик РОТ ФРОНТ 250 г', 119, 'г', 250.0000, '{}', '{}', '{}', '{}'),
('ad948a61-689f-11e9-b7fd-ac1f6b8566c7', 'active', 1331, 'BioMio Bio-Total эвкалипт', 'Таблетки для посудомоечной машины BioMio Bio-Total с маслом эвкалипта, 30 шт', 'Таблетки для посудомоечной машины BioMio Bio-Total с маслом эвкалипта, 30 шт', 124, 'шт', 30.0000, '{}', '{}', '{}', '{}'),
('f2c351b5-9ef7-11e9-b7ff-ac1f6b8569b3', 'active', 2416, 'Уксус Kuhne 5,4% светлый бальзамический', 'Уксус Kuhne итальянский бальзамический светлый, 5,4%, 250 мл', 'Kuhne уксус итальянский бальзамический светлый, 5,4%, 250мл. Производитель: ООО «Форвард-5», Россия. Срок хранения, дней: . Белки: 0,2г. Жиры: 0,1г. Углеводы: 22г. Калорийность: 110ккал.', 63, 'мл', 250.0000, '{"https://storage.yandexcloud.net/lavka/i/sku/4012/4012200160930/1.jpg"}', '{}', '{}', '{}'),
('9b730452-689f-11e9-b7fd-ac1f6b8566c7', 'active', 1193, '«Бон пари» фруктовый микс', 'Леденцы «Бон пари» со вкусом фруктовый микс, 75 г', 'Леденцы «Бон пари» со вкусом фруктовый микс, 75 г', 118, 'г', 75.0000, '{}', '{}', '{}', '{}'),
('3aac0e47-a7b2-11e9-b7ff-ac1f6b8569b3', 'active', 2562, '«Мираторг» куриные сыр-грибы', 'Наггетсы «Мираторг» куриные с сыром и грибами замороженные, 300 г', 'Наггетсы «Мираторг» куриные с сыром и грибами замороженные, 300 г', 34, 'г', 300.0000, '{}', '{}', '{}', '{}'),
('2bca17a4-a9f5-11e9-b7ff-ac1f6b8569b3', 'active', 2689, 'Круассан с лососем «Хлеб Насущный»', 'Круассан с лососем, 140 г', 'Круассан с лососем, 140 г', 29, 'г', 140.0000, '{}', '{}', '{}', '{}'),
('46e90cbe-68f4-11e9-b7fd-ac1f6b8566c7', 'active', 1648, 'Coca-Cola Zero', 'Coca-Cola Zero газированный напиток, 330 мл', 'Coca-Cola Zero газированный напиток, 330 мл', 75, 'мл', 330.0000, '{}', '{}', '{}', '{}'),
('fd11cae5-877e-11e9-b7ff-ac1f6b8569b3', 'active', 2147, 'Греческий салат «Братья Караваевы»', 'Греческий «Братья Караваевы», 150 г', 'Греческий «Братья Караваевы», 150 г', 147, 'г', 150.0000, '{}', '{}', '{}', '{}'),
('941a2f88-77ff-11e9-b7ff-ac1f6b8566c7', 'active', 1870, 'Kühne средне-острая горчица', 'Горчица Kühne средне-острая, 250 мл', 'Горчица Kühne средне-острая, 250 мл', 7, 'мл', 250.0000, '{}', '{}', '{}', '{}'),
('34b274ed-a7b2-11e9-b7ff-ac1f6b8569b3', 'active', 2545, 'Икра нерки Salmonica лососевая', 'Икра нерки Salmonica зернистая лососевая, 130 г', 'Икра нерки Salmonica зернистая лососевая, 130 г', 73, 'г', 130.0000, '{}', '{}', '{}', '{}'),
('8faac5c5-d622-11e9-b7ff-ac1f6b8569b3', 'active', 2914, 'Кейл', 'Кейл, 190 г', 'Кейл, 190 г', 89, 'г', 190.0000, '{}', '{}', '{}', '{}'),
('71a9096e-7b26-11e9-bba6-005056012f65', 'active', 2030, 'LavkaLavka говядина', 'Котлеты LavkaLavka из говядины, ручная лепка, мясо от фермеров, 4 шт', 'Котлеты LavkaLavka из говядины, ручная лепка, мясо от фермеров, 4 шт', 43, 'шт', 4.0000, '{}', '{}', '{}', '{}'),
('6bf6a370-77ff-11e9-b7ff-ac1f6b8566c7', 'active', 1660, 'Heinz «Терияки»', 'Соус Heinz «Терияки», 230 г', 'Соус Heinz «Терияки», 230 г', 25, 'г', 230.0000, '{}', '{}', '{}', '{}'),
('fd11caec-877e-11e9-b7ff-ac1f6b8569b3', 'active', 2154, 'Картофель по-деревенски «Братья Караваевы»', 'Картофель по-деревенски «Братья Караваевы», 150 г', 'Картофель по-деревенски «Братья Караваевы», 150 г', 49, 'г', 150.0000, '{}', '{}', '{}', '{}'),
('2ea2031c-a7b2-11e9-b7ff-ac1f6b8569b3', 'active', 2492, 'Kinder «Сюрприз»', 'Яйцо Kinder «Сюрприз» шоколадное с игрушкой, 20 г', 'Яйцо Kinder «Сюрприз» шоколадное с игрушкой, 20 г', 31, 'г', 20.0000, '{}', '{}', '{}', '{}'),
('4ece2faa-94bf-11e9-b7ff-ac1f6b8569b3', 'active', 2361, 'Листовой салат', 'Салат листовой, 1 шт', 'Салат листовой, 1шт. Страна: Россия. Условия хранения: от +2°С до +4°С.', 77, 'шт', 1.0000, '{"https://storage.yandexcloud.net/lavka/i/sku/2873/287301900001/1.jpg"}', '{}', '{}', '{}'),
('88b4b622-aa33-11e9-b7ff-ac1f6b8569b3', 'active', 2585, '«Роллтон» говядина по-домашнему', 'Лапша быстрого приготовления «Роллтон» с говядиной по-домашнему, 90 г', 'Лапша быстрого приготовления «Роллтон» с говядиной по-домашнему, 90 г', 91, 'г', 90.0000, '{}', '{}', '{}', '{}'),
('88b4b63c-aa33-11e9-b7ff-ac1f6b8569b3', 'active', 2613, 'FidFood Vegan Deli Original сыр', 'Нарезка веганская Fit Food Vegan Deli Original со вкусом сыра, 160 г', 'Нарезка веганская Fit Food Vegan Deli Original со вкусом сыра, 160 г', 84, 'г', 160.0000, '{}', '{}', '{}', '{}'),
('1fbb9e5a-bdcf-11e9-b7ff-ac1f6b8569b3', 'active', 2743, 'Святой источник', 'Негазированная вода «Святой источник», 19 л', 'Негазированная вода «Святой источник», 19 л', 45, 'л', 19.0000, '{}', '{}', '{}', '{}'),
('62a03ba7-c417-11e9-b7ff-ac1f6b8569b3', 'active', 2772, 'Букет с кустовыми цветами', 'Букет в плёнке Velvet flowers хризантема сантини, роза кустовая , 1 шт', 'Букет в плёнке Velvet flowers хризантема сантини, роза кустовая , 1 шт', 81, 'шт', 13.0000, '{}', '{}', '{}', '{}'),
('9a862526-c432-11e9-b7ff-ac1f6b8569b3', 'active', 2791, 'Обложка для тетрадей 290х450 мм', 'Обложка для тетрадей «Полиплен» 290х450 мм ПЭ 100 мкм, 1 шт', 'Обложка для тетрадей «Полиплен» 290х450 мм ПЭ 100 мкм, 1 шт', 113, 'шт', 1.0000, '{}', '{}', '{}', '{}'),
('88b4b66e-aa33-11e9-b7ff-ac1f6b8569b3', 'active', 2670, 'Красный виноград', 'Виноград красный Турция MOSCOWFRESH 500 г', 'Виноград красный Турция MOSCOWFRESH 500 г', 95, 'г', 500.0000, '{}', '{}', '{}', '{}'),
('60cad25d-b1f0-11e9-b7ff-ac1f6b8569b3', 'active', 2571, 'Молочко Garnier 30+ детское', 'Молочко солнцезащитное Garnier Ambre Solaire SPF30+ детское, 200 мл', 'Молочко солнцезащитное Garnier Ambre Solaire SPF30+ детское, 200 мл', 100, 'мл', 200.0000, '{}', '{}', '{}', '{}'),
('a6357a1c-77ff-11e9-b7ff-ac1f6b8566c7', 'active', 1978, 'Movenpick фисташка', 'Мороженое Movenpick сливочное фисташковое, 520 г', 'Мороженое Movenpick сливочное фисташковое, 520 г', 11, 'г', 520.0000, '{}', '{}', '{}', '{}'),
('88b4b645-aa33-11e9-b7ff-ac1f6b8569b3', 'active', 2624, '«3 корочки» бекон', 'Сухарики ржаные с беконом ТРИ КОРОЧКИ 40 г', 'Сухарики ржаные с беконом ТРИ КОРОЧКИ 40 г', 85, 'г', 40.0000, '{}', '{}', '{}', '{}'),
('88b4b663-aa33-11e9-b7ff-ac1f6b8569b3', 'active', 2659, 'Половина арбуза', 'Половина арбуза, 3,5 кг', 'Половина арбуза, 3,5 кг', 94, 'кг', 3.5000, '{}', '{}', '{}', '{}'),
('a17a11ef-689f-11e9-b7fd-ac1f6b8566c7', 'active', 1247, 'Extreme фисташка-миндаль', 'Мороженое Extreme пломбир фисташка-миндаль рожок, 71 г', 'Мороженое Extreme пломбир фисташка-миндаль рожок, 71 г', 122, 'г', 71.0000, '{}', '{}', '{}', '{}'),
('b3a00ad9-689f-11e9-b7fd-ac1f6b8566c7', 'active', 1341, '«Тема» говядина', 'Мясное пюре «Тема» говядина, 100 г', 'Мясное пюре «Тема» говядина, 100 г', 125, 'г', 100.0000, '{}', '{}', '{}', '{}'),
('7efcb4a8-7828-11e9-b7ff-ac1f6b8566c7', 'active', 2015, 'Святой источник', 'Вода «Святой Источник» питьевая негазированная, 0,5 л', 'Вода «Святой Источник» питьевая негазированная, 0,5 л', 79, 'л', 0.5000, '{}', '{}', '{}', '{}'),
('d1cb9b81-689f-11e9-b7fd-ac1f6b8566c7', 'active', 1554, 'Lipton лесные ягоды', 'Чай Lipton черный лесные ягоды, 20 шт', 'Чай Lipton черный лесные ягоды, 20 шт', 133, 'шт', 20.0000, '{}', '{}', '{}', '{}'),
('fd11cae6-877e-11e9-b7ff-ac1f6b8569b3', 'active', 2148, 'Салат с курицей «Братья Караваевы»', 'Салат с курицей «Братья Караваевы», 150 г', 'Салат с курицей «Братья Караваевы», 150 г', 27, 'г', 150.0000, '{}', '{}', '{}', '{}'),
('0326d816-877f-11e9-b7ff-ac1f6b8569b3', 'active', 2163, 'Шоколадный эклер «Братья Караваевы» 2 шт', 'Эклер шоколад «Братья Караваевы» 2 шт', 'Эклер шоколад «Братья Караваевы» 2 шт', 17, 'шт', 2.0000, '{}', '{}', '{}', '{}'),
('941a2f7f-77ff-11e9-b7ff-ac1f6b8566c7', 'active', 1861, 'Twinings Lady Grey', 'Чай Twinings Lady Grey черный, 25 шт', 'Чай Twinings Lady Grey черный, 25 шт', 0, 'шт', 25.0000, '{}', '{}', '{}', '{}'),
('7efcb4ad-7828-11e9-b7ff-ac1f6b8566c7', 'active', 2020, 'Святой источник', 'Вода «Святой Источник» питьевая негазированная детская «Светлячок», 12 шт', 'Вода «Святой Источник» питьевая негазированная детская «Светлячок», 12 шт', 10, 'мл', 330.0000, '{}', '{}', '{}', '{}'),
('0326d817-877f-11e9-b7ff-ac1f6b8569b3', 'active', 2164, 'Ванильный эклер «Братья Караваевы», 2 шт', 'Эклер ваниль «Братья Караваевы» 2 шт', 'Эклер ваниль «Братья Караваевы» 2 шт', 60, 'шт', 2.0000, '{}', '{}', '{}', '{}'),
('13bb8523-c8cb-11e9-b7ff-ac1f6b8569b3', 'active', 2322, '«ВкусВилл» творог', '«ВкусВилл» вареники с творогом, 500 г', '«ВкусВилл» вареники с творогом, 500 г', 117, 'г', 500.0000, '{}', '{}', '{}', '{}'),
('7efcb4aa-7828-11e9-b7ff-ac1f6b8566c7', 'active', 2017, 'Святой источник', 'Вода «Святой Источник» питьевая негазированная, 1,5 л', 'Вода «Святой Источник» питьевая негазированная, 1,5 л', 9, 'л', 1.5000, '{}', '{}', '{}', '{}'),
('0793ce17-c8cb-11e9-b7ff-ac1f6b8569b3', 'active', 2274, 'Смузи «ВкусВилл» манго-маракуйя', '«ВкусВилл» смузи манго-маракуйя, 250 мл', '«ВкусВилл» смузи манго-маракуйя, 250 мл', 116, 'мл', 250.0000, '{}', '{}', '{}', '{}'),
('8faac5c4-d622-11e9-b7ff-ac1f6b8569b3', 'active', 2913, 'Дыня «Эфиопка»', 'Дыня «Эфиопка», 2 кг', 'Дыня «Эфиопка», 2 кг', 48, 'кг', 2.0000, '{}', '{}', '{}', '{}'),
('836d5983-689f-11e9-b7fd-ac1f6b8566c7', 'active', 1012, 'Actimel 2,5% смородина-малина', 'Функциональный напиток Actimel смородина-малина в упаковке, 100 г', 'Функциональный напиток Actimel смородина-малина в упаковке, 100 г', 5, 'г', 100.0000, '{}', '{}', '{}', '{}'),
('f2c351cf-9ef7-11e9-b7ff-ac1f6b8569b3', 'active', 2444, 'Кусочки ананаса Del Monte в соке', 'Кусочки ананаса Del Monte в соке, 435 г', 'Кусочки ананаса Del Monte в соке, 435 г', 99, 'г', 435.0000, '{}', '{}', '{}', '{}'),
('cbbfd76d-689f-11e9-b7fd-ac1f6b8566c7', 'active', 1534, 'Nordic пшено', 'Хлопья Nordic пшенные, 500 г', 'Хлопья Nordic пшенные, 500 г', 132, 'г', 500.0000, '{}', '{}', '{}', '{}'),
('0326d81c-877f-11e9-b7ff-ac1f6b8569b3', 'active', 2169, 'Сочник «Братья Караваевы»', 'Сочник «Братья Караваевы», 100 г', 'Сочник «Братья Караваевы», 100 г', 106, 'шт', 1.0000, '{}', '{}', '{}', '{}'),
('198310f6-b1f1-11e9-b7ff-ac1f6b8569b3', 'active', 2579, 'Свеча Gardex Family цитронелла', 'Свеча репеллентная от комаров Gardex Family с маслом цитронеллы, 1 шт', 'Свеча репеллентная от комаров Gardex Family с маслом цитронеллы, 1 шт', 69, 'шт', 1.0000, '{}', '{}', '{}', '{}'),
('0326d81d-877f-11e9-b7ff-ac1f6b8569b3', 'active', 2170, 'Мини-чиабатта «Братья Караваевы»', 'Мини-чиабата «Братья Караваевы», 107 г', 'Мини-чиабата «Братья Караваевы», 107 г', 107, 'г', 107.0000, '{}', '{}', '{}', '{}'),
('37a4c61b-8225-11e9-bba6-005056012f65', 'active', 2096, 'Devia Micro-USB 2А', 'Devia Smart Charger Suit зарядное устройство и кабель Micro-USB, 1 шт', 'Devia Smart Charger Suit зарядное устройство и кабель Micro-USB, 1 шт', 42, 'шт', 1.0000, '{}', '{}', '{}', '{}'),
('88b4b64a-aa33-11e9-b7ff-ac1f6b8569b3', 'active', 2633, 'Coca-Cola Classic', 'Напиток газированный Coca-Cola Classic, 330 мл', 'Напиток газированный Coca-Cola Classic, 330 мл', 86, 'мл', 330.0000, '{}', '{}', '{}', '{}'),
('88b4b652-aa33-11e9-b7ff-ac1f6b8569b3', 'active', 2641, 'Tornado Energy Storm', 'Напиток энергетический Tornado Energy Storm, 450 мл', 'Напиток энергетический Tornado Energy Storm, 450 мл', 87, 'мл', 450.0000, '{}', '{}', '{}', '{}'),
('836d5980-689f-11e9-b7fd-ac1f6b8566c7', 'active', 1009, 'Actimel 2,5% клубника', 'Функциональный напиток Actimel клубника в упаковке, 100 г', 'Функциональный напиток Actimel клубника в упаковке, 100 г', 82, 'г', 100.0000, '{"https://storage.yandexcloud.net/lavka/i/sku/4600/4600605013267/1.jpg"}', '{}', '{}', '{}'),
('95710d42-689f-11e9-b7fd-ac1f6b8566c7', 'active', 1132, '«Чудо» 2,4% тропический микс', 'Йогурт питьевой «Чудо» тропический микс 2,4%, 270 г', 'Йогурт питьевой «Чудо» тропический микс 2,4%, 270 г', 55, 'г', 270.0000, '{}', '{}', '{}', '{}'),
('9b730440-689f-11e9-b7fd-ac1f6b8566c7', 'active', 1175, 'Egoiste Special сублимированный', 'Кофе Egoiste Special сублимированный арабика, 100 г', 'Кофе Egoiste Special сублимированный арабика, 100 г', 114, 'г', 100.0000, '{}', '{}', '{}', '{}'),
('fd11cae8-877e-11e9-b7ff-ac1f6b8569b3', 'active', 2150, 'Куриный бульон «Братья Караваевы»', 'Куриный бульон «Братья Караваевы», 250 г', 'Куриный бульон «Братья Караваевы», 250 г', 13, 'г', 250.0000, '{}', '{}', '{}', '{}'),
('a17a11db-689f-11e9-b7fd-ac1f6b8566c7', 'active', 1227, '«Чудо» 2% клубника', 'Коктейль «Чудо» молочный клубника 2%, 270 г', 'Коктейль «Чудо» молочный клубника 2%, 270 г', 121, 'г', 270.0000, '{}', '{}', '{}', '{}'),
('fd11caf3-877e-11e9-b7ff-ac1f6b8569b3', 'active', 2162, 'Булочка с маком «Братья Караваевы»', 'Булочка с маком «Братья Караваевы», 185 г', 'Булочка с маком «Братья Караваевы», 185 г', 148, 'г', 185.0000, '{"https://storage.yandexcloud.net/lavka/i/sku/2090/2090000300026/1.jpg"}', '{}', '{}', '{}'),
('c34deae1-c42f-11e9-b7ff-ac1f6b8569b3', 'active', 2787, 'Дневник для музыкальной школы', 'Дневник «Проф-Пресс» для музыкальной школы твердая обложка, 1 шт', 'Дневник «Проф-Пресс» для музыкальной школы твердая обложка, 1 шт', 130, 'шт', 1.0000, '{}', '{}', '{}', '{}'),
('0793ce16-c8cb-11e9-b7ff-ac1f6b8569b3', 'active', 2273, 'Смузи «ВкусВилл» малина-ежевика', '«ВкусВилл» смузи малина-ежевика, 250 мл', '«ВкусВилл» смузи малина-ежевика, 250 мл', 115, 'мл', 250.0000, '{}', '{}', '{}', '{}'),
('ddec7f78-689f-11e9-b7fd-ac1f6b8566c7', 'active', 1653, 'Fanta апельсин', 'Газированный напиток Fanta апельсин, 1,5 л', 'Газированный напиток Fanta апельсин, 1,5 л', 21, 'л', 1.5000, '{}', '{}', '{}', '{}'),
('eeff8d41-937e-11e9-b7ff-ac1f6b8569b3', 'active', 2392, 'Oreo молочное с печеньем', 'Мороженое Oreo молочное с печеньем, 80 г', 'Мороженое Oreo молочное с печеньем, 80 г', 24, 'г', 80.0000, '{}', '{}', '{}', '{}'),
('eeff8d46-937e-11e9-b7ff-ac1f6b8569b3', 'active', 2396, 'Bonaqua питьевая', 'Вода Bonaqua чистая питьевая сильногазированная, 500 мл', 'Вода Bonaqua чистая питьевая сильногазированная, 500 мл', 26, 'мл', 500.0000, '{}', '{}', '{}', '{}'),
('d36ff36a-cb3c-11e9-b7ff-ac1f6b8569b3', 'active', 2880, 'Лемонграсс', 'Лемонграсс, 250 г', 'Лемонграсс, 250 г', 137, 'г', 250.0000, '{}', '{}', '{}', '{}'),
('23c1dc62-8236-11e9-bba6-005056012f65', 'active', 2079, 'Творог детский "Агуша" класс.', '«Агуша» творог классический 4,5%, 100 г', '«Агуша» творог классический 4,5%, 100 г', 46, 'г', 100.0000, '{}', '{}', '{}', '{}'),
('b9b79000-689f-11e9-b7fd-ac1f6b8566c7', 'active', 1391, 'Rich апельсин', 'Сок Rich апельсиновый, 220 мл', 'Сок Rich апельсиновый, 220 мл', 128, 'мл', 200.0000, '{}', '{}', '{}', '{}'),
('eeff8d50-937e-11e9-b7ff-ac1f6b8569b3', 'active', 2407, '«Роллтон» говядина', 'Лапша быстрого приготовления «Роллтон» с говядиной по-домашнему, 90 г', 'Лапша быстрого приготовления «Роллтон» с говядиной по-домашнему, 90 г', 38, 'г', 90.0000, '{}', '{}', '{}', '{}'),
('198310f2-b1f1-11e9-b7ff-ac1f6b8569b3', 'active', 2575, 'Масло Garnier 2+', 'Масло для загара Garnier Ambre Solaire, 200 мл', 'Масло для загара Garnier Ambre Solaire, 200 мл', 40, 'мл', 200.0000, '{}', '{}', '{}', '{}'),
('89790b6c-689f-11e9-b7fd-ac1f6b8566c7', 'active', 1055, 'Dr.Pepper Cherry', 'Газированный напиток Dr.Pepper Classic, 355 мл', 'Газированный напиток Dr.Pepper Classic, 355 мл', 96, 'мл', 355.0000, '{}', '{}', '{}', '{}'),
('71a90976-7b26-11e9-bba6-005056012f65', 'active', 2037, 'Пикантный набор LavkaLavka из птицы', 'Набор из птицы LavkaLavka «Пикантный» копченой на ольхе, 300 г', 'Набор из птицы LavkaLavka «Пикантный» копченой на ольхе, 300 г', 51, 'г', 300.0000, '{}', '{}', '{}', '{}'),
('a259828c-7b26-11e9-bba6-005056012f65', 'active', 2036, 'LavkaLavka «Валансе» с белой плесенью', 'Сыр LavkaLavka «Валансе» мягкий с белой плесенью в золе, 125 г', 'Сыр LavkaLavka «Валансе» мягкий с белой плесенью в золе, 125 г', 123, 'г', 125.0000, '{}', '{}', '{}', '{}'),
('37a4c60f-8225-11e9-bba6-005056012f65', 'active', 2084, 'TTEC USB-Lightning (айфон) 1A', 'TTEC Compact USB-Lightning сетевое зарядное устройство, 1A, 1 шт', 'TTEC Compact USB-Lightning сетевое зарядное устройство, 1A, 1 шт', 53, 'шт', 1.0000, '{}', '{}', '{}', '{}'),
('d7de9c8c-689f-11e9-b7fd-ac1f6b8566c7', 'active', 1632, 'Adrenaline Rush', 'Adrenaline Rush энергетический напиток, 449 мл', 'Adrenaline Rush энергетический напиток, 449 мл', 59, 'мл', 449.0000, '{}', '{}', '{}', '{}'),
('d7de9c8e-689f-11e9-b7fd-ac1f6b8566c7', 'active', 1634, 'Bullit', 'Bullit энергетический напиток, 250 мл', 'Bullit энергетический напиток, 250 мл', 20, 'мл', 250.0000, '{}', '{}', '{}', '{}'),
('6ed08cd0-68f4-11e9-b7fd-ac1f6b8566c7', 'active', 1645, 'Coca-Cola Classic', 'Coca-Cola Classic газированный напиток, 330 мл', 'Coca-Cola Classic газированный напиток, 330 мл', 4, 'мл', 330.0000, '{}', '{}', '{}', '{}'),
('198310f7-b1f1-11e9-b7ff-ac1f6b8569b3', 'active', 2580, 'Бальзам после укусов Gardex Baby', 'Бальзам после укусов насекомых Gardex Baby, 1 шт', 'Бальзам после укусов насекомых Gardex Baby, 1 шт', 70, 'шт', 1.0000, '{}', '{}', '{}', '{}'),
('62a03ba6-c417-11e9-b7ff-ac1f6b8569b3', 'active', 2771, 'Букет с красными розами', 'Букет в плёнке Velvet flowers роза одноголовая, альстромерия, 1 шт', 'Букет в плёнке Velvet flowers роза одноголовая, альстромерия, 1 шт', 101, 'шт', 11.0000, '{}', '{}', '{}', '{}'),
('ddec7f72-689f-11e9-b7fd-ac1f6b8566c7', 'active', 1641, 'Red Bull', 'Red Bull энергетический напиток, 355 мл', 'Red Bull энергетический напиток, 355 мл', 138, 'мл', 355.0000, '{}', '{}', '{}', '{}'),
('a6357a08-77ff-11e9-b7ff-ac1f6b8566c7', 'active', 1958, 'Osram энергосбер., 12W, E27', 'Лампа Osram Э/С MTW, 12W, E27, 1 шт', 'Лампа Osram Э/С MTW, 12W, E27, 1 шт', 1, 'шт', 1.0000, '{}', '{}', '{}', '{}'),
('941a2f80-77ff-11e9-b7ff-ac1f6b8566c7', 'active', 1862, 'Twinings English Breakfast', 'Чай Twinings English breakfast черный, 25 шт', 'Чай Twinings English breakfast черный, 25 шт', 6, 'шт', 25.0000, '{"https://storage.yandexcloud.net/lavka/i/sku/0701/070177010775/1.jpg"}', '{}', '{}', '{}'),
('0326d831-877f-11e9-b7ff-ac1f6b8569b3', 'active', 2190, 'Багет', 'Багет, 160 г', 'Багет, 160 г', 109, 'г', 160.0000, '{}', '{}', '{}', '{}'),
('88b4b627-aa33-11e9-b7ff-ac1f6b8569b3', 'active', 2590, '«Чебуречье» жареные свинина-говядина', 'Чебуреки «Чебуречье» жареные со свининой и говядиной, 125 г', 'Чебуреки «Чебуречье» жареные со свининой и говядиной, 125 г', 36, 'г', 125.0000, '{}', '{}', '{}', '{}'),
('88b4b662-aa33-11e9-b7ff-ac1f6b8569b3', 'active', 2658, 'Арбуз', 'Арбуз, 7 кг', 'Арбуз, 7 кг', 93, 'кг', 7.0000, '{}', '{}', '{}', '{}'),
('198310f5-b1f1-11e9-b7ff-ac1f6b8569b3', 'active', 2578, 'Лента от мух «Раптор»', 'Лента липкая от мух «Раптор», 1 шт', 'Лента липкая от мух «Раптор», 1 шт', 68, 'шт', 1.0000, '{}', '{}', '{}', '{}'),
('bed45a2b-7b26-11e9-bba6-005056012f65', 'active', 1964, 'Pierre Cardin Floreal Visione 2 20 den', 'Женские колготки Pierre Cardin Floreal Visione 2, 20 den, 1 шт', 'Женские колготки Pierre Cardin Floreal Visione 2, 20 den, 1 шт', 57, 'шт', 1.0000, '{}', '{}', '{}', '{}'),
('37a4c61a-8225-11e9-bba6-005056012f65', 'active', 2095, 'Devia USB-C 2A', 'Devia Smart Charger 2A зарядное устройство на 1 USB порт, 1 шт', 'Devia Smart Charger 2A зарядное устройство на 1 USB порт, 1 шт', 50, 'шт', 1.0000, '{}', '{}', '{}', '{}'),
('bfcc9a48-689f-11e9-b7fd-ac1f6b8566c7', 'active', 1430, 'Persil Duo Caps Color 360', 'Капсулы для стирки Persil Duo Caps Color 360, 14 шт', 'Капсулы для стирки Persil Duo Caps Color 360, 14 шт', 8, 'шт', 14.0000, '{}', '{}', '{}', '{}'),
('96068a07-68f0-11e9-b7fd-ac1f6b8566c7', 'active', 1841, 'Pepsi', 'Газированный напиток Pepsi, 1 л', 'Газированный напиток Pepsi, 1 л', 111, 'л', 1.0000, '{}', '{}', '{}', '{}'),
('d36ff357-cb3c-11e9-b7ff-ac1f6b8569b3', 'active', 2869, 'Гранат', 'Гранат, 400 г', 'Гранат, 400 г', 136, 'г', 400.0000, '{}', '{}', '{}', '{}'),
('8dbd542b-7b26-11e9-bba6-005056012f65', 'active', 2019, 'Святой источник', 'Вода «Святой Источник» питьевая негазированная детская «Светлячок», 1,5 л', 'Вода «Святой Источник» питьевая негазированная детская «Светлячок», 1,5 л', 47, 'л', 1.5000, '{}', '{}', '{}', '{}'),
('a259828a-7b26-11e9-bba6-005056012f65', 'active', 2034, 'LavkaLavka Бюш де Шевр козий', 'Сыр LavkaLavka «Бюш де Шевр» мягкий козий с белой плесенью, 110 г', 'Сыр LavkaLavka «Бюш де Шевр» мягкий козий с белой плесенью, 110 г', 90, 'г', 110.0000, '{}', '{}', '{}', '{}'),
('bed45a29-7b26-11e9-bba6-005056012f65', 'active', 1966, 'Pierre Cardin Floreal Visione 4 20 den', 'Женские колготки Pierre Cardin Floreal Visione 4, 20 den, 1 шт', 'Pierre Cardin женские колготки Floreal Visione 4, 20 den, 1шт. ', 62, 'шт', 1.0000, '{"https://storage.yandexcloud.net/lavka/i/sku/8032/8032621988831/1.jpg"}', '{}', '{}', '{}'),
('2ede2faf-f4ba-2109-57ef-5c1f6b8569b1', 'active', 9998, '№1 Очень 18+ товар', 'Очень 18+ товар, 1 шт', 'Очень 18+ товар, 1шт.', 150, 'шт', 1.0000, '{"https://storage.yandexcloud.net/lavka/i/sku/4631/4631140930573/1.jpg"}', ARRAY['RU_18+'], '{}', '{}'),
('2ede2faf-f4ba-2109-57ef-5c1f6b8569b2', 'active', 9999, '№2 Очень 18+ товар', 'Очень 18+ товар без собственной метки 18+, 1 шт', 'Очень 18+ товар, 1шт.', 151, 'шт', 1.0000, '{"https://storage.yandexcloud.net/lavka/i/sku/4631/4631140930573/1.jpg"}', '{}', '{}', '{}'),
('1d702d85-909c-4d41-b242-62180fb68ff7', 'active', 4004, '', 'Товар без названия, 1 шт', 'Товар без названия, 1 шт', 152, 'шт', 1.0000, '{}', '{}', '{}', '{}')
;

UPDATE catalog_wms.goods SET vat = '20.00';


-- Add options to some goods
UPDATE catalog_wms.goods as g SET
    country = opts.country,
    brand = opts.brand,
    shelf_conditions = opts.shelf_conditions::catalog_wms.key_value_pair[],
    pfc = opts.pfc::catalog_wms.key_value_pair[]
FROM (VALUES
('4ece2faa-94bf-11e9-b7ff-ac1f6b8569b3', 'Россия', 'Огород',
 '{"(store_conditions,Хранить нежно)","(after_open,14)","(shelf_life,12)"}',
 '{"(calories,114.000000)","(carbohydrate,16.000000)","(fat,17.500000)","(protein,18.900000)"}'
),
('2ede2faf-f4ba-2109-57ef-5c1f6b8569b1', '', '',
 array[('store_conditions',''), ('after_open','0'), ('shelf_life','0')]::catalog_wms.key_value_pair[],
 '{}'
),
('2ede2faf-f4ba-2109-57ef-5c1f6b8569b2', '', '',
 array[('store_conditions',''), ('after_open','0'), ('shelf_life','0')]::catalog_wms.key_value_pair[],
 '{}'
),
('f2c351b5-9ef7-11e9-b7ff-ac1f6b8569b3', '', '',
 array[('store_conditions',''), ('after_open','0'), ('shelf_life','0')]::catalog_wms.key_value_pair[],
 '{}'
),
('bed45a29-7b26-11e9-bba6-005056012f65', '', '',
 array[('store_conditions',''), ('after_open','0'), ('shelf_life','0')]::catalog_wms.key_value_pair[],
 '{}'
)
)
AS opts(product_id, country, brand, shelf_conditions, pfc)
WHERE g.product_id = opts.product_id;


INSERT INTO catalog_wms.goods_categories (product_id, category_id)
VALUES
('836d5980-689f-11e9-b7fd-ac1f6b8566c7', '769f9894-6181-4f94-87e9-6f348ff14db9'),
('836d5980-689f-11e9-b7fd-ac1f6b8566c7', '04414aeb-a4bd-47ec-ab2b-a66098a3d5b3'),
('836d5983-689f-11e9-b7fd-ac1f6b8566c7', '769f9894-6181-4f94-87e9-6f348ff14db9'),
('836d5983-689f-11e9-b7fd-ac1f6b8566c7', '04414aeb-a4bd-47ec-ab2b-a66098a3d5b3'),
('89790b6c-689f-11e9-b7fd-ac1f6b8566c7', 'ce656db1-206a-4567-ab6b-a764f03b17c7'),
('95710d42-689f-11e9-b7fd-ac1f6b8566c7', '2f0bac58-9420-45c2-81aa-cda02cc97ad0'),
('95710d42-689f-11e9-b7fd-ac1f6b8566c7', '95c6fbb1-153d-4160-869b-fe2d0bb18a5a'),
('95710d4f-689f-11e9-b7fd-ac1f6b8566c7', '64be54d0-e453-4b44-a99f-cbc4dd9468c1'),
('95710d51-689f-11e9-b7fd-ac1f6b8566c7', 'dd61161a-f4ab-4475-9b99-354e971881fa'),
('9b730440-689f-11e9-b7fd-ac1f6b8566c7', '9ecb478f-5108-456d-90ab-77895bbd4975'),
('9b730452-689f-11e9-b7fd-ac1f6b8566c7', '2b7c218a-a678-435e-8e2a-2a65ba05a3df'),
('9b730452-689f-11e9-b7fd-ac1f6b8566c7', '6e4da33d-8a4e-46e7-b915-c34b406534c4'),
('a17a11d9-689f-11e9-b7fd-ac1f6b8566c7', 'e3d67472-bf63-46c3-8bfa-9796928db9b0'),
('a17a11d9-689f-11e9-b7fd-ac1f6b8566c7', '3e1ae012-0685-4407-b2b2-d21c724c3765'),
('a17a11db-689f-11e9-b7fd-ac1f6b8566c7', 'ec0d69aa-46a5-47df-b74b-b64d7dad6f46'),
('a17a11ef-689f-11e9-b7fd-ac1f6b8566c7', 'c331c0f4-c8fd-4323-8c39-496d032bad44'),
('ad948a61-689f-11e9-b7fd-ac1f6b8566c7', 'a4bce913-4c68-4477-a5cf-dd23698516b2'),
('b3a00ad9-689f-11e9-b7fd-ac1f6b8566c7', '1334a296-5036-4e6d-8bb8-e9b10bd58b7d'),
('b3a00adb-689f-11e9-b7fd-ac1f6b8566c7', '1334a296-5036-4e6d-8bb8-e9b10bd58b7d'),
('b3a00af4-689f-11e9-b7fd-ac1f6b8566c7', '5ce12b28-5bba-442b-85f4-f04eee670c21'),
('b3a00af4-689f-11e9-b7fd-ac1f6b8566c7', '8b349f02-4270-402f-a2a3-eaa46c566664'),
('b3a00af4-689f-11e9-b7fd-ac1f6b8566c7', '402212cc-4f22-472e-ab31-8700df8559ce'),
('b9b79000-689f-11e9-b7fd-ac1f6b8566c7', '6c26e81e-4ce4-4de2-980f-30098e6952dc'),
('b9b7901d-689f-11e9-b7fd-ac1f6b8566c7', 'b66219d7-086b-4292-9a5f-8b185f2b1bd0'),
('b9b79020-689f-11e9-b7fd-ac1f6b8566c7', 'b66219d7-086b-4292-9a5f-8b185f2b1bd0'),
('bfcc9a42-689f-11e9-b7fd-ac1f6b8566c7', 'b66219d7-086b-4292-9a5f-8b185f2b1bd0'),
('bfcc9a48-689f-11e9-b7fd-ac1f6b8566c7', '83c8ad67-7c19-47c9-be13-4d7a1c2bb567'),
('c5c9cc7c-689f-11e9-b7fd-ac1f6b8566c7', 'fd692231-67cd-40da-915a-5f1c74ea009c'),
('c5c9cc7c-689f-11e9-b7fd-ac1f6b8566c7', '369f721d-96a4-4d3d-bde0-21f88034bc60'),
('cbbfd76d-689f-11e9-b7fd-ac1f6b8566c7', '7ccc377c-7fca-426c-8929-dda5471ce2bf'),
('cbbfd76d-689f-11e9-b7fd-ac1f6b8566c7', '4ae988ec-d3b3-4c03-9aec-fba41620541d'),
('d1cb9b81-689f-11e9-b7fd-ac1f6b8566c7', '582e268f-4c7a-4d8f-881d-f74c40782b2b'),
('d7de9c8c-689f-11e9-b7fd-ac1f6b8566c7', '913523f3-474a-4edc-9a01-020e6b5772b1'),
('d7de9c8e-689f-11e9-b7fd-ac1f6b8566c7', '913523f3-474a-4edc-9a01-020e6b5772b1'),
('ddec7f72-689f-11e9-b7fd-ac1f6b8566c7', '913523f3-474a-4edc-9a01-020e6b5772b1'),
('ddec7f73-689f-11e9-b7fd-ac1f6b8566c7', '61d24b27-0e8e-4173-a861-95c87802972f'),
('ddec7f73-689f-11e9-b7fd-ac1f6b8566c7', 'da907e0a-d2d0-4bec-b5ed-b3f0ae2862d2'),
('ddec7f78-689f-11e9-b7fd-ac1f6b8566c7', '3e1cedb9-6845-4e2c-98c4-2bba6d344f43'),
('ddec7f85-689f-11e9-b7fd-ac1f6b8566c7', '458772ee-2a63-49ac-8812-7f19c9373b09'),
('e3e7857f-689f-11e9-b7fd-ac1f6b8566c7', '26351457-43b8-4437-a435-edc42eb1607f'),
('96068a07-68f0-11e9-b7fd-ac1f6b8566c7', '458772ee-2a63-49ac-8812-7f19c9373b09'),
('46e90cbe-68f4-11e9-b7fd-ac1f6b8566c7', 'cb53da92-dfac-410f-bb46-1054c6d79640'),
('6ed08cd0-68f4-11e9-b7fd-ac1f6b8566c7', 'cb53da92-dfac-410f-bb46-1054c6d79640'),
('6bf6a370-77ff-11e9-b7ff-ac1f6b8566c7', '2fd7bc6b-cdf8-48c0-b335-a8fb7f38a534'),
('941a2f7c-77ff-11e9-b7ff-ac1f6b8566c7', 'a13ce379-4936-4505-8ace-f60ff63a1271'),
('941a2f7d-77ff-11e9-b7ff-ac1f6b8566c7', 'a13ce379-4936-4505-8ace-f60ff63a1271'),
('941a2f7e-77ff-11e9-b7ff-ac1f6b8566c7', 'a13ce379-4936-4505-8ace-f60ff63a1271'),
('941a2f7f-77ff-11e9-b7ff-ac1f6b8566c7', '582e268f-4c7a-4d8f-881d-f74c40782b2b'),
('941a2f80-77ff-11e9-b7ff-ac1f6b8566c7', '582e268f-4c7a-4d8f-881d-f74c40782b2b'),
('941a2f88-77ff-11e9-b7ff-ac1f6b8566c7', 'aba8b6be-2022-47c1-b028-c18b76d48bae'),
('9a269bfd-77ff-11e9-b7ff-ac1f6b8566c7', '8ac417e6-a371-466f-9444-49d1344207e7'),
('a0251fa3-77ff-11e9-b7ff-ac1f6b8566c7', '618dc893-7dab-45d0-90d4-db416417ec51'),
('a0251fa3-77ff-11e9-b7ff-ac1f6b8566c7', 'dfe6810c-bea1-4e4b-97f3-3bf3e018888d'),
('a6357a08-77ff-11e9-b7ff-ac1f6b8566c7', '065ecbdc-c021-457f-9d6e-c546083050e9'),
('a6357a08-77ff-11e9-b7ff-ac1f6b8566c7', 'fa514690-b182-4d98-9f3a-fa949cee488e'),
('a6357a1c-77ff-11e9-b7ff-ac1f6b8566c7', '84b8864a-3b7c-4ec2-bf7b-47e67bef814b'),
('7efcb4a7-7828-11e9-b7ff-ac1f6b8566c7', '536dab51-5729-4787-9af0-d16f38c08ee8'),
('7efcb4a8-7828-11e9-b7ff-ac1f6b8566c7', 'b3e60287-1e1a-4ffa-8141-a621d6f071b7'),
('7efcb4a8-7828-11e9-b7ff-ac1f6b8566c7', '3947e017-3b0e-46d6-b411-57664446534b'),
('7efcb4aa-7828-11e9-b7ff-ac1f6b8566c7', 'b3e60287-1e1a-4ffa-8141-a621d6f071b7'),
('7efcb4aa-7828-11e9-b7ff-ac1f6b8566c7', '3947e017-3b0e-46d6-b411-57664446534b'),
('7efcb4ad-7828-11e9-b7ff-ac1f6b8566c7', 'faac6a62-f693-42a6-8d57-d056654358f0'),
('7efcb4ad-7828-11e9-b7ff-ac1f6b8566c7', '716a386b-1d10-48b8-a432-ebf2b4b637aa'),
('fd11cadb-877e-11e9-b7ff-ac1f6b8569b3', 'f8d8a5e8-62e6-4d55-8cc1-a03502d56119'),
('fd11cadb-877e-11e9-b7ff-ac1f6b8569b3', '35f95549-e0af-4166-af77-d097f961e8c2'),
('fd11cade-877e-11e9-b7ff-ac1f6b8569b3', '38c15a3c-38f4-400a-a0a3-2d48dca49b40'),
('fd11cadf-877e-11e9-b7ff-ac1f6b8569b3', '38c15a3c-38f4-400a-a0a3-2d48dca49b40'),
('fd11cae0-877e-11e9-b7ff-ac1f6b8569b3', '38c15a3c-38f4-400a-a0a3-2d48dca49b40'),
('fd11cae1-877e-11e9-b7ff-ac1f6b8569b3', '38c15a3c-38f4-400a-a0a3-2d48dca49b40'),
('fd11cae2-877e-11e9-b7ff-ac1f6b8569b3', '644899d1-edd3-4961-91c3-55dbcf1d6078'),
('fd11cae2-877e-11e9-b7ff-ac1f6b8569b3', '0b76f047-cce0-459b-baaa-f650ddb46568'),
('fd11cae3-877e-11e9-b7ff-ac1f6b8569b3', '644899d1-edd3-4961-91c3-55dbcf1d6078'),
('fd11cae3-877e-11e9-b7ff-ac1f6b8569b3', '0b76f047-cce0-459b-baaa-f650ddb46568'),
('fd11cae5-877e-11e9-b7ff-ac1f6b8569b3', '3c73a423-6810-472e-add5-716b921e9893'),
('fd11cae6-877e-11e9-b7ff-ac1f6b8569b3', '3c73a423-6810-472e-add5-716b921e9893'),
('fd11cae7-877e-11e9-b7ff-ac1f6b8569b3', '558d2903-053c-48cd-a9db-e8dc7f07c5ee'),
('fd11cae8-877e-11e9-b7ff-ac1f6b8569b3', '558d2903-053c-48cd-a9db-e8dc7f07c5ee'),
('fd11cae9-877e-11e9-b7ff-ac1f6b8569b3', '29367a23-366b-4a38-b4f1-3384e078dbe7'),
('fd11caea-877e-11e9-b7ff-ac1f6b8569b3', '29367a23-366b-4a38-b4f1-3384e078dbe7'),
('fd11caec-877e-11e9-b7ff-ac1f6b8569b3', '29367a23-366b-4a38-b4f1-3384e078dbe7'),
('fd11caed-877e-11e9-b7ff-ac1f6b8569b3', '29367a23-366b-4a38-b4f1-3384e078dbe7'),
('fd11caee-877e-11e9-b7ff-ac1f6b8569b3', '29367a23-366b-4a38-b4f1-3384e078dbe7'),
('fd11caf2-877e-11e9-b7ff-ac1f6b8569b3', '644899d1-edd3-4961-91c3-55dbcf1d6078'),
('fd11caf2-877e-11e9-b7ff-ac1f6b8569b3', '0b76f047-cce0-459b-baaa-f650ddb46568'),
('fd11caf3-877e-11e9-b7ff-ac1f6b8569b3', '644899d1-edd3-4961-91c3-55dbcf1d6078'),
('fd11caf3-877e-11e9-b7ff-ac1f6b8569b3', '0b76f047-cce0-459b-baaa-f650ddb46568'),
('0326d816-877f-11e9-b7ff-ac1f6b8569b3', 'ffbe6b48-01e6-4aa9-bc46-2929a4734214'),
('0326d817-877f-11e9-b7ff-ac1f6b8569b3', 'ffbe6b48-01e6-4aa9-bc46-2929a4734214'),
('0326d818-877f-11e9-b7ff-ac1f6b8569b3', 'ffbe6b48-01e6-4aa9-bc46-2929a4734214'),
('0326d819-877f-11e9-b7ff-ac1f6b8569b3', '644899d1-edd3-4961-91c3-55dbcf1d6078'),
('0326d819-877f-11e9-b7ff-ac1f6b8569b3', '0b76f047-cce0-459b-baaa-f650ddb46568'),
('0326d81a-877f-11e9-b7ff-ac1f6b8569b3', 'ffbe6b48-01e6-4aa9-bc46-2929a4734214'),
('0326d81b-877f-11e9-b7ff-ac1f6b8569b3', 'ffbe6b48-01e6-4aa9-bc46-2929a4734214'),
('0326d81c-877f-11e9-b7ff-ac1f6b8569b3', 'ffbe6b48-01e6-4aa9-bc46-2929a4734214'),
('0326d81d-877f-11e9-b7ff-ac1f6b8569b3', '6ee0e2b7-91d7-4e24-9f68-4edb901d3fdb'),
('0326d81d-877f-11e9-b7ff-ac1f6b8569b3', '2401b026-485b-406d-b114-f98f49912e0a'),
('0326d81d-877f-11e9-b7ff-ac1f6b8569b3', '07784874-5a26-4a80-b729-0fb25eb933bb'),
('0326d81f-877f-11e9-b7ff-ac1f6b8569b3', '644899d1-edd3-4961-91c3-55dbcf1d6078'),
('0326d81f-877f-11e9-b7ff-ac1f6b8569b3', '0b76f047-cce0-459b-baaa-f650ddb46568'),
('0326d831-877f-11e9-b7ff-ac1f6b8569b3', '6ee0e2b7-91d7-4e24-9f68-4edb901d3fdb'),
('0326d831-877f-11e9-b7ff-ac1f6b8569b3', '2401b026-485b-406d-b114-f98f49912e0a'),
('0326d831-877f-11e9-b7ff-ac1f6b8569b3', '07784874-5a26-4a80-b729-0fb25eb933bb'),
('0326d832-877f-11e9-b7ff-ac1f6b8569b3', '61d24b27-0e8e-4173-a861-95c87802972f'),
('0326d832-877f-11e9-b7ff-ac1f6b8569b3', 'da907e0a-d2d0-4bec-b5ed-b3f0ae2862d2'),
('e8bdb396-937e-11e9-b7ff-ac1f6b8569b3', '1334a296-5036-4e6d-8bb8-e9b10bd58b7d'),
('eeff8d41-937e-11e9-b7ff-ac1f6b8569b3', 'a10eeeb3-3331-4a5a-8ea1-b74aa5482b0d'),
('eeff8d46-937e-11e9-b7ff-ac1f6b8569b3', '536dab51-5729-4787-9af0-d16f38c08ee8'),
('eeff8d50-937e-11e9-b7ff-ac1f6b8569b3', '304cff1e-c22a-4980-b77d-c6e32743c56b'),
('4ece2f9c-94bf-11e9-b7ff-ac1f6b8569b3', '0e16b80e-4414-4681-b59b-a0ff22d198fc'),
('4ece2faa-94bf-11e9-b7ff-ac1f6b8569b3', 'fac97415-0fb0-4242-b717-b9306e3a6be9'),
('f2c351b5-9ef7-11e9-b7ff-ac1f6b8569b3', '68999dd6-168c-4dde-8a5d-784145dcb9e4'),
('f2c351cf-9ef7-11e9-b7ff-ac1f6b8569b3', '15b65947-3aef-4cbe-a6c2-0fba400f3770'),
('2ea2030c-a7b2-11e9-b7ff-ac1f6b8569b3', 'b1855367-b63d-4ce4-b08f-ff06b6eb5843'),
('2ea2031c-a7b2-11e9-b7ff-ac1f6b8569b3', '050e09bd-8278-46ed-a864-279fd7cb4b3d'),
('34b274db-a7b2-11e9-b7ff-ac1f6b8569b3', 'c73e2446-3e17-41aa-91ff-cdaa8920293d'),
('34b274e2-a7b2-11e9-b7ff-ac1f6b8569b3', 'd251f74f-a5d0-4007-9e49-da7c0e0b18a4'),
('34b274e6-a7b2-11e9-b7ff-ac1f6b8569b3', '22671ca8-84b4-4bb2-bb39-6a7275f67125'),
('34b274ed-a7b2-11e9-b7ff-ac1f6b8569b3', '2877206d-38c9-44f4-acea-e37d109fecb2'),
('34b274ee-a7b2-11e9-b7ff-ac1f6b8569b3', '2fd7bc6b-cdf8-48c0-b335-a8fb7f38a534'),
('3aac0e3d-a7b2-11e9-b7ff-ac1f6b8569b3', '368868b3-6844-4846-a3d8-6a7b5454fa9a'),
('3aac0e3d-a7b2-11e9-b7ff-ac1f6b8569b3', '49d38792-d160-4ebe-b2c3-7d4b75a105d8'),
('3aac0e47-a7b2-11e9-b7ff-ac1f6b8569b3', 'b4651cf6-98e0-4233-84bd-fdd18bdd14e1'),
('3aac0e4c-a7b2-11e9-b7ff-ac1f6b8569b3', 'b3e60287-1e1a-4ffa-8141-a621d6f071b7'),
('3aac0e4c-a7b2-11e9-b7ff-ac1f6b8569b3', '3947e017-3b0e-46d6-b411-57664446534b'),
('2bca17a4-a9f5-11e9-b7ff-ac1f6b8569b3', 'f64f7253-f30a-4a4b-83d2-b02416a62beb'),
('2bca17a4-a9f5-11e9-b7ff-ac1f6b8569b3', 'c5eb1613-4e64-40ea-9eec-1d5d2e2ffd50'),
('2bca17b7-a9f5-11e9-b7ff-ac1f6b8569b3', '644899d1-edd3-4961-91c3-55dbcf1d6078'),
('2bca17b7-a9f5-11e9-b7ff-ac1f6b8569b3', '0b76f047-cce0-459b-baaa-f650ddb46568'),
('88b4b622-aa33-11e9-b7ff-ac1f6b8569b3', '304cff1e-c22a-4980-b77d-c6e32743c56b'),
('88b4b627-aa33-11e9-b7ff-ac1f6b8569b3', 'd13d5552-15ee-45ea-a8e7-9fe8d2794e9d'),
('88b4b636-aa33-11e9-b7ff-ac1f6b8569b3', '3278dc6a-655b-4c34-a29f-399f0088b093'),
('88b4b636-aa33-11e9-b7ff-ac1f6b8569b3', '8892145e-a1b7-4ebf-a4d2-43d6f15e5a1b'),
('88b4b63b-aa33-11e9-b7ff-ac1f6b8569b3', '06f37db3-cc63-4514-81ad-1c0b2b3a9412'),
('88b4b63c-aa33-11e9-b7ff-ac1f6b8569b3', 'cae43e6d-4a51-4fa4-a8c2-3797794ac02c'),
('88b4b63c-aa33-11e9-b7ff-ac1f6b8569b3', 'b626e32b-7b47-4e22-bbdc-c9400a708c2d'),
('88b4b645-aa33-11e9-b7ff-ac1f6b8569b3', '52a0c6e3-268d-4384-94d2-da95accfd36b'),
('88b4b64a-aa33-11e9-b7ff-ac1f6b8569b3', 'cb53da92-dfac-410f-bb46-1054c6d79640'),
('88b4b652-aa33-11e9-b7ff-ac1f6b8569b3', '913523f3-474a-4edc-9a01-020e6b5772b1'),
('88b4b661-aa33-11e9-b7ff-ac1f6b8569b3', 'b06f5dfb-39bf-482f-ad9f-b61d990e5287'),
('88b4b661-aa33-11e9-b7ff-ac1f6b8569b3', '83beb852-0782-4111-b857-b7b98c01433c'),
('88b4b662-aa33-11e9-b7ff-ac1f6b8569b3', 'caa784ff-cf66-4870-94d2-14ddcae02b31'),
('88b4b663-aa33-11e9-b7ff-ac1f6b8569b3', 'caa784ff-cf66-4870-94d2-14ddcae02b31'),
('88b4b66e-aa33-11e9-b7ff-ac1f6b8569b3', 'dfd9797f-7fd3-4407-af9a-ccee525629b9'),
('60cad25d-b1f0-11e9-b7ff-ac1f6b8569b3', '5464c3ec-4b7b-4b87-b2f1-5bf2656663ab'),
('198310ef-b1f1-11e9-b7ff-ac1f6b8569b3', '5464c3ec-4b7b-4b87-b2f1-5bf2656663ab'),
('198310f0-b1f1-11e9-b7ff-ac1f6b8569b3', '5464c3ec-4b7b-4b87-b2f1-5bf2656663ab'),
('198310f1-b1f1-11e9-b7ff-ac1f6b8569b3', '5464c3ec-4b7b-4b87-b2f1-5bf2656663ab'),
('198310f2-b1f1-11e9-b7ff-ac1f6b8569b3', '5464c3ec-4b7b-4b87-b2f1-5bf2656663ab'),
('198310f3-b1f1-11e9-b7ff-ac1f6b8569b3', '5464c3ec-4b7b-4b87-b2f1-5bf2656663ab'),
('198310f4-b1f1-11e9-b7ff-ac1f6b8569b3', 'faf27939-e82f-4bf7-b6c1-fe5767f9584f'),
('198310f5-b1f1-11e9-b7ff-ac1f6b8569b3', 'faf27939-e82f-4bf7-b6c1-fe5767f9584f'),
('198310f6-b1f1-11e9-b7ff-ac1f6b8569b3', 'faf27939-e82f-4bf7-b6c1-fe5767f9584f'),
('198310f7-b1f1-11e9-b7ff-ac1f6b8569b3', 'faf27939-e82f-4bf7-b6c1-fe5767f9584f'),
('d25f1b11-b792-11e9-b7ff-ac1f6b8569b3', 'b06f5dfb-39bf-482f-ad9f-b61d990e5287'),
('d25f1b11-b792-11e9-b7ff-ac1f6b8569b3', '83beb852-0782-4111-b857-b7b98c01433c'),
('1fbb9e5a-bdcf-11e9-b7ff-ac1f6b8569b3', '9e313b04-f921-48b2-a300-e4df827d6263'),
('62a03ba5-c417-11e9-b7ff-ac1f6b8569b3', '7a7d3cd4-4a65-4abc-880d-d1a2f987396d'),
('62a03ba5-c417-11e9-b7ff-ac1f6b8569b3', '3756d409-7c0c-4225-8ea1-70e7abe683d0'),
('62a03ba6-c417-11e9-b7ff-ac1f6b8569b3', '7a7d3cd4-4a65-4abc-880d-d1a2f987396d'),
('62a03ba6-c417-11e9-b7ff-ac1f6b8569b3', '3756d409-7c0c-4225-8ea1-70e7abe683d0'),
('62a03ba7-c417-11e9-b7ff-ac1f6b8569b3', '7a7d3cd4-4a65-4abc-880d-d1a2f987396d'),
('62a03ba7-c417-11e9-b7ff-ac1f6b8569b3', '3756d409-7c0c-4225-8ea1-70e7abe683d0'),
('c34deae1-c42f-11e9-b7ff-ac1f6b8569b3', '91f6bb8e-4926-4ab6-b513-fd8654b10898'),
('9a862526-c432-11e9-b7ff-ac1f6b8569b3', '29bfb9a1-80b9-46d5-b3d6-3c41febdf92d'),
('0793ce16-c8cb-11e9-b7ff-ac1f6b8569b3', '894c49a3-80a0-4b47-a696-6462bb47dadf'),
('0793ce17-c8cb-11e9-b7ff-ac1f6b8569b3', '894c49a3-80a0-4b47-a696-6462bb47dadf'),
('13bb8523-c8cb-11e9-b7ff-ac1f6b8569b3', '647f9904-3e34-4074-82fc-e154347d91bf'),
('89cc6837-cb1e-11e9-b7ff-ac1f6b8569b3', '2da577ad-49f0-4153-83f6-73a73243a96b'),
('89cc683a-cb1e-11e9-b7ff-ac1f6b8569b3', '2da577ad-49f0-4153-83f6-73a73243a96b'),
('d36ff352-cb3c-11e9-b7ff-ac1f6b8569b3', 'ffad97a6-3d30-4570-a31a-b665ef54e3b7'),
('d36ff357-cb3c-11e9-b7ff-ac1f6b8569b3', 'd69d0293-bc9d-41ae-af87-9a9e3aa3d26f'),
('d36ff36a-cb3c-11e9-b7ff-ac1f6b8569b3', 'c7c20456-3540-4fbe-9aba-9e1aec7f6214'),
('d36ff36d-cb3c-11e9-b7ff-ac1f6b8569b3', '14f851fd-2433-4f9b-8afd-9b53cf8d359b'),
('8faac5c3-d622-11e9-b7ff-ac1f6b8569b3', 'dfd9797f-7fd3-4407-af9a-ccee525629b9'),
('8faac5c4-d622-11e9-b7ff-ac1f6b8569b3', 'b06f5dfb-39bf-482f-ad9f-b61d990e5287'),
('8faac5c4-d622-11e9-b7ff-ac1f6b8569b3', '83beb852-0782-4111-b857-b7b98c01433c'),
('8faac5c5-d622-11e9-b7ff-ac1f6b8569b3', '5eebed31-5691-40a0-b8aa-4b23de50377e'),
('71a9096e-7b26-11e9-bba6-005056012f65', '5c98edb3-f7e7-42ec-877e-a35fc9e471b4'),
('71a90976-7b26-11e9-bba6-005056012f65', 'c4472e14-7011-45c6-b9d3-5245a0857a3a'),
('8dbd542b-7b26-11e9-bba6-005056012f65', 'faac6a62-f693-42a6-8d57-d056654358f0'),
('8dbd542b-7b26-11e9-bba6-005056012f65', '716a386b-1d10-48b8-a432-ebf2b4b637aa'),
('a259828a-7b26-11e9-bba6-005056012f65', 'a964bccf-6015-461c-af90-3c2f6e8f2843'),
('a259828c-7b26-11e9-bba6-005056012f65', 'a964bccf-6015-461c-af90-3c2f6e8f2843'),
('bed45a29-7b26-11e9-bba6-005056012f65', '5973712c-3fa8-4d38-8b5b-833463bb0743'),
('bed45a29-7b26-11e9-bba6-005056012f65', '289f1eec-25bf-4179-b591-b8b23df1cb84'),
('bed45a29-7b26-11e9-bba6-005056012f65', '702b36b8-7519-4d55-bd17-bd37a785a821'),
('bed45a2b-7b26-11e9-bba6-005056012f65', '5973712c-3fa8-4d38-8b5b-833463bb0743'),
('bed45a2b-7b26-11e9-bba6-005056012f65', '289f1eec-25bf-4179-b591-b8b23df1cb84'),
('bed45a2b-7b26-11e9-bba6-005056012f65', '702b36b8-7519-4d55-bd17-bd37a785a821'),
('37a4c60f-8225-11e9-bba6-005056012f65', '2dd45cca-9260-4423-85b9-19f895820d3e'),
('37a4c61a-8225-11e9-bba6-005056012f65', '2dd45cca-9260-4423-85b9-19f895820d3e'),
('37a4c61b-8225-11e9-bba6-005056012f65', '2dd45cca-9260-4423-85b9-19f895820d3e'),
('23c1dc62-8236-11e9-bba6-005056012f65', '7cf5974a-34ce-490a-bd2b-7215b68191c0'),
('2ede2faf-f4ba-2109-57ef-5c1f6b8569b1', 'e9091e62-13ae-47fd-97c0-cf9ea0385e92'),
('2ede2faf-f4ba-2109-57ef-5c1f6b8569b2', 'e9091e62-13ae-47fd-97c0-cf9ea0385e92'),
('1d702d85-909c-4d41-b242-62180fb68ff7', '1d702d85-909c-4d41-b242-62180fb68ff6')
;


-- Assortments

INSERT INTO catalog_wms.assortments(assortment_id, status, title, parent_id)
VALUES('63d5c9a4-7f11-47d8-8510-578d70ad149dASTMNT', 'active', 'Ассортимент 1', null);

INSERT INTO catalog_wms.assortment_items(item_id, status, assortment_id, product_id)
SELECT product_id || 'AITEM', 'active', '63d5c9a4-7f11-47d8-8510-578d70ad149dASTMNT', product_id
FROM catalog_wms.goods;

-- TODO Bump hide timeout for some products in assortment


-- Price lists
INSERT INTO catalog_wms.price_lists(price_list_id, status, title)
VALUES ('a9aef011-11c5-44bf-a41b-6e5002365f7ePRLIST', 'active', 'Прайс-лист 1');

INSERT INTO catalog_wms.price_list_items(item_id, status, price_list_id, product_id, price)
VALUES
('941a2f7f-77ff-11e9-b7ff-ac1f6b8566c7PRICE', 'active', 'a9aef011-11c5-44bf-a41b-6e5002365f7ePRLIST', '941a2f7f-77ff-11e9-b7ff-ac1f6b8566c7', 219.0000),
('a6357a08-77ff-11e9-b7ff-ac1f6b8566c7PRICE', 'active', 'a9aef011-11c5-44bf-a41b-6e5002365f7ePRLIST', 'a6357a08-77ff-11e9-b7ff-ac1f6b8566c7', 139.0000),
('fd11caee-877e-11e9-b7ff-ac1f6b8569b3PRICE', 'active', 'a9aef011-11c5-44bf-a41b-6e5002365f7ePRLIST', 'fd11caee-877e-11e9-b7ff-ac1f6b8569b3', 89.0000),
('fd11caf2-877e-11e9-b7ff-ac1f6b8569b3PRICE', 'active', 'a9aef011-11c5-44bf-a41b-6e5002365f7ePRLIST', 'fd11caf2-877e-11e9-b7ff-ac1f6b8569b3', 65.0000),
('6ed08cd0-68f4-11e9-b7fd-ac1f6b8566c7PRICE', 'active', 'a9aef011-11c5-44bf-a41b-6e5002365f7ePRLIST', '6ed08cd0-68f4-11e9-b7fd-ac1f6b8566c7', 79.0000),
('836d5983-689f-11e9-b7fd-ac1f6b8566c7PRICE', 'active', 'a9aef011-11c5-44bf-a41b-6e5002365f7ePRLIST', '836d5983-689f-11e9-b7fd-ac1f6b8566c7', 29.0000),
('941a2f80-77ff-11e9-b7ff-ac1f6b8566c7PRICE', 'active', 'a9aef011-11c5-44bf-a41b-6e5002365f7ePRLIST', '941a2f80-77ff-11e9-b7ff-ac1f6b8566c7', 209.0000),
('941a2f88-77ff-11e9-b7ff-ac1f6b8566c7PRICE', 'active', 'a9aef011-11c5-44bf-a41b-6e5002365f7ePRLIST', '941a2f88-77ff-11e9-b7ff-ac1f6b8566c7', 259.0000),
('bfcc9a48-689f-11e9-b7fd-ac1f6b8566c7PRICE', 'active', 'a9aef011-11c5-44bf-a41b-6e5002365f7ePRLIST', 'bfcc9a48-689f-11e9-b7fd-ac1f6b8566c7', 519.0000),
('7efcb4aa-7828-11e9-b7ff-ac1f6b8566c7PRICE', 'active', 'a9aef011-11c5-44bf-a41b-6e5002365f7ePRLIST', '7efcb4aa-7828-11e9-b7ff-ac1f6b8566c7', 34.0000),
('7efcb4ad-7828-11e9-b7ff-ac1f6b8566c7PRICE', 'active', 'a9aef011-11c5-44bf-a41b-6e5002365f7ePRLIST', '7efcb4ad-7828-11e9-b7ff-ac1f6b8566c7', 24.0000),
('a6357a1c-77ff-11e9-b7ff-ac1f6b8566c7PRICE', 'active', 'a9aef011-11c5-44bf-a41b-6e5002365f7ePRLIST', 'a6357a1c-77ff-11e9-b7ff-ac1f6b8566c7', 699.0000),
('b9b79020-689f-11e9-b7fd-ac1f6b8566c7PRICE', 'active', 'a9aef011-11c5-44bf-a41b-6e5002365f7ePRLIST', 'b9b79020-689f-11e9-b7fd-ac1f6b8566c7', 509.0000),
('fd11cae8-877e-11e9-b7ff-ac1f6b8569b3PRICE', 'active', 'a9aef011-11c5-44bf-a41b-6e5002365f7ePRLIST', 'fd11cae8-877e-11e9-b7ff-ac1f6b8569b3', 99.0000),
('fd11cae9-877e-11e9-b7ff-ac1f6b8569b3PRICE', 'active', 'a9aef011-11c5-44bf-a41b-6e5002365f7ePRLIST', 'fd11cae9-877e-11e9-b7ff-ac1f6b8569b3', 149.0000),
('fd11caea-877e-11e9-b7ff-ac1f6b8569b3PRICE', 'active', 'a9aef011-11c5-44bf-a41b-6e5002365f7ePRLIST', 'fd11caea-877e-11e9-b7ff-ac1f6b8569b3', 169.0000),
('fd11caed-877e-11e9-b7ff-ac1f6b8569b3PRICE', 'active', 'a9aef011-11c5-44bf-a41b-6e5002365f7ePRLIST', 'fd11caed-877e-11e9-b7ff-ac1f6b8569b3', 89.0000),
('0326d816-877f-11e9-b7ff-ac1f6b8569b3PRICE', 'active', 'a9aef011-11c5-44bf-a41b-6e5002365f7ePRLIST', '0326d816-877f-11e9-b7ff-ac1f6b8569b3', 170.0000),
('0326d819-877f-11e9-b7ff-ac1f6b8569b3PRICE', 'active', 'a9aef011-11c5-44bf-a41b-6e5002365f7ePRLIST', '0326d819-877f-11e9-b7ff-ac1f6b8569b3', 99.0000),
('0326d81a-877f-11e9-b7ff-ac1f6b8569b3PRICE', 'active', 'a9aef011-11c5-44bf-a41b-6e5002365f7ePRLIST', '0326d81a-877f-11e9-b7ff-ac1f6b8569b3', 149.0000),
('d7de9c8e-689f-11e9-b7fd-ac1f6b8566c7PRICE', 'active', 'a9aef011-11c5-44bf-a41b-6e5002365f7ePRLIST', 'd7de9c8e-689f-11e9-b7fd-ac1f6b8566c7', 59.0000),
('ddec7f78-689f-11e9-b7fd-ac1f6b8566c7PRICE', 'active', 'a9aef011-11c5-44bf-a41b-6e5002365f7ePRLIST', 'ddec7f78-689f-11e9-b7fd-ac1f6b8566c7', 114.0000),
('ddec7f85-689f-11e9-b7fd-ac1f6b8566c7PRICE', 'active', 'a9aef011-11c5-44bf-a41b-6e5002365f7ePRLIST', 'ddec7f85-689f-11e9-b7fd-ac1f6b8566c7', 109.0000),
('e8bdb396-937e-11e9-b7ff-ac1f6b8569b3PRICE', 'active', 'a9aef011-11c5-44bf-a41b-6e5002365f7ePRLIST', 'e8bdb396-937e-11e9-b7ff-ac1f6b8569b3', 134.0000),
('eeff8d41-937e-11e9-b7ff-ac1f6b8569b3PRICE', 'active', 'a9aef011-11c5-44bf-a41b-6e5002365f7ePRLIST', 'eeff8d41-937e-11e9-b7ff-ac1f6b8569b3', 104.0000),
('6bf6a370-77ff-11e9-b7ff-ac1f6b8566c7PRICE', 'active', 'a9aef011-11c5-44bf-a41b-6e5002365f7ePRLIST', '6bf6a370-77ff-11e9-b7ff-ac1f6b8566c7', 94.0000),
('eeff8d46-937e-11e9-b7ff-ac1f6b8569b3PRICE', 'active', 'a9aef011-11c5-44bf-a41b-6e5002365f7ePRLIST', 'eeff8d46-937e-11e9-b7ff-ac1f6b8569b3', 39.0000),
('fd11cae6-877e-11e9-b7ff-ac1f6b8569b3PRICE', 'active', 'a9aef011-11c5-44bf-a41b-6e5002365f7ePRLIST', 'fd11cae6-877e-11e9-b7ff-ac1f6b8569b3', 149.0000),
('fd11cae7-877e-11e9-b7ff-ac1f6b8569b3PRICE', 'active', 'a9aef011-11c5-44bf-a41b-6e5002365f7ePRLIST', 'fd11cae7-877e-11e9-b7ff-ac1f6b8569b3', 129.0000),
('2bca17a4-a9f5-11e9-b7ff-ac1f6b8569b3PRICE', 'active', 'a9aef011-11c5-44bf-a41b-6e5002365f7ePRLIST', '2bca17a4-a9f5-11e9-b7ff-ac1f6b8569b3', 199.0000),
('2ea2030c-a7b2-11e9-b7ff-ac1f6b8569b3PRICE', 'active', 'a9aef011-11c5-44bf-a41b-6e5002365f7ePRLIST', '2ea2030c-a7b2-11e9-b7ff-ac1f6b8569b3', 35.0000),
('2ea2031c-a7b2-11e9-b7ff-ac1f6b8569b3PRICE', 'active', 'a9aef011-11c5-44bf-a41b-6e5002365f7ePRLIST', '2ea2031c-a7b2-11e9-b7ff-ac1f6b8569b3', 93.0000),
('34b274e6-a7b2-11e9-b7ff-ac1f6b8569b3PRICE', 'active', 'a9aef011-11c5-44bf-a41b-6e5002365f7ePRLIST', '34b274e6-a7b2-11e9-b7ff-ac1f6b8569b3', 374.0000),
('3aac0e3d-a7b2-11e9-b7ff-ac1f6b8569b3PRICE', 'active', 'a9aef011-11c5-44bf-a41b-6e5002365f7ePRLIST', '3aac0e3d-a7b2-11e9-b7ff-ac1f6b8569b3', 2199.0000),
('3aac0e47-a7b2-11e9-b7ff-ac1f6b8569b3PRICE', 'active', 'a9aef011-11c5-44bf-a41b-6e5002365f7ePRLIST', '3aac0e47-a7b2-11e9-b7ff-ac1f6b8569b3', 169.0000),
('3aac0e4c-a7b2-11e9-b7ff-ac1f6b8569b3PRICE', 'active', 'a9aef011-11c5-44bf-a41b-6e5002365f7ePRLIST', '3aac0e4c-a7b2-11e9-b7ff-ac1f6b8569b3', 74.0000),
('88b4b627-aa33-11e9-b7ff-ac1f6b8569b3PRICE', 'active', 'a9aef011-11c5-44bf-a41b-6e5002365f7ePRLIST', '88b4b627-aa33-11e9-b7ff-ac1f6b8569b3', 29.0000),
('88b4b636-aa33-11e9-b7ff-ac1f6b8569b3PRICE', 'active', 'a9aef011-11c5-44bf-a41b-6e5002365f7ePRLIST', '88b4b636-aa33-11e9-b7ff-ac1f6b8569b3', 109.0000),
('eeff8d50-937e-11e9-b7ff-ac1f6b8569b3PRICE', 'active', 'a9aef011-11c5-44bf-a41b-6e5002365f7ePRLIST', 'eeff8d50-937e-11e9-b7ff-ac1f6b8569b3', 39.0000),
('198310f1-b1f1-11e9-b7ff-ac1f6b8569b3PRICE', 'active', 'a9aef011-11c5-44bf-a41b-6e5002365f7ePRLIST', '198310f1-b1f1-11e9-b7ff-ac1f6b8569b3', 859.0000),
('198310f2-b1f1-11e9-b7ff-ac1f6b8569b3PRICE', 'active', 'a9aef011-11c5-44bf-a41b-6e5002365f7ePRLIST', '198310f2-b1f1-11e9-b7ff-ac1f6b8569b3', 449.0000),
('198310f3-b1f1-11e9-b7ff-ac1f6b8569b3PRICE', 'active', 'a9aef011-11c5-44bf-a41b-6e5002365f7ePRLIST', '198310f3-b1f1-11e9-b7ff-ac1f6b8569b3', 499.0000),
('37a4c61b-8225-11e9-bba6-005056012f65PRICE', 'active', 'a9aef011-11c5-44bf-a41b-6e5002365f7ePRLIST', '37a4c61b-8225-11e9-bba6-005056012f65', 699.0000),
('71a9096e-7b26-11e9-bba6-005056012f65PRICE', 'active', 'a9aef011-11c5-44bf-a41b-6e5002365f7ePRLIST', '71a9096e-7b26-11e9-bba6-005056012f65', 507.0000),
('bfcc9a42-689f-11e9-b7fd-ac1f6b8566c7PRICE', 'active', 'a9aef011-11c5-44bf-a41b-6e5002365f7ePRLIST', 'bfcc9a42-689f-11e9-b7fd-ac1f6b8566c7', 309.0000),
('1fbb9e5a-bdcf-11e9-b7ff-ac1f6b8569b3PRICE', 'active', 'a9aef011-11c5-44bf-a41b-6e5002365f7ePRLIST', '1fbb9e5a-bdcf-11e9-b7ff-ac1f6b8569b3', 380.0000),
('23c1dc62-8236-11e9-bba6-005056012f65PRICE', 'active', 'a9aef011-11c5-44bf-a41b-6e5002365f7ePRLIST', '23c1dc62-8236-11e9-bba6-005056012f65', 29.0000),
('8dbd542b-7b26-11e9-bba6-005056012f65PRICE', 'active', 'a9aef011-11c5-44bf-a41b-6e5002365f7ePRLIST', '8dbd542b-7b26-11e9-bba6-005056012f65', 39.0000),
('8faac5c4-d622-11e9-b7ff-ac1f6b8569b3PRICE', 'active', 'a9aef011-11c5-44bf-a41b-6e5002365f7ePRLIST', '8faac5c4-d622-11e9-b7ff-ac1f6b8569b3', 169.0000),
('fd11caec-877e-11e9-b7ff-ac1f6b8569b3PRICE', 'active', 'a9aef011-11c5-44bf-a41b-6e5002365f7ePRLIST', 'fd11caec-877e-11e9-b7ff-ac1f6b8569b3', 89.0000),
('37a4c61a-8225-11e9-bba6-005056012f65PRICE', 'active', 'a9aef011-11c5-44bf-a41b-6e5002365f7ePRLIST', '37a4c61a-8225-11e9-bba6-005056012f65', 749.0000),
('71a90976-7b26-11e9-bba6-005056012f65PRICE', 'active', 'a9aef011-11c5-44bf-a41b-6e5002365f7ePRLIST', '71a90976-7b26-11e9-bba6-005056012f65', 299.0000),
('e3e7857f-689f-11e9-b7fd-ac1f6b8566c7PRICE', 'active', 'a9aef011-11c5-44bf-a41b-6e5002365f7ePRLIST', 'e3e7857f-689f-11e9-b7fd-ac1f6b8566c7', 89.0000),
('37a4c60f-8225-11e9-bba6-005056012f65PRICE', 'active', 'a9aef011-11c5-44bf-a41b-6e5002365f7ePRLIST', '37a4c60f-8225-11e9-bba6-005056012f65', 499.0000),
('8faac5c3-d622-11e9-b7ff-ac1f6b8569b3PRICE', 'active', 'a9aef011-11c5-44bf-a41b-6e5002365f7ePRLIST', '8faac5c3-d622-11e9-b7ff-ac1f6b8569b3', 179.0000),
('95710d42-689f-11e9-b7fd-ac1f6b8566c7PRICE', 'active', 'a9aef011-11c5-44bf-a41b-6e5002365f7ePRLIST', '95710d42-689f-11e9-b7fd-ac1f6b8566c7', 53.0000),
('95710d4f-689f-11e9-b7fd-ac1f6b8566c7PRICE', 'active', 'a9aef011-11c5-44bf-a41b-6e5002365f7ePRLIST', '95710d4f-689f-11e9-b7fd-ac1f6b8566c7', 86.0000),
('bed45a2b-7b26-11e9-bba6-005056012f65PRICE', 'active', 'a9aef011-11c5-44bf-a41b-6e5002365f7ePRLIST', 'bed45a2b-7b26-11e9-bba6-005056012f65', 189.0000),
('d36ff36d-cb3c-11e9-b7ff-ac1f6b8569b3PRICE', 'active', 'a9aef011-11c5-44bf-a41b-6e5002365f7ePRLIST', 'd36ff36d-cb3c-11e9-b7ff-ac1f6b8569b3', 269.0000),
('d7de9c8c-689f-11e9-b7fd-ac1f6b8566c7PRICE', 'active', 'a9aef011-11c5-44bf-a41b-6e5002365f7ePRLIST', 'd7de9c8c-689f-11e9-b7fd-ac1f6b8566c7', 139.0000),
('0326d817-877f-11e9-b7ff-ac1f6b8569b3PRICE', 'active', 'a9aef011-11c5-44bf-a41b-6e5002365f7ePRLIST', '0326d817-877f-11e9-b7ff-ac1f6b8569b3', 170.0000),
('0326d818-877f-11e9-b7ff-ac1f6b8569b3PRICE', 'active', 'a9aef011-11c5-44bf-a41b-6e5002365f7ePRLIST', '0326d818-877f-11e9-b7ff-ac1f6b8569b3', 99.0000),
('bed45a29-7b26-11e9-bba6-005056012f65PRICE', 'active', 'a9aef011-11c5-44bf-a41b-6e5002365f7ePRLIST', 'bed45a29-7b26-11e9-bba6-005056012f65', 189.0000),
('f2c351b5-9ef7-11e9-b7ff-ac1f6b8569b3PRICE', 'active', 'a9aef011-11c5-44bf-a41b-6e5002365f7ePRLIST', 'f2c351b5-9ef7-11e9-b7ff-ac1f6b8569b3', 279.0000),
('0326d832-877f-11e9-b7ff-ac1f6b8569b3PRICE', 'active', 'a9aef011-11c5-44bf-a41b-6e5002365f7ePRLIST', '0326d832-877f-11e9-b7ff-ac1f6b8569b3', 149.0000),
('198310ef-b1f1-11e9-b7ff-ac1f6b8569b3PRICE', 'active', 'a9aef011-11c5-44bf-a41b-6e5002365f7ePRLIST', '198310ef-b1f1-11e9-b7ff-ac1f6b8569b3', 399.0000),
('198310f0-b1f1-11e9-b7ff-ac1f6b8569b3PRICE', 'active', 'a9aef011-11c5-44bf-a41b-6e5002365f7ePRLIST', '198310f0-b1f1-11e9-b7ff-ac1f6b8569b3', 799.0000),
('198310f4-b1f1-11e9-b7ff-ac1f6b8569b3PRICE', 'active', 'a9aef011-11c5-44bf-a41b-6e5002365f7ePRLIST', '198310f4-b1f1-11e9-b7ff-ac1f6b8569b3', 249.0000),
('198310f5-b1f1-11e9-b7ff-ac1f6b8569b3PRICE', 'active', 'a9aef011-11c5-44bf-a41b-6e5002365f7ePRLIST', '198310f5-b1f1-11e9-b7ff-ac1f6b8569b3', 189.0000),
('198310f6-b1f1-11e9-b7ff-ac1f6b8569b3PRICE', 'active', 'a9aef011-11c5-44bf-a41b-6e5002365f7ePRLIST', '198310f6-b1f1-11e9-b7ff-ac1f6b8569b3', 349.0000),
('198310f7-b1f1-11e9-b7ff-ac1f6b8569b3PRICE', 'active', 'a9aef011-11c5-44bf-a41b-6e5002365f7ePRLIST', '198310f7-b1f1-11e9-b7ff-ac1f6b8569b3', 269.0000),
('2bca17b7-a9f5-11e9-b7ff-ac1f6b8569b3PRICE', 'active', 'a9aef011-11c5-44bf-a41b-6e5002365f7ePRLIST', '2bca17b7-a9f5-11e9-b7ff-ac1f6b8569b3', 109.0000),
('34b274db-a7b2-11e9-b7ff-ac1f6b8569b3PRICE', 'active', 'a9aef011-11c5-44bf-a41b-6e5002365f7ePRLIST', '34b274db-a7b2-11e9-b7ff-ac1f6b8569b3', 34.0000),
('34b274ed-a7b2-11e9-b7ff-ac1f6b8569b3PRICE', 'active', 'a9aef011-11c5-44bf-a41b-6e5002365f7ePRLIST', '34b274ed-a7b2-11e9-b7ff-ac1f6b8569b3', 919.0000),
('34b274ee-a7b2-11e9-b7ff-ac1f6b8569b3PRICE', 'active', 'a9aef011-11c5-44bf-a41b-6e5002365f7ePRLIST', '34b274ee-a7b2-11e9-b7ff-ac1f6b8569b3', 139.0000),
('46e90cbe-68f4-11e9-b7fd-ac1f6b8566c7PRICE', 'active', 'a9aef011-11c5-44bf-a41b-6e5002365f7ePRLIST', '46e90cbe-68f4-11e9-b7fd-ac1f6b8566c7', 59.0000),
('4ece2f9c-94bf-11e9-b7ff-ac1f6b8569b3PRICE', 'active', 'a9aef011-11c5-44bf-a41b-6e5002365f7ePRLIST', '4ece2f9c-94bf-11e9-b7ff-ac1f6b8569b3', 69.0000),
('4ece2faa-94bf-11e9-b7ff-ac1f6b8569b3PRICE', 'active', 'a9aef011-11c5-44bf-a41b-6e5002365f7ePRLIST', '4ece2faa-94bf-11e9-b7ff-ac1f6b8569b3', 149.0000),
('7efcb4a7-7828-11e9-b7ff-ac1f6b8566c7PRICE', 'active', 'a9aef011-11c5-44bf-a41b-6e5002365f7ePRLIST', '7efcb4a7-7828-11e9-b7ff-ac1f6b8566c7', 17.0000),
('7efcb4a8-7828-11e9-b7ff-ac1f6b8566c7PRICE', 'active', 'a9aef011-11c5-44bf-a41b-6e5002365f7ePRLIST', '7efcb4a8-7828-11e9-b7ff-ac1f6b8566c7', 19.0000),
('62a03ba5-c417-11e9-b7ff-ac1f6b8569b3PRICE', 'active', 'a9aef011-11c5-44bf-a41b-6e5002365f7ePRLIST', '62a03ba5-c417-11e9-b7ff-ac1f6b8569b3', 599.0000),
('62a03ba7-c417-11e9-b7ff-ac1f6b8569b3PRICE', 'active', 'a9aef011-11c5-44bf-a41b-6e5002365f7ePRLIST', '62a03ba7-c417-11e9-b7ff-ac1f6b8569b3', 499.0000),
('836d5980-689f-11e9-b7fd-ac1f6b8566c7PRICE', 'active', 'a9aef011-11c5-44bf-a41b-6e5002365f7ePRLIST', '836d5980-689f-11e9-b7fd-ac1f6b8566c7', 29.0000),
('88b4b63b-aa33-11e9-b7ff-ac1f6b8569b3PRICE', 'active', 'a9aef011-11c5-44bf-a41b-6e5002365f7ePRLIST', '88b4b63b-aa33-11e9-b7ff-ac1f6b8569b3', 359.0000),
('88b4b63c-aa33-11e9-b7ff-ac1f6b8569b3PRICE', 'active', 'a9aef011-11c5-44bf-a41b-6e5002365f7ePRLIST', '88b4b63c-aa33-11e9-b7ff-ac1f6b8569b3', 359.0000),
('88b4b645-aa33-11e9-b7ff-ac1f6b8569b3PRICE', 'active', 'a9aef011-11c5-44bf-a41b-6e5002365f7ePRLIST', '88b4b645-aa33-11e9-b7ff-ac1f6b8569b3', 0.0000),
('88b4b64a-aa33-11e9-b7ff-ac1f6b8569b3PRICE', 'active', 'a9aef011-11c5-44bf-a41b-6e5002365f7ePRLIST', '88b4b64a-aa33-11e9-b7ff-ac1f6b8569b3', 49.0000),
('88b4b652-aa33-11e9-b7ff-ac1f6b8569b3PRICE', 'active', 'a9aef011-11c5-44bf-a41b-6e5002365f7ePRLIST', '88b4b652-aa33-11e9-b7ff-ac1f6b8569b3', 49.0000),
('88b4b661-aa33-11e9-b7ff-ac1f6b8569b3PRICE', 'active', 'a9aef011-11c5-44bf-a41b-6e5002365f7ePRLIST', '88b4b661-aa33-11e9-b7ff-ac1f6b8569b3', 319.0000),
('8faac5c5-d622-11e9-b7ff-ac1f6b8569b3PRICE', 'active', 'a9aef011-11c5-44bf-a41b-6e5002365f7ePRLIST', '8faac5c5-d622-11e9-b7ff-ac1f6b8569b3', 249.0000),
('a259828a-7b26-11e9-bba6-005056012f65PRICE', 'active', 'a9aef011-11c5-44bf-a41b-6e5002365f7ePRLIST', 'a259828a-7b26-11e9-bba6-005056012f65', 359.0000),
('88b4b622-aa33-11e9-b7ff-ac1f6b8569b3PRICE', 'active', 'a9aef011-11c5-44bf-a41b-6e5002365f7ePRLIST', '88b4b622-aa33-11e9-b7ff-ac1f6b8569b3', 39.0000),
('34b274e2-a7b2-11e9-b7ff-ac1f6b8569b3PRICE', 'active', 'a9aef011-11c5-44bf-a41b-6e5002365f7ePRLIST', '34b274e2-a7b2-11e9-b7ff-ac1f6b8569b3', 159.0000),
('88b4b662-aa33-11e9-b7ff-ac1f6b8569b3PRICE', 'active', 'a9aef011-11c5-44bf-a41b-6e5002365f7ePRLIST', '88b4b662-aa33-11e9-b7ff-ac1f6b8569b3', 149.0000),
('88b4b663-aa33-11e9-b7ff-ac1f6b8569b3PRICE', 'active', 'a9aef011-11c5-44bf-a41b-6e5002365f7ePRLIST', '88b4b663-aa33-11e9-b7ff-ac1f6b8569b3', 99.0000),
('88b4b66e-aa33-11e9-b7ff-ac1f6b8569b3PRICE', 'active', 'a9aef011-11c5-44bf-a41b-6e5002365f7ePRLIST', '88b4b66e-aa33-11e9-b7ff-ac1f6b8569b3', 189.0000),
('89790b6c-689f-11e9-b7fd-ac1f6b8566c7PRICE', 'active', 'a9aef011-11c5-44bf-a41b-6e5002365f7ePRLIST', '89790b6c-689f-11e9-b7fd-ac1f6b8566c7', 99.0000),
('89cc6837-cb1e-11e9-b7ff-ac1f6b8569b3PRICE', 'active', 'a9aef011-11c5-44bf-a41b-6e5002365f7ePRLIST', '89cc6837-cb1e-11e9-b7ff-ac1f6b8569b3', 129.0000),
('89cc683a-cb1e-11e9-b7ff-ac1f6b8569b3PRICE', 'active', 'a9aef011-11c5-44bf-a41b-6e5002365f7ePRLIST', '89cc683a-cb1e-11e9-b7ff-ac1f6b8569b3', 79.0000),
('f2c351cf-9ef7-11e9-b7ff-ac1f6b8569b3PRICE', 'active', 'a9aef011-11c5-44bf-a41b-6e5002365f7ePRLIST', 'f2c351cf-9ef7-11e9-b7ff-ac1f6b8569b3', 159.0000),
('60cad25d-b1f0-11e9-b7ff-ac1f6b8569b3PRICE', 'active', 'a9aef011-11c5-44bf-a41b-6e5002365f7ePRLIST', '60cad25d-b1f0-11e9-b7ff-ac1f6b8569b3', 759.0000),
('62a03ba6-c417-11e9-b7ff-ac1f6b8569b3PRICE', 'active', 'a9aef011-11c5-44bf-a41b-6e5002365f7ePRLIST', '62a03ba6-c417-11e9-b7ff-ac1f6b8569b3', 599.0000),
('941a2f7c-77ff-11e9-b7ff-ac1f6b8566c7PRICE', 'active', 'a9aef011-11c5-44bf-a41b-6e5002365f7ePRLIST', '941a2f7c-77ff-11e9-b7ff-ac1f6b8566c7', 194.9000),
('941a2f7d-77ff-11e9-b7ff-ac1f6b8566c7PRICE', 'active', 'a9aef011-11c5-44bf-a41b-6e5002365f7ePRLIST', '941a2f7d-77ff-11e9-b7ff-ac1f6b8566c7', 209.0000),
('941a2f7e-77ff-11e9-b7ff-ac1f6b8566c7PRICE', 'active', 'a9aef011-11c5-44bf-a41b-6e5002365f7ePRLIST', '941a2f7e-77ff-11e9-b7ff-ac1f6b8566c7', 209.0000),
('0326d81b-877f-11e9-b7ff-ac1f6b8569b3PRICE', 'active', 'a9aef011-11c5-44bf-a41b-6e5002365f7ePRLIST', '0326d81b-877f-11e9-b7ff-ac1f6b8569b3', 99.0000),
('0326d81c-877f-11e9-b7ff-ac1f6b8569b3PRICE', 'active', 'a9aef011-11c5-44bf-a41b-6e5002365f7ePRLIST', '0326d81c-877f-11e9-b7ff-ac1f6b8569b3', 75.0000),
('0326d81d-877f-11e9-b7ff-ac1f6b8569b3PRICE', 'active', 'a9aef011-11c5-44bf-a41b-6e5002365f7ePRLIST', '0326d81d-877f-11e9-b7ff-ac1f6b8569b3', 45.0000),
('0326d81f-877f-11e9-b7ff-ac1f6b8569b3PRICE', 'active', 'a9aef011-11c5-44bf-a41b-6e5002365f7ePRLIST', '0326d81f-877f-11e9-b7ff-ac1f6b8569b3', 79.0000),
('0326d831-877f-11e9-b7ff-ac1f6b8569b3PRICE', 'active', 'a9aef011-11c5-44bf-a41b-6e5002365f7ePRLIST', '0326d831-877f-11e9-b7ff-ac1f6b8569b3', 59.0000),
('95710d51-689f-11e9-b7fd-ac1f6b8566c7PRICE', 'active', 'a9aef011-11c5-44bf-a41b-6e5002365f7ePRLIST', '95710d51-689f-11e9-b7fd-ac1f6b8566c7', 99.0000),
('96068a07-68f0-11e9-b7fd-ac1f6b8566c7PRICE', 'active', 'a9aef011-11c5-44bf-a41b-6e5002365f7ePRLIST', '96068a07-68f0-11e9-b7fd-ac1f6b8566c7', 79.0000),
('9a269bfd-77ff-11e9-b7ff-ac1f6b8566c7PRICE', 'active', 'a9aef011-11c5-44bf-a41b-6e5002365f7ePRLIST', '9a269bfd-77ff-11e9-b7ff-ac1f6b8566c7', 85.0000),
('9a862526-c432-11e9-b7ff-ac1f6b8569b3PRICE', 'active', 'a9aef011-11c5-44bf-a41b-6e5002365f7ePRLIST', '9a862526-c432-11e9-b7ff-ac1f6b8569b3', 9.0000),
('9b730440-689f-11e9-b7fd-ac1f6b8566c7PRICE', 'active', 'a9aef011-11c5-44bf-a41b-6e5002365f7ePRLIST', '9b730440-689f-11e9-b7fd-ac1f6b8566c7', 699.0000),
('0793ce16-c8cb-11e9-b7ff-ac1f6b8569b3PRICE', 'active', 'a9aef011-11c5-44bf-a41b-6e5002365f7ePRLIST', '0793ce16-c8cb-11e9-b7ff-ac1f6b8569b3', 100.0000),
('0793ce17-c8cb-11e9-b7ff-ac1f6b8569b3PRICE', 'active', 'a9aef011-11c5-44bf-a41b-6e5002365f7ePRLIST', '0793ce17-c8cb-11e9-b7ff-ac1f6b8569b3', 100.0000),
('13bb8523-c8cb-11e9-b7ff-ac1f6b8569b3PRICE', 'active', 'a9aef011-11c5-44bf-a41b-6e5002365f7ePRLIST', '13bb8523-c8cb-11e9-b7ff-ac1f6b8569b3', 181.0000),
('9b730452-689f-11e9-b7fd-ac1f6b8566c7PRICE', 'active', 'a9aef011-11c5-44bf-a41b-6e5002365f7ePRLIST', '9b730452-689f-11e9-b7fd-ac1f6b8566c7', 49.0000),
('a0251fa3-77ff-11e9-b7ff-ac1f6b8566c7PRICE', 'active', 'a9aef011-11c5-44bf-a41b-6e5002365f7ePRLIST', 'a0251fa3-77ff-11e9-b7ff-ac1f6b8566c7', 109.9000),
('a17a11d9-689f-11e9-b7fd-ac1f6b8566c7PRICE', 'active', 'a9aef011-11c5-44bf-a41b-6e5002365f7ePRLIST', 'a17a11d9-689f-11e9-b7fd-ac1f6b8566c7', 34.0000),
('a17a11db-689f-11e9-b7fd-ac1f6b8566c7PRICE', 'active', 'a9aef011-11c5-44bf-a41b-6e5002365f7ePRLIST', 'a17a11db-689f-11e9-b7fd-ac1f6b8566c7', 49.0000),
('a17a11ef-689f-11e9-b7fd-ac1f6b8566c7PRICE', 'active', 'a9aef011-11c5-44bf-a41b-6e5002365f7ePRLIST', 'a17a11ef-689f-11e9-b7fd-ac1f6b8566c7', 79.0000),
('a259828c-7b26-11e9-bba6-005056012f65PRICE', 'active', 'a9aef011-11c5-44bf-a41b-6e5002365f7ePRLIST', 'a259828c-7b26-11e9-bba6-005056012f65', 299.0000),
('ad948a61-689f-11e9-b7fd-ac1f6b8566c7PRICE', 'active', 'a9aef011-11c5-44bf-a41b-6e5002365f7ePRLIST', 'ad948a61-689f-11e9-b7fd-ac1f6b8566c7', 599.0000),
('b3a00ad9-689f-11e9-b7fd-ac1f6b8566c7PRICE', 'active', 'a9aef011-11c5-44bf-a41b-6e5002365f7ePRLIST', 'b3a00ad9-689f-11e9-b7fd-ac1f6b8566c7', 79.0000),
('b3a00adb-689f-11e9-b7fd-ac1f6b8566c7PRICE', 'active', 'a9aef011-11c5-44bf-a41b-6e5002365f7ePRLIST', 'b3a00adb-689f-11e9-b7fd-ac1f6b8566c7', 54.0000),
('b3a00af4-689f-11e9-b7fd-ac1f6b8566c7PRICE', 'active', 'a9aef011-11c5-44bf-a41b-6e5002365f7ePRLIST', 'b3a00af4-689f-11e9-b7fd-ac1f6b8566c7', 199.0000),
('b9b79000-689f-11e9-b7fd-ac1f6b8566c7PRICE', 'active', 'a9aef011-11c5-44bf-a41b-6e5002365f7ePRLIST', 'b9b79000-689f-11e9-b7fd-ac1f6b8566c7', 69.0000),
('b9b7901d-689f-11e9-b7fd-ac1f6b8566c7PRICE', 'active', 'a9aef011-11c5-44bf-a41b-6e5002365f7ePRLIST', 'b9b7901d-689f-11e9-b7fd-ac1f6b8566c7', 309.0000),
('c34deae1-c42f-11e9-b7ff-ac1f6b8569b3PRICE', 'active', 'a9aef011-11c5-44bf-a41b-6e5002365f7ePRLIST', 'c34deae1-c42f-11e9-b7ff-ac1f6b8569b3', 59.0000),
('c5c9cc7c-689f-11e9-b7fd-ac1f6b8566c7PRICE', 'active', 'a9aef011-11c5-44bf-a41b-6e5002365f7ePRLIST', 'c5c9cc7c-689f-11e9-b7fd-ac1f6b8566c7', 109.0000),
('cbbfd76d-689f-11e9-b7fd-ac1f6b8566c7PRICE', 'active', 'a9aef011-11c5-44bf-a41b-6e5002365f7ePRLIST', 'cbbfd76d-689f-11e9-b7fd-ac1f6b8566c7', 165.0000),
('d1cb9b81-689f-11e9-b7fd-ac1f6b8566c7PRICE', 'active', 'a9aef011-11c5-44bf-a41b-6e5002365f7ePRLIST', 'd1cb9b81-689f-11e9-b7fd-ac1f6b8566c7', 99.0000),
('d25f1b11-b792-11e9-b7ff-ac1f6b8569b3PRICE', 'active', 'a9aef011-11c5-44bf-a41b-6e5002365f7ePRLIST', 'd25f1b11-b792-11e9-b7ff-ac1f6b8569b3', 139.0000),
('d36ff352-cb3c-11e9-b7ff-ac1f6b8569b3PRICE', 'active', 'a9aef011-11c5-44bf-a41b-6e5002365f7ePRLIST', 'd36ff352-cb3c-11e9-b7ff-ac1f6b8569b3', 199.0000),
('d36ff357-cb3c-11e9-b7ff-ac1f6b8569b3PRICE', 'active', 'a9aef011-11c5-44bf-a41b-6e5002365f7ePRLIST', 'd36ff357-cb3c-11e9-b7ff-ac1f6b8569b3', 179.0000),
('d36ff36a-cb3c-11e9-b7ff-ac1f6b8569b3PRICE', 'active', 'a9aef011-11c5-44bf-a41b-6e5002365f7ePRLIST', 'd36ff36a-cb3c-11e9-b7ff-ac1f6b8569b3', 199.0000),
('ddec7f72-689f-11e9-b7fd-ac1f6b8566c7PRICE', 'active', 'a9aef011-11c5-44bf-a41b-6e5002365f7ePRLIST', 'ddec7f72-689f-11e9-b7fd-ac1f6b8566c7', 119.0000),
('ddec7f73-689f-11e9-b7fd-ac1f6b8566c7PRICE', 'active', 'a9aef011-11c5-44bf-a41b-6e5002365f7ePRLIST', 'ddec7f73-689f-11e9-b7fd-ac1f6b8566c7', 82.9000),
('fd11cadb-877e-11e9-b7ff-ac1f6b8569b3PRICE', 'active', 'a9aef011-11c5-44bf-a41b-6e5002365f7ePRLIST', 'fd11cadb-877e-11e9-b7ff-ac1f6b8569b3', 99.0000),
('fd11cade-877e-11e9-b7ff-ac1f6b8569b3PRICE', 'active', 'a9aef011-11c5-44bf-a41b-6e5002365f7ePRLIST', 'fd11cade-877e-11e9-b7ff-ac1f6b8569b3', 149.0000),
('fd11cadf-877e-11e9-b7ff-ac1f6b8569b3PRICE', 'active', 'a9aef011-11c5-44bf-a41b-6e5002365f7ePRLIST', 'fd11cadf-877e-11e9-b7ff-ac1f6b8569b3', 169.0000),
('fd11cae0-877e-11e9-b7ff-ac1f6b8569b3PRICE', 'active', 'a9aef011-11c5-44bf-a41b-6e5002365f7ePRLIST', 'fd11cae0-877e-11e9-b7ff-ac1f6b8569b3', 149.0000),
('fd11cae1-877e-11e9-b7ff-ac1f6b8569b3PRICE', 'active', 'a9aef011-11c5-44bf-a41b-6e5002365f7ePRLIST', 'fd11cae1-877e-11e9-b7ff-ac1f6b8569b3', 149.0000),
('fd11cae2-877e-11e9-b7ff-ac1f6b8569b3PRICE', 'active', 'a9aef011-11c5-44bf-a41b-6e5002365f7ePRLIST', 'fd11cae2-877e-11e9-b7ff-ac1f6b8569b3', 99.0000),
('fd11cae3-877e-11e9-b7ff-ac1f6b8569b3PRICE', 'active', 'a9aef011-11c5-44bf-a41b-6e5002365f7ePRLIST', 'fd11cae3-877e-11e9-b7ff-ac1f6b8569b3', 99.0000),
('fd11cae5-877e-11e9-b7ff-ac1f6b8569b3PRICE', 'active', 'a9aef011-11c5-44bf-a41b-6e5002365f7ePRLIST', 'fd11cae5-877e-11e9-b7ff-ac1f6b8569b3', 149.0000),
('fd11caf3-877e-11e9-b7ff-ac1f6b8569b3PRICE', 'active', 'a9aef011-11c5-44bf-a41b-6e5002365f7ePRLIST', 'fd11caf3-877e-11e9-b7ff-ac1f6b8569b3', 95.0000),
('2ede2faf-f4ba-2109-57ef-5c1f6b8569b1PRICE', 'active', 'a9aef011-11c5-44bf-a41b-6e5002365f7ePRLIST', '2ede2faf-f4ba-2109-57ef-5c1f6b8569b1', 149.0000),
('2ede2faf-f4ba-2109-57ef-5c1f6b8569b2PRICE', 'active', 'a9aef011-11c5-44bf-a41b-6e5002365f7ePRLIST', '2ede2faf-f4ba-2109-57ef-5c1f6b8569b2', 149.0000),
('1d702d85-909c-4d41-b242-62180fb68ff7PRICE', 'active', 'a9aef011-11c5-44bf-a41b-6e5002365f7ePRLIST', '1d702d85-909c-4d41-b242-62180fb68ff7', 119.0000)
;

