INSERT INTO etag_data.states (
  driver_id_id,
  valid_since,
  data,
  is_sequence_start
)
VALUES
(
  IdId('driverSS', '1488'),
  '2018-11-26T22:00:00',
  '{
      "state": {"status": "no_state"},
      "usages": {
          "home": {
              "start_screen_usages": {
                  "title": "{\"limit_count\":2,\"period\":\"day\",\"tanker_key\":\"home\",\"used_count\":0}\n",
                  "subtitle": "{\"period\":\"day\",\"tanker_key\":\"home\"}\n"
              },
              "usage_allowed": true,
              "usage_limit_dialog": {
                  "body": "{\"period\":\"day\",\"tanker_key\":\"home\"}\n",
                  "title": "{\"tanker_key\":\"home\"}\n"
              }
          },
          "my_district": {
              "start_screen_usages": {
                  "title": "{\"limit_duration\":360,\"period\":\"week\",\"tanker_key\":\"my_district\",\"used_duration\":0}\n",
                  "subtitle": "{\"period\":\"week\",\"tanker_key\":\"my_district\"}\n"
              },
              "usage_allowed": true,
              "usage_limit_dialog": {
                  "body": "{\"period\":\"week\",\"tanker_key\":\"my_district\"}\n",
                  "title": "{\"tanker_key\":\"my_district\"}\n"
              }
          },
          "poi": {
              "start_screen_usages": {
                  "title": "{\"limit_count\":7,\"period\":\"week\",\"tanker_key\":\"poi\",\"used_count\":0}\n",
                  "subtitle": "{\"period\":\"week\",\"tanker_key\":\"poi\"}\n"
              },
              "usage_allowed": true,
              "usage_limit_dialog": {
                  "body": "{\"period\":\"week\",\"tanker_key\":\"poi\"}\n",
                  "title": "{\"tanker_key\":\"poi\"}\n"
              }
          },
          "SuperSurge": {
              "start_screen_usages": {"title": "", "subtitle": ""},
              "usage_allowed": true,
              "usage_limit_dialog": {"body": "", "title": ""}
          }
      }
  }',
  true
),
(
  IdId('driverSS', '1488'),
  '2018-11-27T21:00:00',
  '{
      "state": {"status": "no_state"},
      "usages": {
          "home": {
              "start_screen_usages": {
                  "title": "{\"limit_count\":2,\"period\":\"day\",\"tanker_key\":\"home\",\"used_count\":0}\n",
                  "subtitle": "{\"period\":\"day\",\"tanker_key\":\"home\"}\n"
              },
              "usage_allowed": true,
              "usage_limit_dialog": {
                  "body": "{\"period\":\"day\",\"tanker_key\":\"home\"}\n",
                  "title": "{\"tanker_key\":\"home\"}\n"
              }
          },
          "my_district": {
              "start_screen_usages": {
                  "title": "{\"limit_duration\":360,\"period\":\"week\",\"tanker_key\":\"my_district\",\"used_duration\":0}\n",
                  "subtitle": "{\"period\":\"week\",\"tanker_key\":\"my_district\"}\n"
              },
              "usage_allowed": true,
              "usage_limit_dialog": {
                  "body": "{\"period\":\"week\",\"tanker_key\":\"my_district\"}\n",
                  "title": "{\"tanker_key\":\"my_district\"}\n"
              }
          },
          "poi": {
              "start_screen_usages": {
                  "title": "{\"limit_count\":7,\"period\":\"week\",\"tanker_key\":\"poi\",\"used_count\":0}\n",
                  "subtitle": "{\"period\":\"week\",\"tanker_key\":\"poi\"}\n"
              },
              "usage_allowed": true,
              "usage_limit_dialog": {
                  "body": "{\"period\":\"week\",\"tanker_key\":\"poi\"}\n",
                  "title": "{\"tanker_key\":\"poi\"}\n"
              }
          },
          "SuperSurge": {
              "start_screen_usages": {"title": "", "subtitle": ""},
              "usage_allowed": true,
              "usage_limit_dialog": {"body": "", "title": ""}
          }
      }
  }',
  false
),
(
  IdId('driverSS', '1488'),
  '2018-12-02T21:00:00',
  '{
      "state": {"status": "no_state"},
      "usages": {
          "home": {
              "start_screen_usages": {
                  "title": "{\"limit_count\":2,\"period\":\"day\",\"tanker_key\":\"home\",\"used_count\":0}\n",
                  "subtitle": "{\"period\":\"day\",\"tanker_key\":\"home\"}\n"
              },
              "usage_allowed": true,
              "usage_limit_dialog": {
                  "body": "{\"period\":\"day\",\"tanker_key\":\"home\"}\n",
                  "title": "{\"tanker_key\":\"home\"}\n"
              }
          },
          "my_district": {
              "start_screen_usages": {
                  "title": "{\"limit_duration\":360,\"period\":\"week\",\"tanker_key\":\"my_district\",\"used_duration\":0}\n",
                  "subtitle": "{\"period\":\"week\",\"tanker_key\":\"my_district\"}\n"
              },
              "usage_allowed": true,
              "usage_limit_dialog": {
                  "body": "{\"period\":\"week\",\"tanker_key\":\"my_district\"}\n",
                  "title": "{\"tanker_key\":\"my_district\"}\n"
              }
          },
          "poi": {
              "start_screen_usages": {
                  "title": "{\"limit_count\":7,\"period\":\"week\",\"tanker_key\":\"poi\",\"used_count\":0}\n",
                  "subtitle": "{\"period\":\"week\",\"tanker_key\":\"poi\"}\n"
              },
              "usage_allowed": true,
              "usage_limit_dialog": {
                  "body": "{\"period\":\"week\",\"tanker_key\":\"poi\"}\n",
                  "title": "{\"tanker_key\":\"poi\"}\n"
              }
          },
          "SuperSurge": {
              "start_screen_usages": {"title": "", "subtitle": ""},
              "usage_allowed": true,
              "usage_limit_dialog": {"body": "", "title": ""}
          }
      }
  }',
  false
),
(
  IdId('uuid', 'dbid777'),
  '2018-11-26T22:00:00',
  '{
      "state": {
          "location": {
              "id": "4q2Volej25ejNmGQ",
              "point": [3.0, 4.0],
              "address": {
                  "title": "some address",
                  "subtitle": "Postgresql"
              },
              "type": "point"
          },
          "mode_id": "home",
          "session_id": "q2VolejRRPejNmGQ",
          "started_at": "2018-11-26T20:11:00.540859+00:00",
          "status": "active",
          "active_panel": {
              "title": "{\"tanker_key\":\"home\"}\n",
              "subtitle": "{\"tanker_key\":\"home\"}\n"
          },
          "finish_dialog": {
              "title": "{\"tanker_key\":\"home\"}\n",
              "body": "{\"tanker_key\":\"home\"}\n"
          },
          "restrictions": [],
          "client_attributes": {}
      },
      "usages": {
          "home": {
              "start_screen_usages": {
                  "title": "{\"limit_count\":2,\"period\":\"day\",\"tanker_key\":\"home\",\"used_count\":1}\n",
                  "subtitle": "{\"period\":\"day\",\"tanker_key\":\"home\"}\n"
              },
              "usage_allowed": true,
              "usage_limit_dialog": {
                  "body": "{\"period\":\"day\",\"tanker_key\":\"home\"}\n",
                  "title": "{\"tanker_key\":\"home\"}\n"
              }
          },
          "SuperSurge": {
              "start_screen_usages": {"title": "", "subtitle": ""},
              "usage_allowed": true,
              "usage_limit_dialog": {"body": "", "title": ""}
          }
      }
  }',
  true
),
(
  IdId('uuid', 'dbid777'),
  '2018-11-27T00:00:00',
  '{
      "state": {
          "location": {
              "id": "4q2Volej25ejNmGQ",
              "point": [3.0, 4.0],
              "address": {
                  "title": "some address",
                  "subtitle": "Postgresql"
              },
              "type": "point"
          },
          "mode_id": "home",
          "session_id": "q2VolejRRPejNmGQ",
          "started_at": "2018-11-26T20:11:00.540859+00:00",
          "status": "active",
          "active_panel": {
              "title": "{\"tanker_key\":\"home\"}\n",
              "subtitle": "{\"tanker_key\":\"home\"}\n"
          },
          "finish_dialog": {
              "title": "{\"tanker_key\":\"home\"}\n",
              "body": "{\"tanker_key\":\"home\"}\n"
          },
          "restrictions": [],
          "client_attributes": {}
      },
      "usages": {
          "home": {
              "start_screen_usages": {
                  "title": "{\"limit_count\":2,\"period\":\"day\",\"tanker_key\":\"home\",\"used_count\":0}\n",
                  "subtitle": "{\"period\":\"day\",\"tanker_key\":\"home\"}\n"
              },
              "usage_allowed": true,
              "usage_limit_dialog": {
                  "body": "{\"period\":\"day\",\"tanker_key\":\"home\"}\n",
                  "title": "{\"tanker_key\":\"home\"}\n"
              }
          },
          "SuperSurge": {
              "start_screen_usages": {"title": "", "subtitle": ""},
              "usage_allowed": true,
              "usage_limit_dialog": {"body": "", "title": ""}
          }
      }
  }',
  false
),
(
  IdId('uuid', 'dbid777'),
  '2018-12-03T00:00:00',
  '{
      "state": {
          "location": {
              "id": "4q2Volej25ejNmGQ",
              "point": [3.0, 4.0],
              "address": {
                  "title": "some address",
                  "subtitle": "Postgresql"
              },
              "type": "point"
          },
          "mode_id": "home",
          "session_id": "q2VolejRRPejNmGQ",
          "started_at": "2018-11-26T20:11:00.540859+00:00",
          "status": "active",
          "active_panel": {
              "title": "{\"tanker_key\":\"home\"}\n",
              "subtitle": "{\"tanker_key\":\"home\"}\n"
          },
          "finish_dialog": {
              "title": "{\"tanker_key\":\"home\"}\n",
              "body": "{\"tanker_key\":\"home\"}\n"
          },
          "restrictions": [],
          "client_attributes": {}
      },
      "usages": {
          "home": {
              "start_screen_usages": {
                  "title": "{\"limit_count\":2,\"period\":\"day\",\"tanker_key\":\"home\",\"used_count\":0}\n",
                  "subtitle": "{\"period\":\"day\",\"tanker_key\":\"home\"}\n"
              },
              "usage_allowed": true,
              "usage_limit_dialog": {
                  "body": "{\"period\":\"day\",\"tanker_key\":\"home\"}\n",
                  "title": "{\"tanker_key\":\"home\"}\n"
              }
          },
          "SuperSurge": {
              "start_screen_usages": {"title": "", "subtitle": ""},
              "usage_allowed": true,
              "usage_limit_dialog": {"body": "", "title": ""}
          }
      }
  }',
  false
),
(
  IdId('uuid1', 'dbid777'),
  '2018-11-26T22:00:00',
  '{
      "state": {
          "session_id": "3GWpmbkRRNazJn4K",
          "status": "disabled",
          "client_attributes": {}
      },
      "usages": {
          "home": {
              "start_screen_usages": {
                  "title": "{\"limit_count\":2,\"period\":\"day\",\"tanker_key\":\"home\",\"used_count\":0}\n",
                  "subtitle": "{\"period\":\"day\",\"tanker_key\":\"home\"}\n"
              },
              "usage_allowed": true,
              "usage_limit_dialog": {
                  "body": "{\"period\":\"day\",\"tanker_key\":\"home\"}\n",
                  "title": "{\"tanker_key\":\"home\"}\n"
              }
          },
          "poi": {
              "start_screen_usages": {
                  "title": "{\"limit_count\":7,\"period\":\"week\",\"tanker_key\":\"poi\",\"used_count\":0}\n",
                  "subtitle": "{\"period\":\"week\",\"tanker_key\":\"poi\"}\n"
              },
              "usage_allowed": true,
              "usage_limit_dialog": {
                  "body": "{\"period\":\"week\",\"tanker_key\":\"poi\"}\n",
                  "title": "{\"tanker_key\":\"poi\"}\n"
              }
          },
          "SuperSurge": {
              "start_screen_usages": {"title": "", "subtitle": ""},
              "usage_allowed": true,
              "usage_limit_dialog": {"body": "", "title": ""}
          }
      }
  }',
  true
),
(
  IdId('uuid1', 'dbid777'),
  '2018-11-27T00:00:00',
  '{
      "state": {
          "session_id": "3GWpmbkRRNazJn4K",
          "status": "disabled",
          "client_attributes": {}
      },
      "usages": {
          "home": {
              "start_screen_usages": {
                  "title": "{\"limit_count\":2,\"period\":\"day\",\"tanker_key\":\"home\",\"used_count\":0}\n",
                  "subtitle": "{\"period\":\"day\",\"tanker_key\":\"home\"}\n"
              },
              "usage_allowed": true,
              "usage_limit_dialog": {
                  "body": "{\"period\":\"day\",\"tanker_key\":\"home\"}\n",
                  "title": "{\"tanker_key\":\"home\"}\n"
              }
          },
          "poi": {
              "start_screen_usages": {
                  "title": "{\"limit_count\":7,\"period\":\"week\",\"tanker_key\":\"poi\",\"used_count\":0}\n",
                  "subtitle": "{\"period\":\"week\",\"tanker_key\":\"poi\"}\n"
              },
              "usage_allowed": true,
              "usage_limit_dialog": {
                  "body": "{\"period\":\"week\",\"tanker_key\":\"poi\"}\n",
                  "title": "{\"tanker_key\":\"poi\"}\n"
              }
          },
          "SuperSurge": {
              "start_screen_usages": {"title": "", "subtitle": ""},
              "usage_allowed": true,
              "usage_limit_dialog": {"body": "", "title": ""}
          }
      }
  }',
  false
),
(
  IdId('uuid1', 'dbid777'),
  '2018-12-03T00:00:00',
  '{
      "state": {
          "session_id": "3GWpmbkRRNazJn4K",
          "status": "disabled",
          "client_attributes": {}
      },
      "usages": {
          "home": {
              "start_screen_usages": {
                  "title": "{\"limit_count\":2,\"period\":\"day\",\"tanker_key\":\"home\",\"used_count\":0}\n",
                  "subtitle": "{\"period\":\"day\",\"tanker_key\":\"home\"}\n"
              },
              "usage_allowed": true,
              "usage_limit_dialog": {
                  "body": "{\"period\":\"day\",\"tanker_key\":\"home\"}\n",
                  "title": "{\"tanker_key\":\"home\"}\n"
              }
          },
          "poi": {
              "start_screen_usages": {
                  "title": "{\"limit_count\":7,\"period\":\"week\",\"tanker_key\":\"poi\",\"used_count\":0}\n",
                  "subtitle": "{\"period\":\"week\",\"tanker_key\":\"poi\"}\n"
              },
              "usage_allowed": true,
              "usage_limit_dialog": {
                  "body": "{\"period\":\"week\",\"tanker_key\":\"poi\"}\n",
                  "title": "{\"tanker_key\":\"poi\"}\n"
              }
          },
          "SuperSurge": {
              "start_screen_usages": {"title": "", "subtitle": ""},
              "usage_allowed": true,
              "usage_limit_dialog": {"body": "", "title": ""}
          }
      }
  }',
  false
);

INSERT INTO etag_data.offered_modes (
  driver_id_id,
  valid_since,
  data,
  is_sequence_start
)
VALUES
(
  IdId('driverSS', '1488'),
  '2018-11-26T22:00:00',
  '{
      "SuperSurge": {
          "restrictions": [],
          "client_attributes": {},
          "ready_panel": {
              "subtitle": "{\"tanker_key\":\"SuperSurge\"}\n",
              "title": "{\"tanker_key\":\"SuperSurge\"}\n"
          },
          "locations": {
              "4q2VolejNlejNmGQ": {
                  "description": "some text #1",
                  "destination_radius": 100.0,
                  "expires_at": "2018-11-27T22:00:00+00:00",
                  "image_id": "icon_1",
                  "location": {
                      "id": "4q2VolejNlejNmGQ",
                      "point": [31.0, 61.0],
                      "address": {
                          "title": "some address_1",
                          "subtitle": "Postgresql_1"
                      },
                      "type": "point"
                  },
                  "offered_at": "2018-11-26T22:00:00+00:00",
                  "restrictions": []
              }
          }
      }
  }',
  true
),
(
  IdId('uuid', 'dbid777'),
  '2018-11-26T22:00:00',
  '{}',
  true
),
(
  IdId('uuid1', 'dbid777'),
  '2018-11-26T22:00:00',
  '{}',
  true
);

INSERT INTO etag_data.modes (
  driver_id_id,
  valid_since,
  data,
  is_sequence_start
)
VALUES
(
  IdId('driverSS', '1488'),
  '2018-11-26T22:00:00',
  '{
      "poi": {
          "type": "free_point",
          "locations": {},
          "ready_panel": {
              "title": "{\"tanker_key\":\"poi\"}\n",
              "subtitle": "{\"tanker_key\":\"poi\"}\n"
          },
          "restrictions": [],
          "tutorial_body": "{\"day_limit\":1,\"tanker_key\":\"poi\",\"week_limit\":7}\n",
          "client_attributes": {},
          "start_screen_subtitle": "{\"tanker_key\":\"poi\"}\n"
      },
      "home": {
          "type": "single_point",
          "location": {
              "name": "home_name_1",
              "is_valid": true,
              "location": {
                  "type": "point",
                  "id": "4q2VolejNlejNmGQ",
                  "point": [1.0, 2.0],
                  "address": {
                      "title": "home_address_1",
                      "subtitle": "city"
                  }
              }
          },
          "ready_panel": {
              "title": "{\"tanker_key\":\"home\"}\n",
              "subtitle": "{\"tanker_key\":\"home\"}\n"
          },
          "restrictions": [],
          "tutorial_body": "{\"day_limit\":2,\"tanker_key\":\"home\"}\n",
          "change_allowed": false,
          "client_attributes": {},
          "start_screen_subtitle": "{\"tanker_key\":\"home\"}\n",
          "address_change_alert_dialog": {
              "body": "{\"days\":4,\"tanker_key\":\"home\"}\n",
              "title": "{\"tanker_key\":\"home\"}\n"
          },
          "address_change_forbidden_dialog": {
              "body": "{\"next_change_date\":1543536000,\"tanker_key\":\"home\"}\n",
              "title": "{\"tanker_key\":\"home\"}\n"
          }
      },
      "my_district": {
          "type": "in_area",
          "ready_panel": {
              "title": "{\"tanker_key\":\"my_district\"}\n",
              "subtitle": "{\"tanker_key\":\"my_district\"}\n"
          },
          "restrictions": [],
          "tutorial_body": "{\"day_duration_limit\":120,\"tanker_key\":\"my_district\",\"week_duration_limit\":360}\n",
          "client_attributes": {},
          "highlighted_radius": 91000,
          "max_allowed_radius": 180000,
          "min_allowed_radius": 2000,
          "start_screen_subtitle": "{\"tanker_key\":\"my_district\"}\n",
          "submodes_info": {
              "highlighted_submode_id": "90",
              "submodes": {
                  "30": {
                      "name": "{\"mode_tanker_key\":\"my_district\",\"tanker_key\":\"30\"}\n",
                      "subname": "{\"mode_tanker_key\":\"my_district\",\"tanker_key\":\"30\"}\n",
                      "order": 1,
                      "restrictions": []
                  },
                  "90": {
                      "name": "{\"mode_tanker_key\":\"my_district\",\"tanker_key\":\"90\"}\n",
                      "subname": "{\"mode_tanker_key\":\"my_district\",\"tanker_key\":\"90\"}\n",
                      "order": 3,
                      "restrictions": []
                  }
              }
          }
      }
  }',
  true
),
(
  IdId('driverSS', '1488'),
  '2018-11-30T00:00:00',
  '{
      "poi": {
          "type": "free_point",
          "locations": {},
          "ready_panel": {
              "title": "{\"tanker_key\":\"poi\"}\n",
              "subtitle": "{\"tanker_key\":\"poi\"}\n"
          },
          "restrictions": [],
          "tutorial_body": "{\"day_limit\":1,\"tanker_key\":\"poi\",\"week_limit\":7}\n",
          "client_attributes": {},
          "start_screen_subtitle": "{\"tanker_key\":\"poi\"}\n"
      },
      "home": {
          "type": "single_point",
          "location": {
              "name": "home_name_1",
              "is_valid": true,
              "location": {
                  "type": "point",
                  "id": "4q2VolejNlejNmGQ",
                  "point": [1.0, 2.0],
                  "address": {
                      "title": "home_address_1",
                      "subtitle": "city"
                  }
              }
          },
          "ready_panel": {
              "title": "{\"tanker_key\":\"home\"}\n",
              "subtitle": "{\"tanker_key\":\"home\"}\n"
          },
          "restrictions": [],
          "tutorial_body": "{\"day_limit\":2,\"tanker_key\":\"home\"}\n",
          "change_allowed": true,
          "client_attributes": {},
          "start_screen_subtitle": "{\"tanker_key\":\"home\"}\n",
          "address_change_alert_dialog": {
              "body": "{\"days\":4,\"tanker_key\":\"home\"}\n",
              "title": "{\"tanker_key\":\"home\"}\n"
          },
          "address_change_forbidden_dialog": {
              "body": "",
              "title": "{\"tanker_key\":\"home\"}\n"
          }
      },
      "my_district": {
          "type": "in_area",
          "ready_panel": {
              "title": "{\"tanker_key\":\"my_district\"}\n",
              "subtitle": "{\"tanker_key\":\"my_district\"}\n"
          },
          "restrictions": [],
          "tutorial_body": "{\"day_duration_limit\":120,\"tanker_key\":\"my_district\",\"week_duration_limit\":360}\n",
          "client_attributes": {},
          "highlighted_radius": 91000,
          "max_allowed_radius": 180000,
          "min_allowed_radius": 2000,
          "start_screen_subtitle": "{\"tanker_key\":\"my_district\"}\n",
          "submodes_info": {
              "highlighted_submode_id": "90",
              "submodes": {
                  "30": {
                      "name": "{\"mode_tanker_key\":\"my_district\",\"tanker_key\":\"30\"}\n",
                      "subname": "{\"mode_tanker_key\":\"my_district\",\"tanker_key\":\"30\"}\n",
                      "order": 1,
                      "restrictions": []
                  },
                  "90": {
                      "name": "{\"mode_tanker_key\":\"my_district\",\"tanker_key\":\"90\"}\n",
                      "subname": "{\"mode_tanker_key\":\"my_district\",\"tanker_key\":\"90\"}\n",
                      "order": 3,
                      "restrictions": []
                  }
              }
          }
      }
  }',
  false
),
(
  IdId('uuid', 'dbid777'),
  '2018-11-26T22:00:00',
  '{
      "home": {
          "type": "single_point",
          "ready_panel": {
              "title": "{\"tanker_key\":\"home\"}\n",
              "subtitle": "{\"tanker_key\":\"home\"}\n"
          },
          "restrictions": [],
          "tutorial_body": "{\"day_limit\":2,\"tanker_key\":\"home\"}\n",
          "change_allowed": true,
          "client_attributes": {},
          "start_screen_subtitle": "{\"tanker_key\":\"home\"}\n",
          "address_change_alert_dialog": {
              "body": "{\"days\":4,\"tanker_key\":\"home\"}\n",
              "title": "{\"tanker_key\":\"home\"}\n"
          },
          "address_change_forbidden_dialog": {
              "body": "",
              "title": "{\"tanker_key\":\"home\"}\n"
          }
      }
  }',
  true
),
(
  IdId('uuid1', 'dbid777'),
  '2018-11-26T22:00:00',
  '{
      "poi": {
          "type": "free_point",
          "locations": {},
          "ready_panel": {
              "title": "{\"tanker_key\":\"poi\"}\n",
              "subtitle": "{\"tanker_key\":\"poi\"}\n"
          },
          "restrictions": [],
          "tutorial_body": "{\"day_limit\":1,\"tanker_key\":\"poi\",\"week_limit\":7}\n",
          "client_attributes": {},
          "start_screen_subtitle": "{\"tanker_key\":\"poi\"}\n"
      },
      "home": {
          "type": "single_point",
          "ready_panel": {
              "title": "{\"tanker_key\":\"home\"}\n",
              "subtitle": "{\"tanker_key\":\"home\"}\n"
          },
          "restrictions": [],
          "tutorial_body": "{\"day_limit\":2,\"tanker_key\":\"home\"}\n",
          "change_allowed": true,
          "client_attributes": {},
          "start_screen_subtitle": "{\"tanker_key\":\"home\"}\n",
          "address_change_alert_dialog": {
              "body": "{\"days\":4,\"tanker_key\":\"home\"}\n",
              "title": "{\"tanker_key\":\"home\"}\n"
          },
          "address_change_forbidden_dialog": {
              "body": "",
              "title": "{\"tanker_key\":\"home\"}\n"
          }
      }
  }',
  true
);
