INSERT INTO courier_groups
(id, name)
VALUES (1, 'courier_group');

INSERT INTO public.couriers (id, group_id, region_id, courier_type, name, work_status, created_at, updated_at,
                             service, external_id, pool_name, logistics_group_id, birthday, is_storekeeper,
                             is_park_courier,
                             is_dedicated_picker, is_picker, use_logistics_group_for_unplanned_shifts)
VALUES (1, 1, 1, 'pedestrian', 'moscow-courier', 'active', NOW(), NOW(), 'driver-profiles', NULL, 'eda', 1, '1991-09-11', false,
        false, false, false, false),
       (2, 1, 2, 'pedestrian', 'london-courier', 'active', NOW(), NOW(), 'driver-profiles', NULL, 'eda', 1, '1991-09-11', false,
        false, false, false, false),
       (3, 1, 3, 'pedestrian', 'ekaterinburg-courier', 'active', NOW(), NOW(), 'driver-profiles', NULL, 'eda', 1, '1991-09-11', false,
        false, false, false, false),
       (4, 1, 2, 'pedestrian', 'london-courier2', 'active', NOW(), NOW(), 'driver-profiles', NULL, 'eda', 1, '1991-09-11', false,
        false, false, false, false),
       (5, 1, 4, 'pedestrian', 'tyumen-courier', 'active', NOW(), NOW(), 'driver-profiles', NULL, 'eda', 1, '1991-09-11', false,
        false, false, false, false)
        ;

INSERT INTO public.regions (id, name, time_zone_vs_moscow, country_code, created_at, updated_at)
VALUES
       (1, 'Moscow', 0, 'RU', NOW(), NOW()),
       (2, 'London', -3, 'GB', NOW(), NOW()),
       (3, 'Ekaterinburg', 2, 'RU', NOW(), NOW()),
       (4, 'Tyumen', 2, 'RU', NOW(), NOW());

INSERT INTO point_start_list (point_start_id, city_id, point_start_name, point_start_status, zone_ff_time_add,
                              metagroup_id, group_id, created_at, updated_at)
VALUES (6341, 1, 'Крылатское - Молодежная', 1, 1561840818, NULL, NULL, '2020-11-12 14:34:17.000',
        '2021-04-14 18:57:17.000'),
       (9999, 2, 'London point', 1, 1561840818, NULL, NULL, '2020-11-12 14:34:17.000',
        '2021-04-14 18:57:17.000'),
       (19999, 3, 'Ekaterinburg point', 1, 1561840818, NULL, NULL, '2020-11-12 14:34:17.000',
        '2021-04-14 18:57:17.000'),
       (29999, 4, 'Tyumen point', 1, 1561840818, NULL, NULL, '2020-11-12 14:34:17.000',
        '2021-04-14 18:57:17.000');

INSERT INTO courier_shifts (id,courier_offline_time, courier_id, updated_at, status, has_lateness, has_early_leaving,
                            is_abandoned, region_id, zone_id, start_time, end_time, "date", "courier_type", parent_id,
                            courier_assigned_at, created_at, mass_upload_id, "type", external_id, is_zone_checked,
                            guarantee, pool, logistics_group_id, effective_logistics_group_id, start_location_id,
                            service)
VALUES (1,0, NULL, '2021-09-22T00:00:00'::timestamp, 'planned'::shift_status::shift_status, false, false, false, 1, 6341, '2021-09-22T23:00:00'::timestamp,
        '2021-09-23T03:00:00'::timestamp, '2021-09-22'::date, 1, NULL, NULL, '2021-09-22T00:00:00'::timestamp, 3402,
        'planned'::shift_type::shift_type, NULL, true, 109.00, 'courier'::shift_pool::shift_pool, NULL, NULL, NULL,
        'eda'::shift_service::shift_service),
       (2,0, 1, '2021-09-23T00:00:00'::timestamp, 'planned'::shift_status::shift_status, false, false, false, 1, 6341, '2021-09-23T23:00:00'::timestamp,
        '2021-09-24T03:00:00'::timestamp, '2021-09-23'::date, 1, NULL, NULL, '2021-09-23T00:00:00'::timestamp, 3402,
        'planned'::shift_type::shift_type, NULL, true, 109.00, 'courier'::shift_pool::shift_pool, NULL, NULL, NULL,
        'eda'::shift_service::shift_service),
       (3,0, 2, '2021-09-23T00:00:00'::timestamp, 'planned'::shift_status::shift_status, false, false, false, 2, 9999, '2021-09-24T02:00:00'::timestamp,
        '2021-09-24T04:00:00'::timestamp, '2021-09-23'::date, 1, NULL, NULL, '2021-09-23T00:00:00'::timestamp, 3402,
        'planned'::shift_type::shift_type, NULL, true, 109.00, 'courier'::shift_pool::shift_pool, NULL, NULL, NULL,
        'eda'::shift_service::shift_service),
       (4,0, 3, '2021-09-23T00:00:00+05:00'::timestamp, 'planned'::shift_status::shift_status, false, false, false, 3, 19999, '2021-09-23T21:00:00'::timestamp,
        '2021-09-24T01:00:00'::timestamp, '2021-09-23'::date, 1, NULL, NULL, '2021-09-23T00:00:00+05:00'::timestamp, 3402,
        'planned'::shift_type::shift_type, NULL, true, 109.00, 'courier'::shift_pool::shift_pool, NULL, NULL, NULL,
        'eda'::shift_service::shift_service),
       (5,0, 4, '2021-09-24T00:00:00'::timestamp, 'planned'::shift_status::shift_status, false, false, false, 2, 9999, '2021-09-25T00:15:00'::timestamp,
        '2021-09-25T02:15:00'::timestamp, '2021-09-24'::date, 1, NULL, NULL, '2021-09-24T00:00:00'::timestamp, 3402,
        'planned'::shift_type::shift_type, NULL, true, 109.00, 'courier'::shift_pool::shift_pool, NULL, NULL, NULL,
        'eda'::shift_service::shift_service)
        ;

INSERT INTO courier_shifts (id,courier_offline_time, courier_id, updated_at, status, has_lateness, has_early_leaving,
                            is_abandoned, region_id, zone_id, start_time, end_time, "date", "courier_type", parent_id,
                            courier_assigned_at, created_at, mass_upload_id, "type", external_id, is_zone_checked,
                            guarantee, pool, logistics_group_id, start_location_id, effective_logistics_group_id,
                            service)
VALUES (6,0, 5, '2021-11-24 22:21:17', 'in_progress'::shift_status::shift_status, false, false, false, 4, 29999,
        '2021-11-24 21:20:46', '2021-11-24 22:20:46', '2021-11-24', 2, NULL, NULL, '2021-11-24 21:20:46', NULL,
        'unplanned'::shift_type::shift_type, NULL, true, NULL, 'courier'::shift_pool::shift_pool, NULL, NULL, NULL,
        'eda'::shift_service::shift_service);

INSERT INTO courier_shift_events (shift_id, event_type, event_source, latitude, longitude, created_at, courier_id,
                                  registered_at)
VALUES (6, 'started'::courier_shift_event_type::courier_shift_event_type,
        'courier'::courier_shift_event_source::courier_shift_event_source, 57.156918, 65.544395,
        '2021-11-24 21:20:47.000', 5, '2021-11-24 21:20:47.000');

INSERT INTO courier_shift_states (shift_id, started_at, finished_at, duration, updated_at, pause_duration, created_at)
VALUES (6, '2021-11-24 21:20:47.000', NULL, NULL, '2021-11-24 21:20:47.000', NULL,
        '2021-11-24 21:20:47.000');

INSERT INTO courier_shift_total_durations (courier_id, start_at, finish_at, created_at, updated_at)
VALUES (1, current_date, current_date + 1, NOW(), NOW()),
       (2, current_date, current_date + 1, NOW(), NOW()),
       (3, current_date, current_date + 1, NOW(), NOW());

INSERT INTO public.timetable_settings (id, region_id, updated_at, shifts_min_interval, created_at)
VALUES (1, 1, '2021-04-07 10:48:51.000', 60, '2020-11-12 14:34:17.000'),
       (2, 2, '2021-04-07 10:48:51.000', 60, '2020-11-12 14:34:17.000'),
       (3, 3, '2021-04-07 10:48:51.000', 60, '2020-11-12 14:34:17.000'),
       (4, 4, '2021-04-07 10:48:51.000', 60, '2020-11-12 14:34:17.000');

INSERT INTO timetable_weekday_settings (timetable_setting_id, weekday, is_enabled, are_additional_shifts_allowed,
                                        created_at, updated_at, permissions)
VALUES (1, 0, true, true, '2020-11-26 16:05:13.000', '2021-04-07 10:48:51.000',
        '{"permissions":{"1":{"groupId":1,"isSelectionAllowed":true,"isAllZonesAllowed":true,"zoneIds":[]},"2":{"groupId":2,"isSelectionAllowed":true,"isAllZonesAllowed":true,"zoneIds":[]},"3":{"groupId":3,"isSelectionAllowed":true,"isAllZonesAllowed":true,"zoneIds":[]},"4":{"groupId":4,"isSelectionAllowed":true,"isAllZonesAllowed":true,"zoneIds":[]},"5":{"groupId":5,"isSelectionAllowed":true,"isAllZonesAllowed":true,"zoneIds":[]},"6":{"groupId":6,"isSelectionAllowed":true,"isAllZonesAllowed":true,"zoneIds":[]},"7":{"groupId":7,"isSelectionAllowed":true,"isAllZonesAllowed":true,"zoneIds":[]},"34":{"groupId":34,"isSelectionAllowed":true,"isAllZonesAllowed":false,"zoneIds":[9460]},"35":{"groupId":35,"isSelectionAllowed":true,"isAllZonesAllowed":false,"zoneIds":[9460]},"36":{"groupId":36,"isSelectionAllowed":true,"isAllZonesAllowed":false,"zoneIds":[9460]},"37":{"groupId":37,"isSelectionAllowed":true,"isAllZonesAllowed":true,"zoneIds":[]},"38":{"groupId":38,"isSelectionAllowed":true,"isAllZonesAllowed":false,"zoneIds":[9460,6344]},"45":{"groupId":45,"isSelectionAllowed":true,"isAllZonesAllowed":true,"zoneIds":[]},"46":{"groupId":46,"isSelectionAllowed":true,"isAllZonesAllowed":false,"zoneIds":[9876,9460]},"47":{"groupId":47,"isSelectionAllowed":true,"isAllZonesAllowed":false,"zoneIds":[9460,9023,7331]}}}'),
       (1, 1, true, true, '2020-11-26 16:05:13.000', '2021-04-07 10:48:51.000',
        '{"permissions":{"1":{"groupId":1,"isSelectionAllowed":true,"isAllZonesAllowed":true,"zoneIds":[]},"2":{"groupId":2,"isSelectionAllowed":true,"isAllZonesAllowed":true,"zoneIds":[]},"3":{"groupId":3,"isSelectionAllowed":true,"isAllZonesAllowed":true,"zoneIds":[]},"4":{"groupId":4,"isSelectionAllowed":true,"isAllZonesAllowed":true,"zoneIds":[]},"5":{"groupId":5,"isSelectionAllowed":true,"isAllZonesAllowed":true,"zoneIds":[]},"6":{"groupId":6,"isSelectionAllowed":true,"isAllZonesAllowed":true,"zoneIds":[]},"7":{"groupId":7,"isSelectionAllowed":true,"isAllZonesAllowed":true,"zoneIds":[]},"34":{"groupId":34,"isSelectionAllowed":true,"isAllZonesAllowed":false,"zoneIds":[9460]},"35":{"groupId":35,"isSelectionAllowed":true,"isAllZonesAllowed":false,"zoneIds":[9460]},"36":{"groupId":36,"isSelectionAllowed":true,"isAllZonesAllowed":false,"zoneIds":[9460]},"37":{"groupId":37,"isSelectionAllowed":true,"isAllZonesAllowed":true,"zoneIds":[]},"38":{"groupId":38,"isSelectionAllowed":true,"isAllZonesAllowed":false,"zoneIds":[9460,6344]},"45":{"groupId":45,"isSelectionAllowed":true,"isAllZonesAllowed":true,"zoneIds":[]},"46":{"groupId":46,"isSelectionAllowed":true,"isAllZonesAllowed":false,"zoneIds":[9876,9460]},"47":{"groupId":47,"isSelectionAllowed":true,"isAllZonesAllowed":false,"zoneIds":[9460,9023,7331]}}}'),
       (1, 2, true, true, '2020-11-26 16:05:13.000', '2021-04-07 10:48:51.000',
        '{"permissions":{"1":{"groupId":1,"isSelectionAllowed":true,"isAllZonesAllowed":true,"zoneIds":[]},"2":{"groupId":2,"isSelectionAllowed":true,"isAllZonesAllowed":true,"zoneIds":[]},"3":{"groupId":3,"isSelectionAllowed":true,"isAllZonesAllowed":true,"zoneIds":[]},"4":{"groupId":4,"isSelectionAllowed":true,"isAllZonesAllowed":true,"zoneIds":[]},"5":{"groupId":5,"isSelectionAllowed":true,"isAllZonesAllowed":true,"zoneIds":[]},"6":{"groupId":6,"isSelectionAllowed":true,"isAllZonesAllowed":true,"zoneIds":[]},"7":{"groupId":7,"isSelectionAllowed":true,"isAllZonesAllowed":true,"zoneIds":[]},"34":{"groupId":34,"isSelectionAllowed":true,"isAllZonesAllowed":false,"zoneIds":[9460]},"35":{"groupId":35,"isSelectionAllowed":true,"isAllZonesAllowed":false,"zoneIds":[9460]},"36":{"groupId":36,"isSelectionAllowed":true,"isAllZonesAllowed":false,"zoneIds":[9460]},"37":{"groupId":37,"isSelectionAllowed":true,"isAllZonesAllowed":true,"zoneIds":[]},"38":{"groupId":38,"isSelectionAllowed":true,"isAllZonesAllowed":false,"zoneIds":[9460,6344]},"45":{"groupId":45,"isSelectionAllowed":true,"isAllZonesAllowed":true,"zoneIds":[]},"46":{"groupId":46,"isSelectionAllowed":true,"isAllZonesAllowed":false,"zoneIds":[9876,9460]},"47":{"groupId":47,"isSelectionAllowed":true,"isAllZonesAllowed":false,"zoneIds":[9460,9023,7331]}}}'),
       (1, 3, true, true, '2020-11-26 16:05:13.000', '2021-04-07 10:48:51.000',
        '{"permissions":{"1":{"groupId":1,"isSelectionAllowed":true,"isAllZonesAllowed":true,"zoneIds":[]},"2":{"groupId":2,"isSelectionAllowed":true,"isAllZonesAllowed":true,"zoneIds":[]},"3":{"groupId":3,"isSelectionAllowed":true,"isAllZonesAllowed":true,"zoneIds":[]},"4":{"groupId":4,"isSelectionAllowed":true,"isAllZonesAllowed":true,"zoneIds":[]},"5":{"groupId":5,"isSelectionAllowed":true,"isAllZonesAllowed":true,"zoneIds":[]},"6":{"groupId":6,"isSelectionAllowed":true,"isAllZonesAllowed":true,"zoneIds":[]},"7":{"groupId":7,"isSelectionAllowed":true,"isAllZonesAllowed":true,"zoneIds":[]},"34":{"groupId":34,"isSelectionAllowed":true,"isAllZonesAllowed":false,"zoneIds":[9460]},"35":{"groupId":35,"isSelectionAllowed":true,"isAllZonesAllowed":false,"zoneIds":[9460]},"36":{"groupId":36,"isSelectionAllowed":true,"isAllZonesAllowed":false,"zoneIds":[9460]},"37":{"groupId":37,"isSelectionAllowed":true,"isAllZonesAllowed":true,"zoneIds":[]},"38":{"groupId":38,"isSelectionAllowed":true,"isAllZonesAllowed":false,"zoneIds":[9460,6344]},"45":{"groupId":45,"isSelectionAllowed":true,"isAllZonesAllowed":true,"zoneIds":[]},"46":{"groupId":46,"isSelectionAllowed":true,"isAllZonesAllowed":false,"zoneIds":[9876,9460]},"47":{"groupId":47,"isSelectionAllowed":true,"isAllZonesAllowed":false,"zoneIds":[9460,9023,7331]}}}'),
       (1, 4, true, true, '2020-11-26 16:05:13.000', '2021-04-07 10:48:51.000',
        '{"permissions":{"1":{"groupId":1,"isSelectionAllowed":true,"isAllZonesAllowed":true,"zoneIds":[]},"2":{"groupId":2,"isSelectionAllowed":true,"isAllZonesAllowed":true,"zoneIds":[]},"3":{"groupId":3,"isSelectionAllowed":true,"isAllZonesAllowed":true,"zoneIds":[]},"4":{"groupId":4,"isSelectionAllowed":true,"isAllZonesAllowed":true,"zoneIds":[]},"5":{"groupId":5,"isSelectionAllowed":true,"isAllZonesAllowed":true,"zoneIds":[]},"6":{"groupId":6,"isSelectionAllowed":true,"isAllZonesAllowed":true,"zoneIds":[]},"7":{"groupId":7,"isSelectionAllowed":true,"isAllZonesAllowed":true,"zoneIds":[]},"34":{"groupId":34,"isSelectionAllowed":true,"isAllZonesAllowed":false,"zoneIds":[9460]},"35":{"groupId":35,"isSelectionAllowed":true,"isAllZonesAllowed":false,"zoneIds":[9460]},"36":{"groupId":36,"isSelectionAllowed":true,"isAllZonesAllowed":false,"zoneIds":[9460]},"37":{"groupId":37,"isSelectionAllowed":true,"isAllZonesAllowed":true,"zoneIds":[]},"38":{"groupId":38,"isSelectionAllowed":true,"isAllZonesAllowed":false,"zoneIds":[9460,6344]},"45":{"groupId":45,"isSelectionAllowed":true,"isAllZonesAllowed":true,"zoneIds":[]},"46":{"groupId":46,"isSelectionAllowed":true,"isAllZonesAllowed":false,"zoneIds":[9876,9460]},"47":{"groupId":47,"isSelectionAllowed":true,"isAllZonesAllowed":false,"zoneIds":[9460,9023,7331]}}}'),
       (1, 5, true, true, '2020-11-26 16:05:13.000', '2021-04-07 10:48:51.000',
        '{"permissions":{"1":{"groupId":1,"isSelectionAllowed":true,"isAllZonesAllowed":true,"zoneIds":[]},"2":{"groupId":2,"isSelectionAllowed":true,"isAllZonesAllowed":true,"zoneIds":[]},"3":{"groupId":3,"isSelectionAllowed":true,"isAllZonesAllowed":true,"zoneIds":[]},"4":{"groupId":4,"isSelectionAllowed":true,"isAllZonesAllowed":true,"zoneIds":[]},"5":{"groupId":5,"isSelectionAllowed":true,"isAllZonesAllowed":true,"zoneIds":[]},"6":{"groupId":6,"isSelectionAllowed":true,"isAllZonesAllowed":true,"zoneIds":[]},"7":{"groupId":7,"isSelectionAllowed":true,"isAllZonesAllowed":true,"zoneIds":[]},"34":{"groupId":34,"isSelectionAllowed":true,"isAllZonesAllowed":false,"zoneIds":[9460]},"35":{"groupId":35,"isSelectionAllowed":true,"isAllZonesAllowed":false,"zoneIds":[9460]},"36":{"groupId":36,"isSelectionAllowed":true,"isAllZonesAllowed":false,"zoneIds":[9460]},"37":{"groupId":37,"isSelectionAllowed":true,"isAllZonesAllowed":true,"zoneIds":[]},"38":{"groupId":38,"isSelectionAllowed":true,"isAllZonesAllowed":false,"zoneIds":[9460,6344]},"45":{"groupId":45,"isSelectionAllowed":true,"isAllZonesAllowed":true,"zoneIds":[]},"46":{"groupId":46,"isSelectionAllowed":true,"isAllZonesAllowed":false,"zoneIds":[9876,9460]},"47":{"groupId":47,"isSelectionAllowed":true,"isAllZonesAllowed":false,"zoneIds":[9460,9023,7331]}}}'),
       (1, 6, true, true, '2020-11-26 16:05:13.000', '2021-04-07 10:48:51.000',
        '{"permissions":{"1":{"groupId":1,"isSelectionAllowed":true,"isAllZonesAllowed":true,"zoneIds":[]},"2":{"groupId":2,"isSelectionAllowed":true,"isAllZonesAllowed":true,"zoneIds":[]},"3":{"groupId":3,"isSelectionAllowed":true,"isAllZonesAllowed":true,"zoneIds":[]},"4":{"groupId":4,"isSelectionAllowed":true,"isAllZonesAllowed":true,"zoneIds":[]},"5":{"groupId":5,"isSelectionAllowed":true,"isAllZonesAllowed":true,"zoneIds":[]},"6":{"groupId":6,"isSelectionAllowed":true,"isAllZonesAllowed":true,"zoneIds":[]},"7":{"groupId":7,"isSelectionAllowed":true,"isAllZonesAllowed":true,"zoneIds":[]},"34":{"groupId":34,"isSelectionAllowed":true,"isAllZonesAllowed":false,"zoneIds":[9460]},"35":{"groupId":35,"isSelectionAllowed":true,"isAllZonesAllowed":false,"zoneIds":[9460]},"36":{"groupId":36,"isSelectionAllowed":true,"isAllZonesAllowed":false,"zoneIds":[9460]},"37":{"groupId":37,"isSelectionAllowed":true,"isAllZonesAllowed":true,"zoneIds":[]},"38":{"groupId":38,"isSelectionAllowed":true,"isAllZonesAllowed":false,"zoneIds":[9460,6344]},"45":{"groupId":45,"isSelectionAllowed":true,"isAllZonesAllowed":true,"zoneIds":[]},"46":{"groupId":46,"isSelectionAllowed":true,"isAllZonesAllowed":false,"zoneIds":[9876,9460]},"47":{"groupId":47,"isSelectionAllowed":true,"isAllZonesAllowed":false,"zoneIds":[9460,9023,7331]}}}');


INSERT INTO timetable_weekday_settings (timetable_setting_id, weekday, is_enabled, are_additional_shifts_allowed,
                                        created_at, updated_at, permissions)
VALUES (2, 0, true, true, '2020-11-26 16:05:13.000', '2021-04-07 10:48:51.000',
        '{"permissions":{"1":{"groupId":1,"isSelectionAllowed":true,"isAllZonesAllowed":true,"zoneIds":[]},"2":{"groupId":2,"isSelectionAllowed":true,"isAllZonesAllowed":true,"zoneIds":[]},"3":{"groupId":3,"isSelectionAllowed":true,"isAllZonesAllowed":true,"zoneIds":[]},"4":{"groupId":4,"isSelectionAllowed":true,"isAllZonesAllowed":true,"zoneIds":[]},"5":{"groupId":5,"isSelectionAllowed":true,"isAllZonesAllowed":true,"zoneIds":[]},"6":{"groupId":6,"isSelectionAllowed":true,"isAllZonesAllowed":true,"zoneIds":[]},"7":{"groupId":7,"isSelectionAllowed":true,"isAllZonesAllowed":true,"zoneIds":[]},"34":{"groupId":34,"isSelectionAllowed":true,"isAllZonesAllowed":false,"zoneIds":[9460]},"35":{"groupId":35,"isSelectionAllowed":true,"isAllZonesAllowed":false,"zoneIds":[9460]},"36":{"groupId":36,"isSelectionAllowed":true,"isAllZonesAllowed":false,"zoneIds":[9460]},"37":{"groupId":37,"isSelectionAllowed":true,"isAllZonesAllowed":true,"zoneIds":[]},"38":{"groupId":38,"isSelectionAllowed":true,"isAllZonesAllowed":false,"zoneIds":[9460,6344]},"45":{"groupId":45,"isSelectionAllowed":true,"isAllZonesAllowed":true,"zoneIds":[]},"46":{"groupId":46,"isSelectionAllowed":true,"isAllZonesAllowed":false,"zoneIds":[9876,9460]},"47":{"groupId":47,"isSelectionAllowed":true,"isAllZonesAllowed":false,"zoneIds":[9460,9023,7331]}}}'),
       (2, 1, true, true, '2020-11-26 16:05:13.000', '2021-04-07 10:48:51.000',
        '{"permissions":{"1":{"groupId":1,"isSelectionAllowed":true,"isAllZonesAllowed":true,"zoneIds":[]},"2":{"groupId":2,"isSelectionAllowed":true,"isAllZonesAllowed":true,"zoneIds":[]},"3":{"groupId":3,"isSelectionAllowed":true,"isAllZonesAllowed":true,"zoneIds":[]},"4":{"groupId":4,"isSelectionAllowed":true,"isAllZonesAllowed":true,"zoneIds":[]},"5":{"groupId":5,"isSelectionAllowed":true,"isAllZonesAllowed":true,"zoneIds":[]},"6":{"groupId":6,"isSelectionAllowed":true,"isAllZonesAllowed":true,"zoneIds":[]},"7":{"groupId":7,"isSelectionAllowed":true,"isAllZonesAllowed":true,"zoneIds":[]},"34":{"groupId":34,"isSelectionAllowed":true,"isAllZonesAllowed":false,"zoneIds":[9460]},"35":{"groupId":35,"isSelectionAllowed":true,"isAllZonesAllowed":false,"zoneIds":[9460]},"36":{"groupId":36,"isSelectionAllowed":true,"isAllZonesAllowed":false,"zoneIds":[9460]},"37":{"groupId":37,"isSelectionAllowed":true,"isAllZonesAllowed":true,"zoneIds":[]},"38":{"groupId":38,"isSelectionAllowed":true,"isAllZonesAllowed":false,"zoneIds":[9460,6344]},"45":{"groupId":45,"isSelectionAllowed":true,"isAllZonesAllowed":true,"zoneIds":[]},"46":{"groupId":46,"isSelectionAllowed":true,"isAllZonesAllowed":false,"zoneIds":[9876,9460]},"47":{"groupId":47,"isSelectionAllowed":true,"isAllZonesAllowed":false,"zoneIds":[9460,9023,7331]}}}'),
       (2, 2, true, true, '2020-11-26 16:05:13.000', '2021-04-07 10:48:51.000',
        '{"permissions":{"1":{"groupId":1,"isSelectionAllowed":true,"isAllZonesAllowed":true,"zoneIds":[]},"2":{"groupId":2,"isSelectionAllowed":true,"isAllZonesAllowed":true,"zoneIds":[]},"3":{"groupId":3,"isSelectionAllowed":true,"isAllZonesAllowed":true,"zoneIds":[]},"4":{"groupId":4,"isSelectionAllowed":true,"isAllZonesAllowed":true,"zoneIds":[]},"5":{"groupId":5,"isSelectionAllowed":true,"isAllZonesAllowed":true,"zoneIds":[]},"6":{"groupId":6,"isSelectionAllowed":true,"isAllZonesAllowed":true,"zoneIds":[]},"7":{"groupId":7,"isSelectionAllowed":true,"isAllZonesAllowed":true,"zoneIds":[]},"34":{"groupId":34,"isSelectionAllowed":true,"isAllZonesAllowed":false,"zoneIds":[9460]},"35":{"groupId":35,"isSelectionAllowed":true,"isAllZonesAllowed":false,"zoneIds":[9460]},"36":{"groupId":36,"isSelectionAllowed":true,"isAllZonesAllowed":false,"zoneIds":[9460]},"37":{"groupId":37,"isSelectionAllowed":true,"isAllZonesAllowed":true,"zoneIds":[]},"38":{"groupId":38,"isSelectionAllowed":true,"isAllZonesAllowed":false,"zoneIds":[9460,6344]},"45":{"groupId":45,"isSelectionAllowed":true,"isAllZonesAllowed":true,"zoneIds":[]},"46":{"groupId":46,"isSelectionAllowed":true,"isAllZonesAllowed":false,"zoneIds":[9876,9460]},"47":{"groupId":47,"isSelectionAllowed":true,"isAllZonesAllowed":false,"zoneIds":[9460,9023,7331]}}}'),
       (2, 3, true, true, '2020-11-26 16:05:13.000', '2021-04-07 10:48:51.000',
        '{"permissions":{"1":{"groupId":1,"isSelectionAllowed":true,"isAllZonesAllowed":true,"zoneIds":[]},"2":{"groupId":2,"isSelectionAllowed":true,"isAllZonesAllowed":true,"zoneIds":[]},"3":{"groupId":3,"isSelectionAllowed":true,"isAllZonesAllowed":true,"zoneIds":[]},"4":{"groupId":4,"isSelectionAllowed":true,"isAllZonesAllowed":true,"zoneIds":[]},"5":{"groupId":5,"isSelectionAllowed":true,"isAllZonesAllowed":true,"zoneIds":[]},"6":{"groupId":6,"isSelectionAllowed":true,"isAllZonesAllowed":true,"zoneIds":[]},"7":{"groupId":7,"isSelectionAllowed":true,"isAllZonesAllowed":true,"zoneIds":[]},"34":{"groupId":34,"isSelectionAllowed":true,"isAllZonesAllowed":false,"zoneIds":[9460]},"35":{"groupId":35,"isSelectionAllowed":true,"isAllZonesAllowed":false,"zoneIds":[9460]},"36":{"groupId":36,"isSelectionAllowed":true,"isAllZonesAllowed":false,"zoneIds":[9460]},"37":{"groupId":37,"isSelectionAllowed":true,"isAllZonesAllowed":true,"zoneIds":[]},"38":{"groupId":38,"isSelectionAllowed":true,"isAllZonesAllowed":false,"zoneIds":[9460,6344]},"45":{"groupId":45,"isSelectionAllowed":true,"isAllZonesAllowed":true,"zoneIds":[]},"46":{"groupId":46,"isSelectionAllowed":true,"isAllZonesAllowed":false,"zoneIds":[9876,9460]},"47":{"groupId":47,"isSelectionAllowed":true,"isAllZonesAllowed":false,"zoneIds":[9460,9023,7331]}}}'),
       (2, 4, true, true, '2020-11-26 16:05:13.000', '2021-04-07 10:48:51.000',
        '{"permissions":{"1":{"groupId":1,"isSelectionAllowed":true,"isAllZonesAllowed":true,"zoneIds":[]},"2":{"groupId":2,"isSelectionAllowed":true,"isAllZonesAllowed":true,"zoneIds":[]},"3":{"groupId":3,"isSelectionAllowed":true,"isAllZonesAllowed":true,"zoneIds":[]},"4":{"groupId":4,"isSelectionAllowed":true,"isAllZonesAllowed":true,"zoneIds":[]},"5":{"groupId":5,"isSelectionAllowed":true,"isAllZonesAllowed":true,"zoneIds":[]},"6":{"groupId":6,"isSelectionAllowed":true,"isAllZonesAllowed":true,"zoneIds":[]},"7":{"groupId":7,"isSelectionAllowed":true,"isAllZonesAllowed":true,"zoneIds":[]},"34":{"groupId":34,"isSelectionAllowed":true,"isAllZonesAllowed":false,"zoneIds":[9460]},"35":{"groupId":35,"isSelectionAllowed":true,"isAllZonesAllowed":false,"zoneIds":[9460]},"36":{"groupId":36,"isSelectionAllowed":true,"isAllZonesAllowed":false,"zoneIds":[9460]},"37":{"groupId":37,"isSelectionAllowed":true,"isAllZonesAllowed":true,"zoneIds":[]},"38":{"groupId":38,"isSelectionAllowed":true,"isAllZonesAllowed":false,"zoneIds":[9460,6344]},"45":{"groupId":45,"isSelectionAllowed":true,"isAllZonesAllowed":true,"zoneIds":[]},"46":{"groupId":46,"isSelectionAllowed":true,"isAllZonesAllowed":false,"zoneIds":[9876,9460]},"47":{"groupId":47,"isSelectionAllowed":true,"isAllZonesAllowed":false,"zoneIds":[9460,9023,7331]}}}'),
       (2, 5, true, true, '2020-11-26 16:05:13.000', '2021-04-07 10:48:51.000',
        '{"permissions":{"1":{"groupId":1,"isSelectionAllowed":true,"isAllZonesAllowed":true,"zoneIds":[]},"2":{"groupId":2,"isSelectionAllowed":true,"isAllZonesAllowed":true,"zoneIds":[]},"3":{"groupId":3,"isSelectionAllowed":true,"isAllZonesAllowed":true,"zoneIds":[]},"4":{"groupId":4,"isSelectionAllowed":true,"isAllZonesAllowed":true,"zoneIds":[]},"5":{"groupId":5,"isSelectionAllowed":true,"isAllZonesAllowed":true,"zoneIds":[]},"6":{"groupId":6,"isSelectionAllowed":true,"isAllZonesAllowed":true,"zoneIds":[]},"7":{"groupId":7,"isSelectionAllowed":true,"isAllZonesAllowed":true,"zoneIds":[]},"34":{"groupId":34,"isSelectionAllowed":true,"isAllZonesAllowed":false,"zoneIds":[9460]},"35":{"groupId":35,"isSelectionAllowed":true,"isAllZonesAllowed":false,"zoneIds":[9460]},"36":{"groupId":36,"isSelectionAllowed":true,"isAllZonesAllowed":false,"zoneIds":[9460]},"37":{"groupId":37,"isSelectionAllowed":true,"isAllZonesAllowed":true,"zoneIds":[]},"38":{"groupId":38,"isSelectionAllowed":true,"isAllZonesAllowed":false,"zoneIds":[9460,6344]},"45":{"groupId":45,"isSelectionAllowed":true,"isAllZonesAllowed":true,"zoneIds":[]},"46":{"groupId":46,"isSelectionAllowed":true,"isAllZonesAllowed":false,"zoneIds":[9876,9460]},"47":{"groupId":47,"isSelectionAllowed":true,"isAllZonesAllowed":false,"zoneIds":[9460,9023,7331]}}}'),
       (2, 6, true, true, '2020-11-26 16:05:13.000', '2021-04-07 10:48:51.000',
        '{"permissions":{"1":{"groupId":1,"isSelectionAllowed":true,"isAllZonesAllowed":true,"zoneIds":[]},"2":{"groupId":2,"isSelectionAllowed":true,"isAllZonesAllowed":true,"zoneIds":[]},"3":{"groupId":3,"isSelectionAllowed":true,"isAllZonesAllowed":true,"zoneIds":[]},"4":{"groupId":4,"isSelectionAllowed":true,"isAllZonesAllowed":true,"zoneIds":[]},"5":{"groupId":5,"isSelectionAllowed":true,"isAllZonesAllowed":true,"zoneIds":[]},"6":{"groupId":6,"isSelectionAllowed":true,"isAllZonesAllowed":true,"zoneIds":[]},"7":{"groupId":7,"isSelectionAllowed":true,"isAllZonesAllowed":true,"zoneIds":[]},"34":{"groupId":34,"isSelectionAllowed":true,"isAllZonesAllowed":false,"zoneIds":[9460]},"35":{"groupId":35,"isSelectionAllowed":true,"isAllZonesAllowed":false,"zoneIds":[9460]},"36":{"groupId":36,"isSelectionAllowed":true,"isAllZonesAllowed":false,"zoneIds":[9460]},"37":{"groupId":37,"isSelectionAllowed":true,"isAllZonesAllowed":true,"zoneIds":[]},"38":{"groupId":38,"isSelectionAllowed":true,"isAllZonesAllowed":false,"zoneIds":[9460,6344]},"45":{"groupId":45,"isSelectionAllowed":true,"isAllZonesAllowed":true,"zoneIds":[]},"46":{"groupId":46,"isSelectionAllowed":true,"isAllZonesAllowed":false,"zoneIds":[9876,9460]},"47":{"groupId":47,"isSelectionAllowed":true,"isAllZonesAllowed":false,"zoneIds":[9460,9023,7331]}}}');

INSERT INTO timetable_weekday_settings (timetable_setting_id, weekday, is_enabled, are_additional_shifts_allowed,
                                        created_at, updated_at, permissions)
VALUES (3, 0, true, true, '2020-11-26 16:05:13.000', '2021-04-07 10:48:51.000',
        '{"permissions":{"1":{"groupId":1,"isSelectionAllowed":true,"isAllZonesAllowed":true,"zoneIds":[]},"2":{"groupId":2,"isSelectionAllowed":true,"isAllZonesAllowed":true,"zoneIds":[]},"3":{"groupId":3,"isSelectionAllowed":true,"isAllZonesAllowed":true,"zoneIds":[]},"4":{"groupId":4,"isSelectionAllowed":true,"isAllZonesAllowed":true,"zoneIds":[]},"5":{"groupId":5,"isSelectionAllowed":true,"isAllZonesAllowed":true,"zoneIds":[]},"6":{"groupId":6,"isSelectionAllowed":true,"isAllZonesAllowed":true,"zoneIds":[]},"7":{"groupId":7,"isSelectionAllowed":true,"isAllZonesAllowed":true,"zoneIds":[]},"34":{"groupId":34,"isSelectionAllowed":true,"isAllZonesAllowed":false,"zoneIds":[9460]},"35":{"groupId":35,"isSelectionAllowed":true,"isAllZonesAllowed":false,"zoneIds":[9460]},"36":{"groupId":36,"isSelectionAllowed":true,"isAllZonesAllowed":false,"zoneIds":[9460]},"37":{"groupId":37,"isSelectionAllowed":true,"isAllZonesAllowed":true,"zoneIds":[]},"38":{"groupId":38,"isSelectionAllowed":true,"isAllZonesAllowed":false,"zoneIds":[9460,6344]},"45":{"groupId":45,"isSelectionAllowed":true,"isAllZonesAllowed":true,"zoneIds":[]},"46":{"groupId":46,"isSelectionAllowed":true,"isAllZonesAllowed":false,"zoneIds":[9876,9460]},"47":{"groupId":47,"isSelectionAllowed":true,"isAllZonesAllowed":false,"zoneIds":[9460,9023,7331]}}}'),
       (3, 1, true, true, '2020-11-26 16:05:13.000', '2021-04-07 10:48:51.000',
        '{"permissions":{"1":{"groupId":1,"isSelectionAllowed":true,"isAllZonesAllowed":true,"zoneIds":[]},"2":{"groupId":2,"isSelectionAllowed":true,"isAllZonesAllowed":true,"zoneIds":[]},"3":{"groupId":3,"isSelectionAllowed":true,"isAllZonesAllowed":true,"zoneIds":[]},"4":{"groupId":4,"isSelectionAllowed":true,"isAllZonesAllowed":true,"zoneIds":[]},"5":{"groupId":5,"isSelectionAllowed":true,"isAllZonesAllowed":true,"zoneIds":[]},"6":{"groupId":6,"isSelectionAllowed":true,"isAllZonesAllowed":true,"zoneIds":[]},"7":{"groupId":7,"isSelectionAllowed":true,"isAllZonesAllowed":true,"zoneIds":[]},"34":{"groupId":34,"isSelectionAllowed":true,"isAllZonesAllowed":false,"zoneIds":[9460]},"35":{"groupId":35,"isSelectionAllowed":true,"isAllZonesAllowed":false,"zoneIds":[9460]},"36":{"groupId":36,"isSelectionAllowed":true,"isAllZonesAllowed":false,"zoneIds":[9460]},"37":{"groupId":37,"isSelectionAllowed":true,"isAllZonesAllowed":true,"zoneIds":[]},"38":{"groupId":38,"isSelectionAllowed":true,"isAllZonesAllowed":false,"zoneIds":[9460,6344]},"45":{"groupId":45,"isSelectionAllowed":true,"isAllZonesAllowed":true,"zoneIds":[]},"46":{"groupId":46,"isSelectionAllowed":true,"isAllZonesAllowed":false,"zoneIds":[9876,9460]},"47":{"groupId":47,"isSelectionAllowed":true,"isAllZonesAllowed":false,"zoneIds":[9460,9023,7331]}}}'),
       (3, 2, true, true, '2020-11-26 16:05:13.000', '2021-04-07 10:48:51.000',
        '{"permissions":{"1":{"groupId":1,"isSelectionAllowed":true,"isAllZonesAllowed":true,"zoneIds":[]},"2":{"groupId":2,"isSelectionAllowed":true,"isAllZonesAllowed":true,"zoneIds":[]},"3":{"groupId":3,"isSelectionAllowed":true,"isAllZonesAllowed":true,"zoneIds":[]},"4":{"groupId":4,"isSelectionAllowed":true,"isAllZonesAllowed":true,"zoneIds":[]},"5":{"groupId":5,"isSelectionAllowed":true,"isAllZonesAllowed":true,"zoneIds":[]},"6":{"groupId":6,"isSelectionAllowed":true,"isAllZonesAllowed":true,"zoneIds":[]},"7":{"groupId":7,"isSelectionAllowed":true,"isAllZonesAllowed":true,"zoneIds":[]},"34":{"groupId":34,"isSelectionAllowed":true,"isAllZonesAllowed":false,"zoneIds":[9460]},"35":{"groupId":35,"isSelectionAllowed":true,"isAllZonesAllowed":false,"zoneIds":[9460]},"36":{"groupId":36,"isSelectionAllowed":true,"isAllZonesAllowed":false,"zoneIds":[9460]},"37":{"groupId":37,"isSelectionAllowed":true,"isAllZonesAllowed":true,"zoneIds":[]},"38":{"groupId":38,"isSelectionAllowed":true,"isAllZonesAllowed":false,"zoneIds":[9460,6344]},"45":{"groupId":45,"isSelectionAllowed":true,"isAllZonesAllowed":true,"zoneIds":[]},"46":{"groupId":46,"isSelectionAllowed":true,"isAllZonesAllowed":false,"zoneIds":[9876,9460]},"47":{"groupId":47,"isSelectionAllowed":true,"isAllZonesAllowed":false,"zoneIds":[9460,9023,7331]}}}'),
       (3, 3, true, true, '2020-11-26 16:05:13.000', '2021-04-07 10:48:51.000',
        '{"permissions":{"1":{"groupId":1,"isSelectionAllowed":true,"isAllZonesAllowed":true,"zoneIds":[]},"2":{"groupId":2,"isSelectionAllowed":true,"isAllZonesAllowed":true,"zoneIds":[]},"3":{"groupId":3,"isSelectionAllowed":true,"isAllZonesAllowed":true,"zoneIds":[]},"4":{"groupId":4,"isSelectionAllowed":true,"isAllZonesAllowed":true,"zoneIds":[]},"5":{"groupId":5,"isSelectionAllowed":true,"isAllZonesAllowed":true,"zoneIds":[]},"6":{"groupId":6,"isSelectionAllowed":true,"isAllZonesAllowed":true,"zoneIds":[]},"7":{"groupId":7,"isSelectionAllowed":true,"isAllZonesAllowed":true,"zoneIds":[]},"34":{"groupId":34,"isSelectionAllowed":true,"isAllZonesAllowed":false,"zoneIds":[9460]},"35":{"groupId":35,"isSelectionAllowed":true,"isAllZonesAllowed":false,"zoneIds":[9460]},"36":{"groupId":36,"isSelectionAllowed":true,"isAllZonesAllowed":false,"zoneIds":[9460]},"37":{"groupId":37,"isSelectionAllowed":true,"isAllZonesAllowed":true,"zoneIds":[]},"38":{"groupId":38,"isSelectionAllowed":true,"isAllZonesAllowed":false,"zoneIds":[9460,6344]},"45":{"groupId":45,"isSelectionAllowed":true,"isAllZonesAllowed":true,"zoneIds":[]},"46":{"groupId":46,"isSelectionAllowed":true,"isAllZonesAllowed":false,"zoneIds":[9876,9460]},"47":{"groupId":47,"isSelectionAllowed":true,"isAllZonesAllowed":false,"zoneIds":[9460,9023,7331]}}}'),
       (3, 4, true, true, '2020-11-26 16:05:13.000', '2021-04-07 10:48:51.000',
        '{"permissions":{"1":{"groupId":1,"isSelectionAllowed":true,"isAllZonesAllowed":true,"zoneIds":[]},"2":{"groupId":2,"isSelectionAllowed":true,"isAllZonesAllowed":true,"zoneIds":[]},"3":{"groupId":3,"isSelectionAllowed":true,"isAllZonesAllowed":true,"zoneIds":[]},"4":{"groupId":4,"isSelectionAllowed":true,"isAllZonesAllowed":true,"zoneIds":[]},"5":{"groupId":5,"isSelectionAllowed":true,"isAllZonesAllowed":true,"zoneIds":[]},"6":{"groupId":6,"isSelectionAllowed":true,"isAllZonesAllowed":true,"zoneIds":[]},"7":{"groupId":7,"isSelectionAllowed":true,"isAllZonesAllowed":true,"zoneIds":[]},"34":{"groupId":34,"isSelectionAllowed":true,"isAllZonesAllowed":false,"zoneIds":[9460]},"35":{"groupId":35,"isSelectionAllowed":true,"isAllZonesAllowed":false,"zoneIds":[9460]},"36":{"groupId":36,"isSelectionAllowed":true,"isAllZonesAllowed":false,"zoneIds":[9460]},"37":{"groupId":37,"isSelectionAllowed":true,"isAllZonesAllowed":true,"zoneIds":[]},"38":{"groupId":38,"isSelectionAllowed":true,"isAllZonesAllowed":false,"zoneIds":[9460,6344]},"45":{"groupId":45,"isSelectionAllowed":true,"isAllZonesAllowed":true,"zoneIds":[]},"46":{"groupId":46,"isSelectionAllowed":true,"isAllZonesAllowed":false,"zoneIds":[9876,9460]},"47":{"groupId":47,"isSelectionAllowed":true,"isAllZonesAllowed":false,"zoneIds":[9460,9023,7331]}}}'),
       (3, 5, true, true, '2020-11-26 16:05:13.000', '2021-04-07 10:48:51.000',
        '{"permissions":{"1":{"groupId":1,"isSelectionAllowed":true,"isAllZonesAllowed":true,"zoneIds":[]},"2":{"groupId":2,"isSelectionAllowed":true,"isAllZonesAllowed":true,"zoneIds":[]},"3":{"groupId":3,"isSelectionAllowed":true,"isAllZonesAllowed":true,"zoneIds":[]},"4":{"groupId":4,"isSelectionAllowed":true,"isAllZonesAllowed":true,"zoneIds":[]},"5":{"groupId":5,"isSelectionAllowed":true,"isAllZonesAllowed":true,"zoneIds":[]},"6":{"groupId":6,"isSelectionAllowed":true,"isAllZonesAllowed":true,"zoneIds":[]},"7":{"groupId":7,"isSelectionAllowed":true,"isAllZonesAllowed":true,"zoneIds":[]},"34":{"groupId":34,"isSelectionAllowed":true,"isAllZonesAllowed":false,"zoneIds":[9460]},"35":{"groupId":35,"isSelectionAllowed":true,"isAllZonesAllowed":false,"zoneIds":[9460]},"36":{"groupId":36,"isSelectionAllowed":true,"isAllZonesAllowed":false,"zoneIds":[9460]},"37":{"groupId":37,"isSelectionAllowed":true,"isAllZonesAllowed":true,"zoneIds":[]},"38":{"groupId":38,"isSelectionAllowed":true,"isAllZonesAllowed":false,"zoneIds":[9460,6344]},"45":{"groupId":45,"isSelectionAllowed":true,"isAllZonesAllowed":true,"zoneIds":[]},"46":{"groupId":46,"isSelectionAllowed":true,"isAllZonesAllowed":false,"zoneIds":[9876,9460]},"47":{"groupId":47,"isSelectionAllowed":true,"isAllZonesAllowed":false,"zoneIds":[9460,9023,7331]}}}'),
       (3, 6, true, true, '2020-11-26 16:05:13.000', '2021-04-07 10:48:51.000',
        '{"permissions":{"1":{"groupId":1,"isSelectionAllowed":true,"isAllZonesAllowed":true,"zoneIds":[]},"2":{"groupId":2,"isSelectionAllowed":true,"isAllZonesAllowed":true,"zoneIds":[]},"3":{"groupId":3,"isSelectionAllowed":true,"isAllZonesAllowed":true,"zoneIds":[]},"4":{"groupId":4,"isSelectionAllowed":true,"isAllZonesAllowed":true,"zoneIds":[]},"5":{"groupId":5,"isSelectionAllowed":true,"isAllZonesAllowed":true,"zoneIds":[]},"6":{"groupId":6,"isSelectionAllowed":true,"isAllZonesAllowed":true,"zoneIds":[]},"7":{"groupId":7,"isSelectionAllowed":true,"isAllZonesAllowed":true,"zoneIds":[]},"34":{"groupId":34,"isSelectionAllowed":true,"isAllZonesAllowed":false,"zoneIds":[9460]},"35":{"groupId":35,"isSelectionAllowed":true,"isAllZonesAllowed":false,"zoneIds":[9460]},"36":{"groupId":36,"isSelectionAllowed":true,"isAllZonesAllowed":false,"zoneIds":[9460]},"37":{"groupId":37,"isSelectionAllowed":true,"isAllZonesAllowed":true,"zoneIds":[]},"38":{"groupId":38,"isSelectionAllowed":true,"isAllZonesAllowed":false,"zoneIds":[9460,6344]},"45":{"groupId":45,"isSelectionAllowed":true,"isAllZonesAllowed":true,"zoneIds":[]},"46":{"groupId":46,"isSelectionAllowed":true,"isAllZonesAllowed":false,"zoneIds":[9876,9460]},"47":{"groupId":47,"isSelectionAllowed":true,"isAllZonesAllowed":false,"zoneIds":[9460,9023,7331]}}}');

INSERT INTO timetable_weekday_settings (timetable_setting_id, weekday, is_enabled, are_additional_shifts_allowed,
                                        created_at, updated_at, permissions)
VALUES (4, 0, true, true, '2020-11-26 16:05:13.000', '2021-04-07 10:48:51.000',
        '{"permissions":{"1":{"groupId":1,"isSelectionAllowed":true,"isAllZonesAllowed":true,"zoneIds":[]},"2":{"groupId":2,"isSelectionAllowed":true,"isAllZonesAllowed":true,"zoneIds":[]},"3":{"groupId":3,"isSelectionAllowed":true,"isAllZonesAllowed":true,"zoneIds":[]},"4":{"groupId":4,"isSelectionAllowed":true,"isAllZonesAllowed":true,"zoneIds":[]},"5":{"groupId":5,"isSelectionAllowed":true,"isAllZonesAllowed":true,"zoneIds":[]},"6":{"groupId":6,"isSelectionAllowed":true,"isAllZonesAllowed":true,"zoneIds":[]},"7":{"groupId":7,"isSelectionAllowed":true,"isAllZonesAllowed":true,"zoneIds":[]},"34":{"groupId":34,"isSelectionAllowed":true,"isAllZonesAllowed":false,"zoneIds":[9460]},"35":{"groupId":35,"isSelectionAllowed":true,"isAllZonesAllowed":false,"zoneIds":[9460]},"36":{"groupId":36,"isSelectionAllowed":true,"isAllZonesAllowed":false,"zoneIds":[9460]},"37":{"groupId":37,"isSelectionAllowed":true,"isAllZonesAllowed":true,"zoneIds":[]},"38":{"groupId":38,"isSelectionAllowed":true,"isAllZonesAllowed":false,"zoneIds":[9460,6344]},"45":{"groupId":45,"isSelectionAllowed":true,"isAllZonesAllowed":true,"zoneIds":[]},"46":{"groupId":46,"isSelectionAllowed":true,"isAllZonesAllowed":false,"zoneIds":[9876,9460]},"47":{"groupId":47,"isSelectionAllowed":true,"isAllZonesAllowed":false,"zoneIds":[9460,9023,7331]}}}'),
       (4, 1, true, true, '2020-11-26 16:05:13.000', '2021-04-07 10:48:51.000',
        '{"permissions":{"1":{"groupId":1,"isSelectionAllowed":true,"isAllZonesAllowed":true,"zoneIds":[]},"2":{"groupId":2,"isSelectionAllowed":true,"isAllZonesAllowed":true,"zoneIds":[]},"3":{"groupId":3,"isSelectionAllowed":true,"isAllZonesAllowed":true,"zoneIds":[]},"4":{"groupId":4,"isSelectionAllowed":true,"isAllZonesAllowed":true,"zoneIds":[]},"5":{"groupId":5,"isSelectionAllowed":true,"isAllZonesAllowed":true,"zoneIds":[]},"6":{"groupId":6,"isSelectionAllowed":true,"isAllZonesAllowed":true,"zoneIds":[]},"7":{"groupId":7,"isSelectionAllowed":true,"isAllZonesAllowed":true,"zoneIds":[]},"34":{"groupId":34,"isSelectionAllowed":true,"isAllZonesAllowed":false,"zoneIds":[9460]},"35":{"groupId":35,"isSelectionAllowed":true,"isAllZonesAllowed":false,"zoneIds":[9460]},"36":{"groupId":36,"isSelectionAllowed":true,"isAllZonesAllowed":false,"zoneIds":[9460]},"37":{"groupId":37,"isSelectionAllowed":true,"isAllZonesAllowed":true,"zoneIds":[]},"38":{"groupId":38,"isSelectionAllowed":true,"isAllZonesAllowed":false,"zoneIds":[9460,6344]},"45":{"groupId":45,"isSelectionAllowed":true,"isAllZonesAllowed":true,"zoneIds":[]},"46":{"groupId":46,"isSelectionAllowed":true,"isAllZonesAllowed":false,"zoneIds":[9876,9460]},"47":{"groupId":47,"isSelectionAllowed":true,"isAllZonesAllowed":false,"zoneIds":[9460,9023,7331]}}}'),
       (4, 2, true, true, '2020-11-26 16:05:13.000', '2021-04-07 10:48:51.000',
        '{"permissions":{"1":{"groupId":1,"isSelectionAllowed":true,"isAllZonesAllowed":true,"zoneIds":[]},"2":{"groupId":2,"isSelectionAllowed":true,"isAllZonesAllowed":true,"zoneIds":[]},"3":{"groupId":3,"isSelectionAllowed":true,"isAllZonesAllowed":true,"zoneIds":[]},"4":{"groupId":4,"isSelectionAllowed":true,"isAllZonesAllowed":true,"zoneIds":[]},"5":{"groupId":5,"isSelectionAllowed":true,"isAllZonesAllowed":true,"zoneIds":[]},"6":{"groupId":6,"isSelectionAllowed":true,"isAllZonesAllowed":true,"zoneIds":[]},"7":{"groupId":7,"isSelectionAllowed":true,"isAllZonesAllowed":true,"zoneIds":[]},"34":{"groupId":34,"isSelectionAllowed":true,"isAllZonesAllowed":false,"zoneIds":[9460]},"35":{"groupId":35,"isSelectionAllowed":true,"isAllZonesAllowed":false,"zoneIds":[9460]},"36":{"groupId":36,"isSelectionAllowed":true,"isAllZonesAllowed":false,"zoneIds":[9460]},"37":{"groupId":37,"isSelectionAllowed":true,"isAllZonesAllowed":true,"zoneIds":[]},"38":{"groupId":38,"isSelectionAllowed":true,"isAllZonesAllowed":false,"zoneIds":[9460,6344]},"45":{"groupId":45,"isSelectionAllowed":true,"isAllZonesAllowed":true,"zoneIds":[]},"46":{"groupId":46,"isSelectionAllowed":true,"isAllZonesAllowed":false,"zoneIds":[9876,9460]},"47":{"groupId":47,"isSelectionAllowed":true,"isAllZonesAllowed":false,"zoneIds":[9460,9023,7331]}}}'),
       (4, 3, true, true, '2020-11-26 16:05:13.000', '2021-04-07 10:48:51.000',
        '{"permissions":{"1":{"groupId":1,"isSelectionAllowed":true,"isAllZonesAllowed":true,"zoneIds":[]},"2":{"groupId":2,"isSelectionAllowed":true,"isAllZonesAllowed":true,"zoneIds":[]},"3":{"groupId":3,"isSelectionAllowed":true,"isAllZonesAllowed":true,"zoneIds":[]},"4":{"groupId":4,"isSelectionAllowed":true,"isAllZonesAllowed":true,"zoneIds":[]},"5":{"groupId":5,"isSelectionAllowed":true,"isAllZonesAllowed":true,"zoneIds":[]},"6":{"groupId":6,"isSelectionAllowed":true,"isAllZonesAllowed":true,"zoneIds":[]},"7":{"groupId":7,"isSelectionAllowed":true,"isAllZonesAllowed":true,"zoneIds":[]},"34":{"groupId":34,"isSelectionAllowed":true,"isAllZonesAllowed":false,"zoneIds":[9460]},"35":{"groupId":35,"isSelectionAllowed":true,"isAllZonesAllowed":false,"zoneIds":[9460]},"36":{"groupId":36,"isSelectionAllowed":true,"isAllZonesAllowed":false,"zoneIds":[9460]},"37":{"groupId":37,"isSelectionAllowed":true,"isAllZonesAllowed":true,"zoneIds":[]},"38":{"groupId":38,"isSelectionAllowed":true,"isAllZonesAllowed":false,"zoneIds":[9460,6344]},"45":{"groupId":45,"isSelectionAllowed":true,"isAllZonesAllowed":true,"zoneIds":[]},"46":{"groupId":46,"isSelectionAllowed":true,"isAllZonesAllowed":false,"zoneIds":[9876,9460]},"47":{"groupId":47,"isSelectionAllowed":true,"isAllZonesAllowed":false,"zoneIds":[9460,9023,7331]}}}'),
       (4, 4, true, true, '2020-11-26 16:05:13.000', '2021-04-07 10:48:51.000',
        '{"permissions":{"1":{"groupId":1,"isSelectionAllowed":true,"isAllZonesAllowed":true,"zoneIds":[]},"2":{"groupId":2,"isSelectionAllowed":true,"isAllZonesAllowed":true,"zoneIds":[]},"3":{"groupId":3,"isSelectionAllowed":true,"isAllZonesAllowed":true,"zoneIds":[]},"4":{"groupId":4,"isSelectionAllowed":true,"isAllZonesAllowed":true,"zoneIds":[]},"5":{"groupId":5,"isSelectionAllowed":true,"isAllZonesAllowed":true,"zoneIds":[]},"6":{"groupId":6,"isSelectionAllowed":true,"isAllZonesAllowed":true,"zoneIds":[]},"7":{"groupId":7,"isSelectionAllowed":true,"isAllZonesAllowed":true,"zoneIds":[]},"34":{"groupId":34,"isSelectionAllowed":true,"isAllZonesAllowed":false,"zoneIds":[9460]},"35":{"groupId":35,"isSelectionAllowed":true,"isAllZonesAllowed":false,"zoneIds":[9460]},"36":{"groupId":36,"isSelectionAllowed":true,"isAllZonesAllowed":false,"zoneIds":[9460]},"37":{"groupId":37,"isSelectionAllowed":true,"isAllZonesAllowed":true,"zoneIds":[]},"38":{"groupId":38,"isSelectionAllowed":true,"isAllZonesAllowed":false,"zoneIds":[9460,6344]},"45":{"groupId":45,"isSelectionAllowed":true,"isAllZonesAllowed":true,"zoneIds":[]},"46":{"groupId":46,"isSelectionAllowed":true,"isAllZonesAllowed":false,"zoneIds":[9876,9460]},"47":{"groupId":47,"isSelectionAllowed":true,"isAllZonesAllowed":false,"zoneIds":[9460,9023,7331]}}}'),
       (4, 5, true, true, '2020-11-26 16:05:13.000', '2021-04-07 10:48:51.000',
        '{"permissions":{"1":{"groupId":1,"isSelectionAllowed":true,"isAllZonesAllowed":true,"zoneIds":[]},"2":{"groupId":2,"isSelectionAllowed":true,"isAllZonesAllowed":true,"zoneIds":[]},"3":{"groupId":3,"isSelectionAllowed":true,"isAllZonesAllowed":true,"zoneIds":[]},"4":{"groupId":4,"isSelectionAllowed":true,"isAllZonesAllowed":true,"zoneIds":[]},"5":{"groupId":5,"isSelectionAllowed":true,"isAllZonesAllowed":true,"zoneIds":[]},"6":{"groupId":6,"isSelectionAllowed":true,"isAllZonesAllowed":true,"zoneIds":[]},"7":{"groupId":7,"isSelectionAllowed":true,"isAllZonesAllowed":true,"zoneIds":[]},"34":{"groupId":34,"isSelectionAllowed":true,"isAllZonesAllowed":false,"zoneIds":[9460]},"35":{"groupId":35,"isSelectionAllowed":true,"isAllZonesAllowed":false,"zoneIds":[9460]},"36":{"groupId":36,"isSelectionAllowed":true,"isAllZonesAllowed":false,"zoneIds":[9460]},"37":{"groupId":37,"isSelectionAllowed":true,"isAllZonesAllowed":true,"zoneIds":[]},"38":{"groupId":38,"isSelectionAllowed":true,"isAllZonesAllowed":false,"zoneIds":[9460,6344]},"45":{"groupId":45,"isSelectionAllowed":true,"isAllZonesAllowed":true,"zoneIds":[]},"46":{"groupId":46,"isSelectionAllowed":true,"isAllZonesAllowed":false,"zoneIds":[9876,9460]},"47":{"groupId":47,"isSelectionAllowed":true,"isAllZonesAllowed":false,"zoneIds":[9460,9023,7331]}}}'),
       (4, 6, true, true, '2020-11-26 16:05:13.000', '2021-04-07 10:48:51.000',
        '{"permissions":{"1":{"groupId":1,"isSelectionAllowed":true,"isAllZonesAllowed":true,"zoneIds":[]},"2":{"groupId":2,"isSelectionAllowed":true,"isAllZonesAllowed":true,"zoneIds":[]},"3":{"groupId":3,"isSelectionAllowed":true,"isAllZonesAllowed":true,"zoneIds":[]},"4":{"groupId":4,"isSelectionAllowed":true,"isAllZonesAllowed":true,"zoneIds":[]},"5":{"groupId":5,"isSelectionAllowed":true,"isAllZonesAllowed":true,"zoneIds":[]},"6":{"groupId":6,"isSelectionAllowed":true,"isAllZonesAllowed":true,"zoneIds":[]},"7":{"groupId":7,"isSelectionAllowed":true,"isAllZonesAllowed":true,"zoneIds":[]},"34":{"groupId":34,"isSelectionAllowed":true,"isAllZonesAllowed":false,"zoneIds":[9460]},"35":{"groupId":35,"isSelectionAllowed":true,"isAllZonesAllowed":false,"zoneIds":[9460]},"36":{"groupId":36,"isSelectionAllowed":true,"isAllZonesAllowed":false,"zoneIds":[9460]},"37":{"groupId":37,"isSelectionAllowed":true,"isAllZonesAllowed":true,"zoneIds":[]},"38":{"groupId":38,"isSelectionAllowed":true,"isAllZonesAllowed":false,"zoneIds":[9460,6344]},"45":{"groupId":45,"isSelectionAllowed":true,"isAllZonesAllowed":true,"zoneIds":[]},"46":{"groupId":46,"isSelectionAllowed":true,"isAllZonesAllowed":false,"zoneIds":[9876,9460]},"47":{"groupId":47,"isSelectionAllowed":true,"isAllZonesAllowed":false,"zoneIds":[9460,9023,7331]}}}');

INSERT INTO public.countries (code, "name", currency_code, created_at, updated_at)
VALUES ('KG', 'Киргизстан', 'RUB', '2020-10-12 10:52:37.000', '2020-10-12 10:52:37.000'),
       ('KZ', 'Казахстан', 'KZT', '2020-10-12 10:52:37.000', '2020-10-12 10:52:37.000'),
       ('TJ', 'Таджикистан', 'RUB', '2020-10-12 10:52:37.000', '2020-10-12 10:52:37.000'),
       ('UZ', 'Узбекистан', 'RUB', '2020-10-12 10:52:37.000', '2020-10-12 10:52:37.000'),
       ('BY', 'Белоруссия', 'BYN', '2020-10-12 10:52:37.000', '2020-10-12 10:52:37.000'),
       ('AM', 'Армения', 'RUB', '2020-10-12 10:52:37.000', '2020-10-12 10:52:37.000'),
       ('UA', 'Украина', 'RUB', '2020-10-12 10:52:37.000', '2020-10-12 10:52:37.000'),
       ('GE', 'Грузия', 'RUB', '2020-10-12 10:52:37.000', '2020-10-12 10:52:37.000'),
       ('TM', 'Туркмения', 'RUB', '2020-10-12 10:52:37.000', '2020-10-12 10:52:37.000'),
       ('AZ', 'Азербайджан', 'RUB', '2020-10-12 10:52:37.000', '2020-10-12 10:52:37.000'),
       ('GB', 'Великобритания', 'RUB', '2020-10-12 10:52:37.000', '2020-10-12 10:52:37.000');
INSERT INTO public.countries (code, "name", currency_code, created_at, updated_at)
VALUES ('MD', 'Молдова', 'RUB', '2020-10-12 10:52:37.000', '2020-10-12 10:52:37.000'),
       ('RU', 'Российская Федерация', 'RUB', '2020-10-12 10:52:37.000', '2020-10-12 10:52:37.000'),
       ('AB', 'Абхазия', 'RUB', '2020-10-12 10:52:37.000', '2020-10-12 10:52:37.000'),
       ('AF', 'Афганистан', 'RUB', '2020-10-12 10:52:37.000', '2020-10-12 10:52:37.000'),
       ('IL', 'Израиль', 'ILS', '2020-10-12 10:52:37.000', '2020-10-12 10:52:37.000'),
       ('LV', 'Латвия', 'RUB', '2020-10-12 10:52:37.000', '2020-10-12 10:52:37.000'),
       ('LT', 'Литва', 'RUB', '2020-10-12 10:52:37.000', '2020-10-12 10:52:37.000'),
       ('OS', 'Осетия', 'RUB', '2020-10-12 10:52:37.000', '2020-10-12 10:52:37.000'),
       ('EE', 'Эстония', 'RUB', '2020-10-12 10:52:37.000', '2020-10-12 10:52:37.000'),
       ('FR', 'Франция', 'EUR', '2021-04-14 10:50:52.000', '2021-04-14 10:50:52.000');

INSERT INTO public.currencies (code, "name", symbol, decimal_places, created_at, updated_at)
VALUES ('BYN', 'Belarusian Ruble', 'Br', 2, '2020-10-12 10:52:37.000', '2020-10-12 10:52:37.000'),
       ('KZT', 'Tenge', '₸', 2, '2020-10-12 10:52:37.000', '2020-10-12 10:52:37.000'),
       ('RUB', 'Rouble', '₽', 2, '2020-10-12 10:52:37.000', '2020-10-12 10:52:37.000'),
       ('ILS', 'Israeli new shekel', '₪', 2, '2020-10-12 10:52:37.000', '2020-10-12 10:52:37.000'),
       ('EUR', 'Euro', '€', 2, '2021-04-14 10:50:52.000', '2021-04-14 10:50:52.000');
