ALTER SEQUENCE alias_sequence RESTART WITH 3000000;


INSERT INTO eats_tips_partners.role (slug, title)
VALUES
('recipient', 'recipient'),
('admin', 'admin'),
('unknown', 'unknown role')
;


INSERT INTO eats_tips_partners.alias (alias, type)
VALUES
('0000100', NULL),
('0000110', NULL),
('0000120', NULL),
('0000140', NULL),
('0001000', NULL),
('0001010', NULL),
('0001020', NULL)
;

INSERT INTO eats_tips_partners.place (id, alias, deleted_at)
VALUES
('10000000-0000-0000-0000-000000000100', '0001000', null),
('10000000-0000-0000-0000-000000000101', '0001010', null),
('10000000-0000-0000-0000-000000000102', '0001020', null)
;

INSERT INTO eats_tips_partners.partner (id, alias, b2p_id, mysql_id, phone_id, deleted_at)
VALUES
('00000000-0000-0000-0000-000000000010', '0000100', '10', '10', NULL, NULL),
('00000000-0000-0000-0000-000000000011', '0000110', '11', '11', NULL, NULL),
('00000000-0000-0000-0000-000000000012', '0000120', '12', '12', NULL, NULL),
('00000000-0000-0000-0000-000000000100', NULL, '100', '100', NULL, NULL),
('00000000-0000-0000-0000-000000000014', '0000140', '14', '14', NULL, NULL)
;

INSERT INTO eats_tips_partners.places_partners (place_id, partner_id, alias, roles, confirmed, not_migrated, deleted_at )
VALUES
('10000000-0000-0000-0000-000000000100', '00000000-0000-0000-0000-000000000100', '0001000', '{admin}', true, true, null),
('10000000-0000-0000-0000-000000000100', '00000000-0000-0000-0000-000000000011', '0000110', '{recipient}', true, true, null),
('10000000-0000-0000-0000-000000000101', '00000000-0000-0000-0000-000000000010', '0000100', '{recipient}', true, true, null),
('10000000-0000-0000-0000-000000000100', '00000000-0000-0000-0000-000000000010', '0000100', '{recipient}', true, true, null),
('10000000-0000-0000-0000-000000000102', '00000000-0000-0000-0000-000000000012', '0000120', '{recipient}', true, true, null),
('10000000-0000-0000-0000-000000000100', '00000000-0000-0000-0000-000000000014', '0000140', '{recipient}', true, true, NOW())
;

INSERT INTO eats_tips_partners.place_invitation (id, place_id, phone_id, status, partner_id, role, created_at)
VALUES
('21112f1d-4d9b-4aac-80b2-2a037453a4c8', '10000000-0000-0000-0000-000000000101', 'phone-id', 'invited', '00000000-0000-0000-0000-000000000010', 'recipient', '2021-09-16T18:53:04+03:00'),
('21112f1d-4d9b-4aac-80b2-2a037453a4c9', '10000000-0000-0000-0000-000000000100', 'phone-id', 'invited', '00000000-0000-0000-0000-000000000100', 'admin', '2021-09-16T18:53:04+03:00'),
('21112f1d-4d9b-4aac-80b2-2a037453a4c6', '10000000-0000-0000-0000-000000000100', 'phone-id', 'invited', '00000000-0000-0000-0000-000000000011', 'recipient', '2021-09-16T18:53:04+03:00'),
('21112f1d-4d9b-4aac-80b2-2a037453a4ca', '10000000-0000-0000-0000-000000000100', 'phone-id', 'invited', '00000000-0000-0000-0000-000000000010', 'recipient', '2021-09-16T18:53:04+03:00'),
('21112f1d-4d9b-4aac-80b2-2a037453a4cb', '10000000-0000-0000-0000-000000000102', 'phone-id', 'invited', '00000000-0000-0000-0000-000000000012', 'recipient', '2021-09-16T18:53:04+03:00'),
('21112f1d-4d9b-4aac-80b2-2a037453a4cd', '10000000-0000-0000-0000-000000000100', 'phone-id', 'invited', '00000000-0000-0000-0000-000000000014', 'recipient', '2021-09-16T18:53:04+03:00')

;


