INSERT INTO services
  (id, name)
VALUES
  (1, 'service');

INSERT INTO feeds
  (feed_id, service_id, request_id, parent_feed_id, created, expire, payload, publish_at)
VALUES
  ('11111111111111111111111111111111', 1, 'req_1', NULL, '2018-12-01T00:00:00.0Z', '2018-12-02T00:00:00.0Z', '{}', '2018-12-01T00:00:00.0Z'),
  ('22222222222222222222222222222222', 1, 'req_1', NULL, '2018-12-01T00:00:00.0Z', '2018-12-02T00:00:00.0Z', '{}', '2018-12-01T00:00:00.0Z'),
  ('33333333333333333333333333333333', 1, 'req_2', '22222222222222222222222222222222', '2018-12-01T00:00:00.0Z', '2018-12-02T00:00:00.0Z', '{}', '2018-12-01T00:00:00.0Z'),
  ('44444444444444444444444444444444', 1, 'req_2', NULL, '2018-12-01T00:00:00.0Z', '2018-12-02T00:00:00.0Z', '{}', '2018-12-01T00:00:00.0Z'),
  ('55555555555555555555555555555555', 1, 'req_2', NULL, '2018-12-01T00:00:00.0Z', '2018-12-02T00:00:00.0Z', '{}', '2018-12-01T00:00:00.0Z'),
  ('66666666666666666666666666666666', 1, 'req_3', NULL, '2018-12-01T00:00:00.0Z', '2018-12-02T00:00:00.0Z', '{}', '2018-12-01T00:00:00.0Z'),
  ('77777777777777777777777777777777', 1, 'req_3', NULL, '2018-12-01T00:00:00.0Z', '2018-12-02T00:00:00.0Z', '{}', '2018-12-01T00:00:00.0Z'),
  ('88888888888888888888888888888888', 1, 'req_3', NULL, '2018-12-01T00:00:00.0Z', '2018-12-02T00:00:00.0Z', '{}', '2018-12-01T00:00:00.0Z');

INSERT INTO channels
  (id, name, service_id, etag, updated)
VALUES
  (1, 'user:1', 1, '358af30761eb454db8af9c8f9666e5a8', '2018-12-01T00:00:01.0Z'),
  (2, 'user:2', 1, '358af30761eb454db8af9c8f9666e5a8', '2018-12-01T00:00:01.0Z');

INSERT INTO feed_channel_status
  (feed_id, channel_id, created, status)
VALUES
  ('11111111111111111111111111111111', 1, '2018-12-01T00:00:00.0Z', 'published'),
  ('11111111111111111111111111111111', 2, '2018-12-01T00:00:00.0Z', 'published'),
  ('22222222222222222222222222222222', 1, '2018-12-01T00:00:00.0Z', 'read'),
  ('22222222222222222222222222222222', 2, '2018-12-01T00:00:00.0Z', 'published'),
  ('44444444444444444444444444444444', 1, '2018-12-01T00:00:00.0Z', 'published'),
  ('55555555555555555555555555555555', 2, '2018-12-01T00:00:00.0Z', 'published'),
  ('66666666666666666666666666666666', 1, '2018-12-01T00:00:00.0Z', 'published'),
  ('77777777777777777777777777777777', 1, '2018-12-01T00:00:00.0Z', 'published'),
  ('88888888888888888888888888888888', 1, '2018-12-01T00:00:00.0Z', 'published');
